ISO-10303-21;
HEADER;
/* Generated by software containing ST-Developer
 * from STEP Tools, Inc. (www.steptools.com) 
 */

FILE_DESCRIPTION(
/* description */ (''),
/* implementation_level */ '2;1');

FILE_NAME(
/* name */ 'Speaker 2040 8Ohm 2W.stp',
/* time_stamp */ '2025-09-28T21:25:48+07:00',
/* author */ ('naufal'),
/* organization */ (''),
/* preprocessor_version */ 'ST-DEVELOPER v20',
/* originating_system */ 'Autodesk Inventor 2025',
/* authorisation */ '');

FILE_SCHEMA (('AUTOMOTIVE_DESIGN { 1 0 10303 214 3 1 1 }'));
ENDSEC;

DATA;
#10=MECHANICAL_DESIGN_GEOMETRIC_PRESENTATION_REPRESENTATION('',(#13),#1901);
#11=SHAPE_REPRESENTATION_RELATIONSHIP('SRR','None',#1908,#12);
#12=ADVANCED_BREP_SHAPE_REPRESENTATION('',(#14),#1900);
#13=STYLED_ITEM('',(#1917),#14);
#14=MANIFOLD_SOLID_BREP('Solid1',#968);
#15=SPHERICAL_SURFACE('',#1063,30.5000000000002);
#16=FACE_BOUND('',#264,.T.);
#17=FACE_BOUND('',#265,.T.);
#18=FACE_BOUND('',#312,.T.);
#19=FACE_BOUND('',#313,.T.);
#20=FACE_BOUND('',#314,.T.);
#21=FACE_BOUND('',#315,.T.);
#22=FACE_BOUND('',#316,.T.);
#23=FACE_BOUND('',#318,.T.);
#24=FACE_BOUND('',#319,.T.);
#25=PLANE('',#1017);
#26=PLANE('',#1024);
#27=PLANE('',#1033);
#28=PLANE('',#1036);
#29=PLANE('',#1037);
#30=PLANE('',#1041);
#31=PLANE('',#1042);
#32=PLANE('',#1043);
#33=PLANE('',#1044);
#34=PLANE('',#1069);
#35=PLANE('',#1070);
#36=PLANE('',#1079);
#37=PLANE('',#1080);
#38=PLANE('',#1081);
#39=PLANE('',#1086);
#40=PLANE('',#1097);
#41=PLANE('',#1098);
#42=PLANE('',#1099);
#43=PLANE('',#1100);
#44=PLANE('',#1101);
#45=PLANE('',#1102);
#46=LINE('',#1424,#95);
#47=LINE('',#1425,#96);
#48=LINE('',#1449,#97);
#49=LINE('',#1450,#98);
#50=LINE('',#1453,#99);
#51=LINE('',#1455,#100);
#52=LINE('',#1456,#101);
#53=LINE('',#1463,#102);
#54=LINE('',#1466,#103);
#55=LINE('',#1469,#104);
#56=LINE('',#1472,#105);
#57=LINE('',#1475,#106);
#58=LINE('',#1477,#107);
#59=LINE('',#1492,#108);
#60=LINE('',#1495,#109);
#61=LINE('',#1518,#110);
#62=LINE('',#1522,#111);
#63=LINE('',#1526,#112);
#64=LINE('',#1528,#113);
#65=LINE('',#1529,#114);
#66=LINE('',#1535,#115);
#67=LINE('',#1537,#116);
#68=LINE('',#1538,#117);
#69=LINE('',#1540,#118);
#70=LINE('',#1825,#119);
#71=LINE('',#1826,#120);
#72=LINE('',#1829,#121);
#73=LINE('',#1830,#122);
#74=LINE('',#1833,#123);
#75=LINE('',#1840,#124);
#76=LINE('',#1844,#125);
#77=LINE('',#1846,#126);
#78=LINE('',#1848,#127);
#79=LINE('',#1854,#128);
#80=LINE('',#1859,#129);
#81=LINE('',#1865,#130);
#82=LINE('',#1869,#131);
#83=LINE('',#1873,#132);
#84=LINE('',#1878,#133);
#85=LINE('',#1880,#134);
#86=LINE('',#1881,#135);
#87=LINE('',#1882,#136);
#88=LINE('',#1885,#137);
#89=LINE('',#1886,#138);
#90=LINE('',#1889,#139);
#91=LINE('',#1891,#140);
#92=LINE('',#1892,#141);
#93=LINE('',#1894,#142);
#94=LINE('',#1895,#143);
#95=VECTOR('',#1143,10.);
#96=VECTOR('',#1144,10.);
#97=VECTOR('',#1159,10.);
#98=VECTOR('',#1160,10.);
#99=VECTOR('',#1163,10.);
#100=VECTOR('',#1164,10.);
#101=VECTOR('',#1165,10.);
#102=VECTOR('',#1172,10.);
#103=VECTOR('',#1175,10.);
#104=VECTOR('',#1178,10.);
#105=VECTOR('',#1181,10.);
#106=VECTOR('',#1184,10.);
#107=VECTOR('',#1185,10.);
#108=VECTOR('',#1186,10.);
#109=VECTOR('',#1189,10.);
#110=VECTOR('',#1206,10.);
#111=VECTOR('',#1211,7.5);
#112=VECTOR('',#1216,10.);
#113=VECTOR('',#1217,10.);
#114=VECTOR('',#1218,10.);
#115=VECTOR('',#1225,10.);
#116=VECTOR('',#1228,10.);
#117=VECTOR('',#1229,10.);
#118=VECTOR('',#1232,10.);
#119=VECTOR('',#1287,10.);
#120=VECTOR('',#1288,10.);
#121=VECTOR('',#1291,10.);
#122=VECTOR('',#1292,10.);
#123=VECTOR('',#1295,10.);
#124=VECTOR('',#1306,10.);
#125=VECTOR('',#1313,10.);
#126=VECTOR('',#1316,10.);
#127=VECTOR('',#1319,10.);
#128=VECTOR('',#1330,10.);
#129=VECTOR('',#1335,1.25);
#130=VECTOR('',#1342,1.25);
#131=VECTOR('',#1347,1.25);
#132=VECTOR('',#1352,1.25);
#133=VECTOR('',#1357,10.);
#134=VECTOR('',#1358,10.);
#135=VECTOR('',#1359,10.);
#136=VECTOR('',#1360,10.);
#137=VECTOR('',#1363,10.);
#138=VECTOR('',#1364,10.);
#139=VECTOR('',#1367,10.);
#140=VECTOR('',#1368,10.);
#141=VECTOR('',#1369,10.);
#142=VECTOR('',#1372,10.);
#143=VECTOR('',#1373,10.);
#144=CYLINDRICAL_SURFACE('',#1009,1.);
#145=CYLINDRICAL_SURFACE('',#1016,1.);
#146=CYLINDRICAL_SURFACE('',#1020,9.04602265680754);
#147=CYLINDRICAL_SURFACE('',#1022,9.04602265680754);
#148=CYLINDRICAL_SURFACE('',#1025,9.04602265680754);
#149=CYLINDRICAL_SURFACE('',#1034,7.5);
#150=CYLINDRICAL_SURFACE('',#1038,7.95198417695313);
#151=CYLINDRICAL_SURFACE('',#1071,9.49999999999999);
#152=CYLINDRICAL_SURFACE('',#1073,9.49999999999999);
#153=CYLINDRICAL_SURFACE('',#1075,9.49999999999999);
#154=CYLINDRICAL_SURFACE('',#1077,9.49999999999999);
#155=CYLINDRICAL_SURFACE('',#1082,9.49999999999999);
#156=CYLINDRICAL_SURFACE('',#1084,9.49999999999999);
#157=CYLINDRICAL_SURFACE('',#1087,1.25);
#158=CYLINDRICAL_SURFACE('',#1090,1.25);
#159=CYLINDRICAL_SURFACE('',#1093,1.25);
#160=CYLINDRICAL_SURFACE('',#1095,1.25);
#161=B_SPLINE_CURVE_WITH_KNOTS('',3,(#1394,#1395,#1396,#1397,#1398,#1399),
 .UNSPECIFIED.,.F.,.F.,(4,2,4),(0.953490502442129,1.01711870201854,1.04353799393766),
 .UNSPECIFIED.);
#162=B_SPLINE_CURVE_WITH_KNOTS('',3,(#1414,#1415,#1416,#1417,#1418,#1419),
 .UNSPECIFIED.,.F.,.F.,(4,2,4),(0.863443010946592,0.889862302865713,0.953490502442136),
 .UNSPECIFIED.);
#163=B_SPLINE_CURVE_WITH_KNOTS('',3,(#1428,#1429,#1430,#1431,#1432,#1433),
 .UNSPECIFIED.,.F.,.F.,(4,2,4),(0.953490502442136,1.01711870201856,1.04353799393768),
 .UNSPECIFIED.);
#164=B_SPLINE_CURVE_WITH_KNOTS('',3,(#1439,#1440,#1441,#1442,#1443,#1444),
 .UNSPECIFIED.,.F.,.F.,(4,2,4),(0.863443010946582,0.889862302865708,0.953490502442143),
 .UNSPECIFIED.);
#165=B_SPLINE_CURVE_WITH_KNOTS('',3,(#1479,#1480,#1481,#1482,#1483,#1484),
 .UNSPECIFIED.,.F.,.F.,(4,2,4),(1.50675538773435,1.69734053228751,1.7788489205092),
 .UNSPECIFIED.);
#166=B_SPLINE_CURVE_WITH_KNOTS('',3,(#1486,#1487,#1488,#1489,#1490,#1491),
 .UNSPECIFIED.,.F.,.F.,(4,2,4),(1.23466185495951,1.3161702431812,1.50675538773435),
 .UNSPECIFIED.);
#167=B_SPLINE_CURVE_WITH_KNOTS('',3,(#1506,#1507,#1508,#1509,#1510,#1511,
#1512,#1513,#1514,#1515),.UNSPECIFIED.,.F.,.F.,(4,2,2,2,4),(1.23466185495951,
1.3161702431812,1.50675538773436,1.69734053228752,1.7788489205092),
 .UNSPECIFIED.);
#168=B_SPLINE_CURVE_WITH_KNOTS('',3,(#1546,#1547,#1548,#1549,#1550,#1551,
#1552,#1553,#1554,#1555,#1556,#1557),.UNSPECIFIED.,.F.,.F.,(4,2,2,2,2,4),
(1.4968587964748,1.50248710157277,1.67480245040307,1.93128337482154,2.2276846244776,
2.46817148756467),.UNSPECIFIED.);
#169=B_SPLINE_CURVE_WITH_KNOTS('',3,(#1559,#1560,#1561,#1562,#1563,#1564,
#1565,#1566,#1567,#1568),.UNSPECIFIED.,.F.,.F.,(4,2,2,2,4),(0.524983477699877,
0.717827455744696,1.08666279545669,1.33228772126616,1.4968587964748),
 .UNSPECIFIED.);
#170=B_SPLINE_CURVE_WITH_KNOTS('',3,(#1570,#1571,#1572,#1573,#1574,#1575),
 .UNSPECIFIED.,.F.,.F.,(4,2,4),(0.,0.353781390050201,0.524983477699877),
 .UNSPECIFIED.);
#171=B_SPLINE_CURVE_WITH_KNOTS('',3,(#1577,#1578,#1579,#1580),
 .UNSPECIFIED.,.F.,.F.,(4,4),(7.6084837535744,7.61450224742489),
 .UNSPECIFIED.);
#172=B_SPLINE_CURVE_WITH_KNOTS('',3,(#1584,#1585,#1586,#1587),
 .UNSPECIFIED.,.F.,.F.,(4,4),(5.67463977141204,5.68065826526253),
 .UNSPECIFIED.);
#173=B_SPLINE_CURVE_WITH_KNOTS('',3,(#1588,#1589,#1590,#1591,#1592,#1593,
#1594,#1595),.UNSPECIFIED.,.F.,.F.,(4,2,2,4),(2.46817148756467,2.54845349286136,
2.78493056588422,2.99146528736962),.UNSPECIFIED.);
#174=B_SPLINE_CURVE_WITH_KNOTS('',3,(#1598,#1599,#1600,#1601,#1602,#1603,
#1604,#1605),.UNSPECIFIED.,.F.,.F.,(4,2,2,4),(0.228227700765847,0.240085199035663,
0.268926689974253,0.285930465998072),.UNSPECIFIED.);
#175=B_SPLINE_CURVE_WITH_KNOTS('',3,(#1608,#1609,#1610,#1611,#1612,#1613,
#1614,#1615),.UNSPECIFIED.,.F.,.F.,(4,2,2,4),(0.0714872964747151,0.0884910724985337,
0.117332563437123,0.12919006170694),.UNSPECIFIED.);
#176=B_SPLINE_CURVE_WITH_KNOTS('',3,(#1619,#1620,#1621,#1622,#1623,#1624,
#1625,#1626),.UNSPECIFIED.,.F.,.F.,(4,2,2,4),(0.0714872964747153,0.0884910724985338,
0.117332563437124,0.12919006170694),.UNSPECIFIED.);
#177=B_SPLINE_CURVE_WITH_KNOTS('',3,(#1630,#1631,#1632,#1633,#1634,#1635,
#1636,#1637),.UNSPECIFIED.,.F.,.F.,(4,2,2,4),(0.228227700765847,0.240085199035663,
0.268926689974253,0.285930465998071),.UNSPECIFIED.);
#178=B_SPLINE_CURVE_WITH_KNOTS('',3,(#1641,#1642,#1643,#1644,#1645,#1646),
 .UNSPECIFIED.,.F.,.F.,(4,2,4),(1.11387290355273,1.22975789762924,1.27012757821562),
 .UNSPECIFIED.);
#179=B_SPLINE_CURVE_WITH_KNOTS('',3,(#1648,#1649,#1650,#1651,#1652,#1653),
 .UNSPECIFIED.,.F.,.F.,(4,2,4),(0.938914831817601,0.985473676102361,1.11387290355273),
 .UNSPECIFIED.);
#180=B_SPLINE_CURVE_WITH_KNOTS('',3,(#1657,#1658,#1659,#1660,#1661,#1662),
 .UNSPECIFIED.,.F.,.F.,(4,2,4),(0.333743996127124,0.462143223577495,0.508702067862255),
 .UNSPECIFIED.);
#181=B_SPLINE_CURVE_WITH_KNOTS('',3,(#1663,#1664,#1665,#1666,#1667,#1668),
 .UNSPECIFIED.,.F.,.F.,(4,2,4),(0.177489321464239,0.217859002050619,0.333743996127124),
 .UNSPECIFIED.);
#182=B_SPLINE_CURVE_WITH_KNOTS('',3,(#1671,#1672,#1673,#1674,#1675,#1676),
 .UNSPECIFIED.,.F.,.F.,(4,2,4),(0.177489321464239,0.217859002050619,0.333743996127124),
 .UNSPECIFIED.);
#183=B_SPLINE_CURVE_WITH_KNOTS('',3,(#1678,#1679,#1680,#1681,#1682,#1683),
 .UNSPECIFIED.,.F.,.F.,(4,2,4),(1.11387290355273,1.22975789762924,1.27012757821562),
 .UNSPECIFIED.);
#184=B_SPLINE_CURVE_WITH_KNOTS('',3,(#1685,#1686,#1687,#1688,#1689,#1690),
 .UNSPECIFIED.,.F.,.F.,(4,2,4),(0.938914831817599,0.985473676102359,1.11387290355273),
 .UNSPECIFIED.);
#185=B_SPLINE_CURVE_WITH_KNOTS('',3,(#1693,#1694,#1695,#1696,#1697,#1698),
 .UNSPECIFIED.,.F.,.F.,(4,2,4),(0.333743996127124,0.462143223577495,0.508702067862255),
 .UNSPECIFIED.);
#186=B_SPLINE_CURVE_WITH_KNOTS('',3,(#1701,#1702,#1703,#1704,#1705,#1706,
#1707,#1708),.UNSPECIFIED.,.F.,.F.,(4,2,2,4),(0.326309570402026,0.358207603668939,
0.402820867215104,0.41313084233115),.UNSPECIFIED.);
#187=B_SPLINE_CURVE_WITH_KNOTS('',3,(#1711,#1712,#1713,#1714,#1715,#1716,
#1717,#1718),.UNSPECIFIED.,.F.,.F.,(4,2,2,4),(0.0559785245396538,0.0662884996556992,
0.110901763201865,0.142799796468778),.UNSPECIFIED.);
#188=B_SPLINE_CURVE_WITH_KNOTS('',3,(#1721,#1722,#1723,#1724,#1725,#1726,
#1727,#1728,#1729,#1730),.UNSPECIFIED.,.F.,.F.,(4,2,2,2,4),(2.72186859861545,
2.78172993166635,3.19480742427881,3.60788491689127,3.66774624994217),
 .UNSPECIFIED.);
#189=B_SPLINE_CURVE_WITH_KNOTS('',3,(#1734,#1735,#1736,#1737,#1738,#1739),
 .UNSPECIFIED.,.F.,.F.,(4,2,4),(3.19480742427881,3.60788491689127,3.66774624994218),
 .UNSPECIFIED.);
#190=B_SPLINE_CURVE_WITH_KNOTS('',3,(#1743,#1744,#1745,#1746,#1747,#1748),
 .UNSPECIFIED.,.F.,.F.,(4,2,4),(2.72186859861545,2.78172993166636,3.19480742427881),
 .UNSPECIFIED.);
#191=B_SPLINE_CURVE_WITH_KNOTS('',3,(#1752,#1753,#1754,#1755,#1756,#1757,
#1758,#1759,#1760,#1761,#1762,#1763),.UNSPECIFIED.,.F.,.F.,(4,2,2,2,2,4),
(1.49685879647486,1.50248710157282,1.67480245040309,1.93128337482152,2.22768462447751,
2.46817148756475),.UNSPECIFIED.);
#192=B_SPLINE_CURVE_WITH_KNOTS('',3,(#1765,#1766,#1767,#1768,#1769,#1770,
#1771,#1772,#1773,#1774),.UNSPECIFIED.,.F.,.F.,(4,2,2,2,4),(0.524983477699897,
0.717827455744731,1.08666279545674,1.33228772126621,1.49685879647486),
 .UNSPECIFIED.);
#193=B_SPLINE_CURVE_WITH_KNOTS('',3,(#1776,#1777,#1778,#1779,#1780,#1781),
 .UNSPECIFIED.,.F.,.F.,(4,2,4),(0.,0.353781390050209,0.524983477699897),
 .UNSPECIFIED.);
#194=B_SPLINE_CURVE_WITH_KNOTS('',3,(#1782,#1783,#1784,#1785),
 .UNSPECIFIED.,.F.,.F.,(4,4),(7.60848375357441,7.61450224742488),
 .UNSPECIFIED.);
#195=B_SPLINE_CURVE_WITH_KNOTS('',3,(#1787,#1788,#1789,#1790),
 .UNSPECIFIED.,.F.,.F.,(4,4),(5.67463977141206,5.68065826526253),
 .UNSPECIFIED.);
#196=B_SPLINE_CURVE_WITH_KNOTS('',3,(#1791,#1792,#1793,#1794,#1795,#1796,
#1797,#1798),.UNSPECIFIED.,.F.,.F.,(4,2,2,4),(2.46817148756475,2.54845349286128,
2.78493056588423,2.9914652873697),.UNSPECIFIED.);
#197=B_SPLINE_CURVE_WITH_KNOTS('',3,(#1807,#1808,#1809,#1810,#1811,#1812,
#1813,#1814),.UNSPECIFIED.,.F.,.F.,(4,2,2,4),(0.0559785245396539,0.0662884996556997,
0.110901763201865,0.142799796468778),.UNSPECIFIED.);
#198=B_SPLINE_CURVE_WITH_KNOTS('',3,(#1815,#1816,#1817,#1818,#1819,#1820,
#1821,#1822),.UNSPECIFIED.,.F.,.F.,(4,2,2,4),(0.326309570402025,0.358207603668938,
0.402820867215103,0.413130842331149),.UNSPECIFIED.);
#199=FACE_OUTER_BOUND('',#255,.T.);
#200=FACE_OUTER_BOUND('',#256,.T.);
#201=FACE_OUTER_BOUND('',#257,.T.);
#202=FACE_OUTER_BOUND('',#258,.T.);
#203=FACE_OUTER_BOUND('',#259,.T.);
#204=FACE_OUTER_BOUND('',#260,.T.);
#205=FACE_OUTER_BOUND('',#261,.T.);
#206=FACE_OUTER_BOUND('',#262,.T.);
#207=FACE_OUTER_BOUND('',#263,.T.);
#208=FACE_OUTER_BOUND('',#266,.T.);
#209=FACE_OUTER_BOUND('',#267,.T.);
#210=FACE_OUTER_BOUND('',#268,.T.);
#211=FACE_OUTER_BOUND('',#269,.T.);
#212=FACE_OUTER_BOUND('',#270,.T.);
#213=FACE_OUTER_BOUND('',#271,.T.);
#214=FACE_OUTER_BOUND('',#272,.T.);
#215=FACE_OUTER_BOUND('',#273,.T.);
#216=FACE_OUTER_BOUND('',#274,.T.);
#217=FACE_OUTER_BOUND('',#275,.T.);
#218=FACE_OUTER_BOUND('',#276,.T.);
#219=FACE_OUTER_BOUND('',#277,.T.);
#220=FACE_OUTER_BOUND('',#278,.T.);
#221=FACE_OUTER_BOUND('',#279,.T.);
#222=FACE_OUTER_BOUND('',#280,.T.);
#223=FACE_OUTER_BOUND('',#281,.T.);
#224=FACE_OUTER_BOUND('',#282,.T.);
#225=FACE_OUTER_BOUND('',#283,.T.);
#226=FACE_OUTER_BOUND('',#284,.T.);
#227=FACE_OUTER_BOUND('',#285,.T.);
#228=FACE_OUTER_BOUND('',#286,.T.);
#229=FACE_OUTER_BOUND('',#287,.T.);
#230=FACE_OUTER_BOUND('',#288,.T.);
#231=FACE_OUTER_BOUND('',#289,.T.);
#232=FACE_OUTER_BOUND('',#290,.T.);
#233=FACE_OUTER_BOUND('',#291,.T.);
#234=FACE_OUTER_BOUND('',#292,.T.);
#235=FACE_OUTER_BOUND('',#293,.T.);
#236=FACE_OUTER_BOUND('',#294,.T.);
#237=FACE_OUTER_BOUND('',#295,.T.);
#238=FACE_OUTER_BOUND('',#296,.T.);
#239=FACE_OUTER_BOUND('',#297,.T.);
#240=FACE_OUTER_BOUND('',#298,.T.);
#241=FACE_OUTER_BOUND('',#299,.T.);
#242=FACE_OUTER_BOUND('',#300,.T.);
#243=FACE_OUTER_BOUND('',#301,.T.);
#244=FACE_OUTER_BOUND('',#302,.T.);
#245=FACE_OUTER_BOUND('',#303,.T.);
#246=FACE_OUTER_BOUND('',#304,.T.);
#247=FACE_OUTER_BOUND('',#305,.T.);
#248=FACE_OUTER_BOUND('',#306,.T.);
#249=FACE_OUTER_BOUND('',#307,.T.);
#250=FACE_OUTER_BOUND('',#308,.T.);
#251=FACE_OUTER_BOUND('',#309,.T.);
#252=FACE_OUTER_BOUND('',#310,.T.);
#253=FACE_OUTER_BOUND('',#311,.T.);
#254=FACE_OUTER_BOUND('',#317,.T.);
#255=EDGE_LOOP('',(#609,#610,#611,#612,#613,#614));
#256=EDGE_LOOP('',(#615,#616,#617,#618));
#257=EDGE_LOOP('',(#619,#620,#621,#622));
#258=EDGE_LOOP('',(#623,#624,#625,#626));
#259=EDGE_LOOP('',(#627,#628,#629,#630));
#260=EDGE_LOOP('',(#631,#632,#633,#634));
#261=EDGE_LOOP('',(#635,#636,#637,#638));
#262=EDGE_LOOP('',(#639,#640,#641,#642));
#263=EDGE_LOOP('',(#643,#644,#645,#646));
#264=EDGE_LOOP('',(#647));
#265=EDGE_LOOP('',(#648));
#266=EDGE_LOOP('',(#649,#650,#651,#652,#653));
#267=EDGE_LOOP('',(#654,#655,#656,#657,#658));
#268=EDGE_LOOP('',(#659,#660,#661,#662,#663,#664,#665));
#269=EDGE_LOOP('',(#666,#667,#668,#669,#670,#671));
#270=EDGE_LOOP('',(#672,#673,#674,#675,#676,#677,#678,#679,#680));
#271=EDGE_LOOP('',(#681,#682,#683,#684));
#272=EDGE_LOOP('',(#685,#686,#687,#688,#689));
#273=EDGE_LOOP('',(#690));
#274=EDGE_LOOP('',(#691,#692,#693,#694));
#275=EDGE_LOOP('',(#695,#696,#697,#698));
#276=EDGE_LOOP('',(#699,#700,#701,#702));
#277=EDGE_LOOP('',(#703,#704,#705,#706,#707,#708));
#278=EDGE_LOOP('',(#709,#710,#711,#712,#713,#714,#715,#716));
#279=EDGE_LOOP('',(#717,#718,#719,#720));
#280=EDGE_LOOP('',(#721,#722,#723,#724,#725,#726,#727));
#281=EDGE_LOOP('',(#728,#729,#730,#731));
#282=EDGE_LOOP('',(#732,#733,#734,#735));
#283=EDGE_LOOP('',(#736,#737,#738,#739,#740,#741));
#284=EDGE_LOOP('',(#742,#743,#744,#745,#746,#747));
#285=EDGE_LOOP('',(#748,#749,#750,#751));
#286=EDGE_LOOP('',(#752,#753,#754,#755,#756,#757,#758,#759));
#287=EDGE_LOOP('',(#760,#761,#762,#763,#764,#765,#766));
#288=EDGE_LOOP('',(#767,#768,#769));
#289=EDGE_LOOP('',(#770,#771,#772,#773));
#290=EDGE_LOOP('',(#774,#775,#776,#777));
#291=EDGE_LOOP('',(#778,#779,#780,#781,#782));
#292=EDGE_LOOP('',(#783,#784,#785,#786,#787));
#293=EDGE_LOOP('',(#788,#789,#790));
#294=EDGE_LOOP('',(#791,#792,#793));
#295=EDGE_LOOP('',(#794,#795,#796));
#296=EDGE_LOOP('',(#797,#798,#799));
#297=EDGE_LOOP('',(#800,#801,#802,#803,#804,#805,#806));
#298=EDGE_LOOP('',(#807,#808,#809,#810,#811));
#299=EDGE_LOOP('',(#812,#813,#814,#815,#816));
#300=EDGE_LOOP('',(#817,#818,#819));
#301=EDGE_LOOP('',(#820,#821,#822));
#302=EDGE_LOOP('',(#823,#824,#825,#826,#827,#828));
#303=EDGE_LOOP('',(#829,#830,#831,#832));
#304=EDGE_LOOP('',(#833,#834,#835,#836));
#305=EDGE_LOOP('',(#837,#838,#839,#840));
#306=EDGE_LOOP('',(#841,#842,#843,#844));
#307=EDGE_LOOP('',(#845,#846,#847,#848,#849,#850,#851,#852));
#308=EDGE_LOOP('',(#853,#854,#855,#856));
#309=EDGE_LOOP('',(#857,#858,#859,#860,#861,#862,#863,#864));
#310=EDGE_LOOP('',(#865,#866,#867,#868));
#311=EDGE_LOOP('',(#869,#870,#871,#872));
#312=EDGE_LOOP('',(#873));
#313=EDGE_LOOP('',(#874));
#314=EDGE_LOOP('',(#875));
#315=EDGE_LOOP('',(#876));
#316=EDGE_LOOP('',(#877,#878,#879,#880,#881,#882,#883,#884,#885,#886,#887,
#888));
#317=EDGE_LOOP('',(#889,#890,#891,#892));
#318=EDGE_LOOP('',(#893));
#319=EDGE_LOOP('',(#894));
#320=CIRCLE('',#992,1.);
#321=CIRCLE('',#993,9.04602265680754);
#322=CIRCLE('',#994,9.04602265680754);
#323=CIRCLE('',#995,9.04602265680754);
#324=CIRCLE('',#996,1.);
#325=CIRCLE('',#997,10.0460226568075);
#326=CIRCLE('',#999,9.04602265680754);
#327=CIRCLE('',#1000,1.);
#328=CIRCLE('',#1002,1.);
#329=CIRCLE('',#1003,9.04602265680754);
#330=CIRCLE('',#1004,1.);
#331=CIRCLE('',#1005,10.0460226568075);
#332=CIRCLE('',#1007,1.);
#333=CIRCLE('',#1008,9.04602265680754);
#334=CIRCLE('',#1011,9.04602265680754);
#335=CIRCLE('',#1012,1.);
#336=CIRCLE('',#1014,1.);
#337=CIRCLE('',#1015,9.04602265680754);
#338=CIRCLE('',#1018,1.25);
#339=CIRCLE('',#1019,1.25);
#340=CIRCLE('',#1021,9.04602265680754);
#341=CIRCLE('',#1023,9.04602265680754);
#342=CIRCLE('',#1026,9.04602265680754);
#343=CIRCLE('',#1028,7.5);
#344=CIRCLE('',#1029,7.5);
#345=CIRCLE('',#1030,2.);
#346=CIRCLE('',#1031,9.5);
#347=CIRCLE('',#1032,9.5);
#348=CIRCLE('',#1035,7.5);
#349=CIRCLE('',#1039,7.95198417695313);
#350=CIRCLE('',#1040,7.95198417695313);
#351=CIRCLE('',#1046,13.747593363172);
#352=CIRCLE('',#1048,13.3220111340803);
#353=CIRCLE('',#1050,13.747593363172);
#354=CIRCLE('',#1051,13.3220111340803);
#355=CIRCLE('',#1053,11.1928123221973);
#356=CIRCLE('',#1055,11.1928123221973);
#357=CIRCLE('',#1057,10.7417052087536);
#358=CIRCLE('',#1059,10.7417052087536);
#359=CIRCLE('',#1060,7.81249999999998);
#360=CIRCLE('',#1061,5.62357631519493);
#361=CIRCLE('',#1064,5.36749350260342);
#362=CIRCLE('',#1065,30.5000000000002);
#363=CIRCLE('',#1067,0.500000000000033);
#364=CIRCLE('',#1072,9.49999999999999);
#365=CIRCLE('',#1074,9.49999999999999);
#366=CIRCLE('',#1076,9.49999999999999);
#367=CIRCLE('',#1078,9.49999999999999);
#368=CIRCLE('',#1083,9.49999999999999);
#369=CIRCLE('',#1085,9.49999999999999);
#370=CIRCLE('',#1088,1.25);
#371=CIRCLE('',#1089,1.25);
#372=CIRCLE('',#1091,1.25);
#373=CIRCLE('',#1092,1.25);
#374=CIRCLE('',#1094,1.25);
#375=CIRCLE('',#1096,1.25);
#376=VERTEX_POINT('',#1380);
#377=VERTEX_POINT('',#1381);
#378=VERTEX_POINT('',#1383);
#379=VERTEX_POINT('',#1385);
#380=VERTEX_POINT('',#1387);
#381=VERTEX_POINT('',#1389);
#382=VERTEX_POINT('',#1393);
#383=VERTEX_POINT('',#1400);
#384=VERTEX_POINT('',#1404);
#385=VERTEX_POINT('',#1405);
#386=VERTEX_POINT('',#1407);
#387=VERTEX_POINT('',#1409);
#388=VERTEX_POINT('',#1413);
#389=VERTEX_POINT('',#1420);
#390=VERTEX_POINT('',#1427);
#391=VERTEX_POINT('',#1434);
#392=VERTEX_POINT('',#1438);
#393=VERTEX_POINT('',#1445);
#394=VERTEX_POINT('',#1452);
#395=VERTEX_POINT('',#1454);
#396=VERTEX_POINT('',#1457);
#397=VERTEX_POINT('',#1459);
#398=VERTEX_POINT('',#1462);
#399=VERTEX_POINT('',#1464);
#400=VERTEX_POINT('',#1468);
#401=VERTEX_POINT('',#1470);
#402=VERTEX_POINT('',#1474);
#403=VERTEX_POINT('',#1476);
#404=VERTEX_POINT('',#1478);
#405=VERTEX_POINT('',#1485);
#406=VERTEX_POINT('',#1494);
#407=VERTEX_POINT('',#1498);
#408=VERTEX_POINT('',#1499);
#409=VERTEX_POINT('',#1503);
#410=VERTEX_POINT('',#1505);
#411=VERTEX_POINT('',#1520);
#412=VERTEX_POINT('',#1525);
#413=VERTEX_POINT('',#1527);
#414=VERTEX_POINT('',#1531);
#415=VERTEX_POINT('',#1533);
#416=VERTEX_POINT('',#1544);
#417=VERTEX_POINT('',#1545);
#418=VERTEX_POINT('',#1558);
#419=VERTEX_POINT('',#1569);
#420=VERTEX_POINT('',#1576);
#421=VERTEX_POINT('',#1581);
#422=VERTEX_POINT('',#1583);
#423=VERTEX_POINT('',#1597);
#424=VERTEX_POINT('',#1606);
#425=VERTEX_POINT('',#1617);
#426=VERTEX_POINT('',#1618);
#427=VERTEX_POINT('',#1627);
#428=VERTEX_POINT('',#1629);
#429=VERTEX_POINT('',#1640);
#430=VERTEX_POINT('',#1647);
#431=VERTEX_POINT('',#1654);
#432=VERTEX_POINT('',#1656);
#433=VERTEX_POINT('',#1670);
#434=VERTEX_POINT('',#1677);
#435=VERTEX_POINT('',#1684);
#436=VERTEX_POINT('',#1691);
#437=VERTEX_POINT('',#1700);
#438=VERTEX_POINT('',#1709);
#439=VERTEX_POINT('',#1720);
#440=VERTEX_POINT('',#1731);
#441=VERTEX_POINT('',#1733);
#442=VERTEX_POINT('',#1740);
#443=VERTEX_POINT('',#1750);
#444=VERTEX_POINT('',#1751);
#445=VERTEX_POINT('',#1764);
#446=VERTEX_POINT('',#1775);
#447=VERTEX_POINT('',#1786);
#448=VERTEX_POINT('',#1800);
#449=VERTEX_POINT('',#1802);
#450=VERTEX_POINT('',#1824);
#451=VERTEX_POINT('',#1828);
#452=VERTEX_POINT('',#1832);
#453=VERTEX_POINT('',#1838);
#454=VERTEX_POINT('',#1856);
#455=VERTEX_POINT('',#1858);
#456=VERTEX_POINT('',#1862);
#457=VERTEX_POINT('',#1864);
#458=VERTEX_POINT('',#1868);
#459=VERTEX_POINT('',#1872);
#460=VERTEX_POINT('',#1876);
#461=VERTEX_POINT('',#1877);
#462=VERTEX_POINT('',#1879);
#463=VERTEX_POINT('',#1884);
#464=VERTEX_POINT('',#1888);
#465=VERTEX_POINT('',#1890);
#466=EDGE_CURVE('',#376,#377,#320,.T.);
#467=EDGE_CURVE('',#377,#378,#321,.T.);
#468=EDGE_CURVE('',#379,#378,#322,.T.);
#469=EDGE_CURVE('',#379,#380,#323,.T.);
#470=EDGE_CURVE('',#380,#381,#324,.T.);
#471=EDGE_CURVE('',#381,#376,#325,.T.);
#472=EDGE_CURVE('',#382,#381,#161,.T.);
#473=EDGE_CURVE('',#380,#383,#326,.T.);
#474=EDGE_CURVE('',#383,#382,#327,.T.);
#475=EDGE_CURVE('',#384,#385,#328,.T.);
#476=EDGE_CURVE('',#385,#386,#329,.T.);
#477=EDGE_CURVE('',#386,#387,#330,.T.);
#478=EDGE_CURVE('',#387,#384,#331,.T.);
#479=EDGE_CURVE('',#384,#388,#162,.T.);
#480=EDGE_CURVE('',#388,#389,#332,.T.);
#481=EDGE_CURVE('',#389,#385,#333,.T.);
#482=EDGE_CURVE('',#388,#382,#46,.T.);
#483=EDGE_CURVE('',#383,#389,#47,.T.);
#484=EDGE_CURVE('',#390,#387,#163,.T.);
#485=EDGE_CURVE('',#386,#391,#334,.T.);
#486=EDGE_CURVE('',#391,#390,#335,.T.);
#487=EDGE_CURVE('',#376,#392,#164,.T.);
#488=EDGE_CURVE('',#392,#393,#336,.T.);
#489=EDGE_CURVE('',#393,#377,#337,.T.);
#490=EDGE_CURVE('',#392,#390,#48,.T.);
#491=EDGE_CURVE('',#391,#393,#49,.T.);
#492=EDGE_CURVE('',#381,#394,#50,.T.);
#493=EDGE_CURVE('',#394,#395,#51,.T.);
#494=EDGE_CURVE('',#395,#376,#52,.T.);
#495=EDGE_CURVE('',#396,#396,#338,.T.);
#496=EDGE_CURVE('',#397,#397,#339,.T.);
#497=EDGE_CURVE('',#379,#398,#53,.T.);
#498=EDGE_CURVE('',#399,#398,#340,.T.);
#499=EDGE_CURVE('',#383,#399,#54,.T.);
#500=EDGE_CURVE('',#393,#400,#55,.T.);
#501=EDGE_CURVE('',#401,#400,#341,.T.);
#502=EDGE_CURVE('',#378,#401,#56,.T.);
#503=EDGE_CURVE('',#391,#402,#57,.T.);
#504=EDGE_CURVE('',#403,#402,#58,.T.);
#505=EDGE_CURVE('',#403,#404,#165,.F.);
#506=EDGE_CURVE('',#404,#405,#166,.F.);
#507=EDGE_CURVE('',#400,#405,#59,.T.);
#508=EDGE_CURVE('',#389,#406,#60,.T.);
#509=EDGE_CURVE('',#402,#406,#342,.T.);
#510=EDGE_CURVE('',#407,#408,#343,.T.);
#511=EDGE_CURVE('',#408,#407,#344,.T.);
#512=EDGE_CURVE('',#407,#404,#345,.T.);
#513=EDGE_CURVE('',#403,#409,#346,.T.);
#514=EDGE_CURVE('',#410,#409,#167,.F.);
#515=EDGE_CURVE('',#410,#405,#347,.T.);
#516=EDGE_CURVE('',#406,#409,#61,.T.);
#517=EDGE_CURVE('',#411,#411,#348,.T.);
#518=EDGE_CURVE('',#411,#408,#62,.T.);
#519=EDGE_CURVE('',#378,#412,#63,.T.);
#520=EDGE_CURVE('',#413,#401,#64,.T.);
#521=EDGE_CURVE('',#412,#413,#65,.T.);
#522=EDGE_CURVE('',#412,#414,#349,.T.);
#523=EDGE_CURVE('',#415,#413,#350,.T.);
#524=EDGE_CURVE('',#414,#415,#66,.T.);
#525=EDGE_CURVE('',#414,#379,#67,.T.);
#526=EDGE_CURVE('',#398,#415,#68,.T.);
#527=EDGE_CURVE('',#410,#399,#69,.T.);
#528=EDGE_CURVE('',#416,#417,#168,.T.);
#529=EDGE_CURVE('',#418,#416,#169,.T.);
#530=EDGE_CURVE('',#419,#418,#170,.T.);
#531=EDGE_CURVE('',#420,#419,#171,.T.);
#532=EDGE_CURVE('',#421,#420,#351,.T.);
#533=EDGE_CURVE('',#422,#421,#172,.T.);
#534=EDGE_CURVE('',#417,#422,#173,.T.);
#535=EDGE_CURVE('',#423,#420,#174,.T.);
#536=EDGE_CURVE('',#424,#423,#352,.T.);
#537=EDGE_CURVE('',#421,#424,#175,.T.);
#538=EDGE_CURVE('',#425,#426,#176,.T.);
#539=EDGE_CURVE('',#425,#427,#353,.T.);
#540=EDGE_CURVE('',#428,#427,#177,.T.);
#541=EDGE_CURVE('',#426,#428,#354,.T.);
#542=EDGE_CURVE('',#429,#423,#178,.T.);
#543=EDGE_CURVE('',#430,#429,#179,.T.);
#544=EDGE_CURVE('',#431,#430,#355,.T.);
#545=EDGE_CURVE('',#432,#431,#180,.T.);
#546=EDGE_CURVE('',#424,#432,#181,.T.);
#547=EDGE_CURVE('',#426,#433,#182,.T.);
#548=EDGE_CURVE('',#434,#428,#183,.T.);
#549=EDGE_CURVE('',#435,#434,#184,.T.);
#550=EDGE_CURVE('',#436,#435,#356,.T.);
#551=EDGE_CURVE('',#433,#436,#185,.T.);
#552=EDGE_CURVE('',#437,#430,#186,.T.);
#553=EDGE_CURVE('',#438,#437,#357,.T.);
#554=EDGE_CURVE('',#431,#438,#187,.T.);
#555=EDGE_CURVE('',#439,#437,#188,.T.);
#556=EDGE_CURVE('',#439,#440,#358,.T.);
#557=EDGE_CURVE('',#441,#440,#189,.T.);
#558=EDGE_CURVE('',#441,#442,#359,.T.);
#559=EDGE_CURVE('',#442,#442,#360,.T.);
#560=EDGE_CURVE('',#438,#441,#190,.T.);
#561=EDGE_CURVE('',#443,#444,#191,.T.);
#562=EDGE_CURVE('',#445,#443,#192,.T.);
#563=EDGE_CURVE('',#446,#445,#193,.T.);
#564=EDGE_CURVE('',#427,#446,#194,.T.);
#565=EDGE_CURVE('',#447,#425,#195,.T.);
#566=EDGE_CURVE('',#444,#447,#196,.T.);
#567=EDGE_CURVE('',#448,#448,#361,.T.);
#568=EDGE_CURVE('',#448,#449,#362,.T.);
#569=EDGE_CURVE('',#448,#442,#363,.T.);
#570=EDGE_CURVE('',#436,#439,#197,.T.);
#571=EDGE_CURVE('',#440,#435,#198,.T.);
#572=EDGE_CURVE('',#450,#433,#70,.T.);
#573=EDGE_CURVE('',#450,#447,#71,.T.);
#574=EDGE_CURVE('',#451,#419,#72,.T.);
#575=EDGE_CURVE('',#429,#451,#73,.T.);
#576=EDGE_CURVE('',#452,#422,#74,.T.);
#577=EDGE_CURVE('',#417,#452,#364,.T.);
#578=EDGE_CURVE('',#418,#417,#365,.T.);
#579=EDGE_CURVE('',#453,#445,#366,.T.);
#580=EDGE_CURVE('',#453,#446,#75,.T.);
#581=EDGE_CURVE('',#444,#450,#367,.T.);
#582=EDGE_CURVE('',#432,#434,#76,.T.);
#583=EDGE_CURVE('',#434,#453,#77,.T.);
#584=EDGE_CURVE('',#452,#432,#78,.T.);
#585=EDGE_CURVE('',#451,#418,#368,.T.);
#586=EDGE_CURVE('',#445,#444,#369,.T.);
#587=EDGE_CURVE('',#433,#429,#79,.T.);
#588=EDGE_CURVE('',#454,#454,#370,.T.);
#589=EDGE_CURVE('',#454,#455,#80,.T.);
#590=EDGE_CURVE('',#455,#455,#371,.T.);
#591=EDGE_CURVE('',#456,#456,#372,.T.);
#592=EDGE_CURVE('',#456,#457,#81,.T.);
#593=EDGE_CURVE('',#457,#457,#373,.T.);
#594=EDGE_CURVE('',#397,#458,#82,.T.);
#595=EDGE_CURVE('',#458,#458,#374,.T.);
#596=EDGE_CURVE('',#396,#459,#83,.T.);
#597=EDGE_CURVE('',#459,#459,#375,.T.);
#598=EDGE_CURVE('',#460,#461,#84,.T.);
#599=EDGE_CURVE('',#460,#462,#85,.T.);
#600=EDGE_CURVE('',#387,#462,#86,.T.);
#601=EDGE_CURVE('',#461,#395,#87,.T.);
#602=EDGE_CURVE('',#461,#463,#88,.T.);
#603=EDGE_CURVE('',#463,#394,#89,.T.);
#604=EDGE_CURVE('',#463,#464,#90,.T.);
#605=EDGE_CURVE('',#465,#384,#91,.T.);
#606=EDGE_CURVE('',#464,#465,#92,.T.);
#607=EDGE_CURVE('',#464,#460,#93,.T.);
#608=EDGE_CURVE('',#462,#465,#94,.T.);
#609=ORIENTED_EDGE('',*,*,#466,.T.);
#610=ORIENTED_EDGE('',*,*,#467,.T.);
#611=ORIENTED_EDGE('',*,*,#468,.F.);
#612=ORIENTED_EDGE('',*,*,#469,.T.);
#613=ORIENTED_EDGE('',*,*,#470,.T.);
#614=ORIENTED_EDGE('',*,*,#471,.T.);
#615=ORIENTED_EDGE('',*,*,#472,.T.);
#616=ORIENTED_EDGE('',*,*,#470,.F.);
#617=ORIENTED_EDGE('',*,*,#473,.T.);
#618=ORIENTED_EDGE('',*,*,#474,.T.);
#619=ORIENTED_EDGE('',*,*,#475,.T.);
#620=ORIENTED_EDGE('',*,*,#476,.T.);
#621=ORIENTED_EDGE('',*,*,#477,.T.);
#622=ORIENTED_EDGE('',*,*,#478,.T.);
#623=ORIENTED_EDGE('',*,*,#479,.T.);
#624=ORIENTED_EDGE('',*,*,#480,.T.);
#625=ORIENTED_EDGE('',*,*,#481,.T.);
#626=ORIENTED_EDGE('',*,*,#475,.F.);
#627=ORIENTED_EDGE('',*,*,#482,.T.);
#628=ORIENTED_EDGE('',*,*,#474,.F.);
#629=ORIENTED_EDGE('',*,*,#483,.T.);
#630=ORIENTED_EDGE('',*,*,#480,.F.);
#631=ORIENTED_EDGE('',*,*,#484,.T.);
#632=ORIENTED_EDGE('',*,*,#477,.F.);
#633=ORIENTED_EDGE('',*,*,#485,.T.);
#634=ORIENTED_EDGE('',*,*,#486,.T.);
#635=ORIENTED_EDGE('',*,*,#487,.T.);
#636=ORIENTED_EDGE('',*,*,#488,.T.);
#637=ORIENTED_EDGE('',*,*,#489,.T.);
#638=ORIENTED_EDGE('',*,*,#466,.F.);
#639=ORIENTED_EDGE('',*,*,#490,.T.);
#640=ORIENTED_EDGE('',*,*,#486,.F.);
#641=ORIENTED_EDGE('',*,*,#491,.T.);
#642=ORIENTED_EDGE('',*,*,#488,.F.);
#643=ORIENTED_EDGE('',*,*,#471,.F.);
#644=ORIENTED_EDGE('',*,*,#492,.T.);
#645=ORIENTED_EDGE('',*,*,#493,.T.);
#646=ORIENTED_EDGE('',*,*,#494,.T.);
#647=ORIENTED_EDGE('',*,*,#495,.T.);
#648=ORIENTED_EDGE('',*,*,#496,.T.);
#649=ORIENTED_EDGE('',*,*,#469,.F.);
#650=ORIENTED_EDGE('',*,*,#497,.T.);
#651=ORIENTED_EDGE('',*,*,#498,.F.);
#652=ORIENTED_EDGE('',*,*,#499,.F.);
#653=ORIENTED_EDGE('',*,*,#473,.F.);
#654=ORIENTED_EDGE('',*,*,#467,.F.);
#655=ORIENTED_EDGE('',*,*,#489,.F.);
#656=ORIENTED_EDGE('',*,*,#500,.T.);
#657=ORIENTED_EDGE('',*,*,#501,.F.);
#658=ORIENTED_EDGE('',*,*,#502,.F.);
#659=ORIENTED_EDGE('',*,*,#491,.F.);
#660=ORIENTED_EDGE('',*,*,#503,.T.);
#661=ORIENTED_EDGE('',*,*,#504,.F.);
#662=ORIENTED_EDGE('',*,*,#505,.T.);
#663=ORIENTED_EDGE('',*,*,#506,.T.);
#664=ORIENTED_EDGE('',*,*,#507,.F.);
#665=ORIENTED_EDGE('',*,*,#500,.F.);
#666=ORIENTED_EDGE('',*,*,#485,.F.);
#667=ORIENTED_EDGE('',*,*,#476,.F.);
#668=ORIENTED_EDGE('',*,*,#481,.F.);
#669=ORIENTED_EDGE('',*,*,#508,.T.);
#670=ORIENTED_EDGE('',*,*,#509,.F.);
#671=ORIENTED_EDGE('',*,*,#503,.F.);
#672=ORIENTED_EDGE('',*,*,#510,.T.);
#673=ORIENTED_EDGE('',*,*,#511,.T.);
#674=ORIENTED_EDGE('',*,*,#512,.T.);
#675=ORIENTED_EDGE('',*,*,#505,.F.);
#676=ORIENTED_EDGE('',*,*,#513,.T.);
#677=ORIENTED_EDGE('',*,*,#514,.F.);
#678=ORIENTED_EDGE('',*,*,#515,.T.);
#679=ORIENTED_EDGE('',*,*,#506,.F.);
#680=ORIENTED_EDGE('',*,*,#512,.F.);
#681=ORIENTED_EDGE('',*,*,#513,.F.);
#682=ORIENTED_EDGE('',*,*,#504,.T.);
#683=ORIENTED_EDGE('',*,*,#509,.T.);
#684=ORIENTED_EDGE('',*,*,#516,.T.);
#685=ORIENTED_EDGE('',*,*,#517,.F.);
#686=ORIENTED_EDGE('',*,*,#518,.T.);
#687=ORIENTED_EDGE('',*,*,#510,.F.);
#688=ORIENTED_EDGE('',*,*,#511,.F.);
#689=ORIENTED_EDGE('',*,*,#518,.F.);
#690=ORIENTED_EDGE('',*,*,#517,.T.);
#691=ORIENTED_EDGE('',*,*,#519,.F.);
#692=ORIENTED_EDGE('',*,*,#502,.T.);
#693=ORIENTED_EDGE('',*,*,#520,.F.);
#694=ORIENTED_EDGE('',*,*,#521,.F.);
#695=ORIENTED_EDGE('',*,*,#522,.F.);
#696=ORIENTED_EDGE('',*,*,#521,.T.);
#697=ORIENTED_EDGE('',*,*,#523,.F.);
#698=ORIENTED_EDGE('',*,*,#524,.F.);
#699=ORIENTED_EDGE('',*,*,#525,.F.);
#700=ORIENTED_EDGE('',*,*,#524,.T.);
#701=ORIENTED_EDGE('',*,*,#526,.F.);
#702=ORIENTED_EDGE('',*,*,#497,.F.);
#703=ORIENTED_EDGE('',*,*,#483,.F.);
#704=ORIENTED_EDGE('',*,*,#499,.T.);
#705=ORIENTED_EDGE('',*,*,#527,.F.);
#706=ORIENTED_EDGE('',*,*,#514,.T.);
#707=ORIENTED_EDGE('',*,*,#516,.F.);
#708=ORIENTED_EDGE('',*,*,#508,.F.);
#709=ORIENTED_EDGE('',*,*,#515,.F.);
#710=ORIENTED_EDGE('',*,*,#527,.T.);
#711=ORIENTED_EDGE('',*,*,#498,.T.);
#712=ORIENTED_EDGE('',*,*,#526,.T.);
#713=ORIENTED_EDGE('',*,*,#523,.T.);
#714=ORIENTED_EDGE('',*,*,#520,.T.);
#715=ORIENTED_EDGE('',*,*,#501,.T.);
#716=ORIENTED_EDGE('',*,*,#507,.T.);
#717=ORIENTED_EDGE('',*,*,#525,.T.);
#718=ORIENTED_EDGE('',*,*,#468,.T.);
#719=ORIENTED_EDGE('',*,*,#519,.T.);
#720=ORIENTED_EDGE('',*,*,#522,.T.);
#721=ORIENTED_EDGE('',*,*,#528,.F.);
#722=ORIENTED_EDGE('',*,*,#529,.F.);
#723=ORIENTED_EDGE('',*,*,#530,.F.);
#724=ORIENTED_EDGE('',*,*,#531,.F.);
#725=ORIENTED_EDGE('',*,*,#532,.F.);
#726=ORIENTED_EDGE('',*,*,#533,.F.);
#727=ORIENTED_EDGE('',*,*,#534,.F.);
#728=ORIENTED_EDGE('',*,*,#535,.F.);
#729=ORIENTED_EDGE('',*,*,#536,.F.);
#730=ORIENTED_EDGE('',*,*,#537,.F.);
#731=ORIENTED_EDGE('',*,*,#532,.T.);
#732=ORIENTED_EDGE('',*,*,#538,.F.);
#733=ORIENTED_EDGE('',*,*,#539,.T.);
#734=ORIENTED_EDGE('',*,*,#540,.F.);
#735=ORIENTED_EDGE('',*,*,#541,.F.);
#736=ORIENTED_EDGE('',*,*,#542,.F.);
#737=ORIENTED_EDGE('',*,*,#543,.F.);
#738=ORIENTED_EDGE('',*,*,#544,.F.);
#739=ORIENTED_EDGE('',*,*,#545,.F.);
#740=ORIENTED_EDGE('',*,*,#546,.F.);
#741=ORIENTED_EDGE('',*,*,#536,.T.);
#742=ORIENTED_EDGE('',*,*,#547,.F.);
#743=ORIENTED_EDGE('',*,*,#541,.T.);
#744=ORIENTED_EDGE('',*,*,#548,.F.);
#745=ORIENTED_EDGE('',*,*,#549,.F.);
#746=ORIENTED_EDGE('',*,*,#550,.F.);
#747=ORIENTED_EDGE('',*,*,#551,.F.);
#748=ORIENTED_EDGE('',*,*,#552,.F.);
#749=ORIENTED_EDGE('',*,*,#553,.F.);
#750=ORIENTED_EDGE('',*,*,#554,.F.);
#751=ORIENTED_EDGE('',*,*,#544,.T.);
#752=ORIENTED_EDGE('',*,*,#555,.F.);
#753=ORIENTED_EDGE('',*,*,#556,.T.);
#754=ORIENTED_EDGE('',*,*,#557,.F.);
#755=ORIENTED_EDGE('',*,*,#558,.T.);
#756=ORIENTED_EDGE('',*,*,#559,.F.);
#757=ORIENTED_EDGE('',*,*,#558,.F.);
#758=ORIENTED_EDGE('',*,*,#560,.F.);
#759=ORIENTED_EDGE('',*,*,#553,.T.);
#760=ORIENTED_EDGE('',*,*,#561,.F.);
#761=ORIENTED_EDGE('',*,*,#562,.F.);
#762=ORIENTED_EDGE('',*,*,#563,.F.);
#763=ORIENTED_EDGE('',*,*,#564,.F.);
#764=ORIENTED_EDGE('',*,*,#539,.F.);
#765=ORIENTED_EDGE('',*,*,#565,.F.);
#766=ORIENTED_EDGE('',*,*,#566,.F.);
#767=ORIENTED_EDGE('',*,*,#567,.T.);
#768=ORIENTED_EDGE('',*,*,#568,.T.);
#769=ORIENTED_EDGE('',*,*,#568,.F.);
#770=ORIENTED_EDGE('',*,*,#567,.F.);
#771=ORIENTED_EDGE('',*,*,#569,.T.);
#772=ORIENTED_EDGE('',*,*,#559,.T.);
#773=ORIENTED_EDGE('',*,*,#569,.F.);
#774=ORIENTED_EDGE('',*,*,#570,.F.);
#775=ORIENTED_EDGE('',*,*,#550,.T.);
#776=ORIENTED_EDGE('',*,*,#571,.F.);
#777=ORIENTED_EDGE('',*,*,#556,.F.);
#778=ORIENTED_EDGE('',*,*,#547,.T.);
#779=ORIENTED_EDGE('',*,*,#572,.F.);
#780=ORIENTED_EDGE('',*,*,#573,.T.);
#781=ORIENTED_EDGE('',*,*,#565,.T.);
#782=ORIENTED_EDGE('',*,*,#538,.T.);
#783=ORIENTED_EDGE('',*,*,#542,.T.);
#784=ORIENTED_EDGE('',*,*,#535,.T.);
#785=ORIENTED_EDGE('',*,*,#531,.T.);
#786=ORIENTED_EDGE('',*,*,#574,.F.);
#787=ORIENTED_EDGE('',*,*,#575,.F.);
#788=ORIENTED_EDGE('',*,*,#534,.T.);
#789=ORIENTED_EDGE('',*,*,#576,.F.);
#790=ORIENTED_EDGE('',*,*,#577,.F.);
#791=ORIENTED_EDGE('',*,*,#529,.T.);
#792=ORIENTED_EDGE('',*,*,#528,.T.);
#793=ORIENTED_EDGE('',*,*,#578,.F.);
#794=ORIENTED_EDGE('',*,*,#563,.T.);
#795=ORIENTED_EDGE('',*,*,#579,.F.);
#796=ORIENTED_EDGE('',*,*,#580,.T.);
#797=ORIENTED_EDGE('',*,*,#566,.T.);
#798=ORIENTED_EDGE('',*,*,#573,.F.);
#799=ORIENTED_EDGE('',*,*,#581,.F.);
#800=ORIENTED_EDGE('',*,*,#545,.T.);
#801=ORIENTED_EDGE('',*,*,#554,.T.);
#802=ORIENTED_EDGE('',*,*,#560,.T.);
#803=ORIENTED_EDGE('',*,*,#557,.T.);
#804=ORIENTED_EDGE('',*,*,#571,.T.);
#805=ORIENTED_EDGE('',*,*,#549,.T.);
#806=ORIENTED_EDGE('',*,*,#582,.F.);
#807=ORIENTED_EDGE('',*,*,#564,.T.);
#808=ORIENTED_EDGE('',*,*,#580,.F.);
#809=ORIENTED_EDGE('',*,*,#583,.F.);
#810=ORIENTED_EDGE('',*,*,#548,.T.);
#811=ORIENTED_EDGE('',*,*,#540,.T.);
#812=ORIENTED_EDGE('',*,*,#533,.T.);
#813=ORIENTED_EDGE('',*,*,#537,.T.);
#814=ORIENTED_EDGE('',*,*,#546,.T.);
#815=ORIENTED_EDGE('',*,*,#584,.F.);
#816=ORIENTED_EDGE('',*,*,#576,.T.);
#817=ORIENTED_EDGE('',*,*,#530,.T.);
#818=ORIENTED_EDGE('',*,*,#585,.F.);
#819=ORIENTED_EDGE('',*,*,#574,.T.);
#820=ORIENTED_EDGE('',*,*,#561,.T.);
#821=ORIENTED_EDGE('',*,*,#586,.F.);
#822=ORIENTED_EDGE('',*,*,#562,.T.);
#823=ORIENTED_EDGE('',*,*,#543,.T.);
#824=ORIENTED_EDGE('',*,*,#587,.F.);
#825=ORIENTED_EDGE('',*,*,#551,.T.);
#826=ORIENTED_EDGE('',*,*,#570,.T.);
#827=ORIENTED_EDGE('',*,*,#555,.T.);
#828=ORIENTED_EDGE('',*,*,#552,.T.);
#829=ORIENTED_EDGE('',*,*,#588,.F.);
#830=ORIENTED_EDGE('',*,*,#589,.T.);
#831=ORIENTED_EDGE('',*,*,#590,.F.);
#832=ORIENTED_EDGE('',*,*,#589,.F.);
#833=ORIENTED_EDGE('',*,*,#591,.F.);
#834=ORIENTED_EDGE('',*,*,#592,.T.);
#835=ORIENTED_EDGE('',*,*,#593,.F.);
#836=ORIENTED_EDGE('',*,*,#592,.F.);
#837=ORIENTED_EDGE('',*,*,#496,.F.);
#838=ORIENTED_EDGE('',*,*,#594,.T.);
#839=ORIENTED_EDGE('',*,*,#595,.F.);
#840=ORIENTED_EDGE('',*,*,#594,.F.);
#841=ORIENTED_EDGE('',*,*,#495,.F.);
#842=ORIENTED_EDGE('',*,*,#596,.T.);
#843=ORIENTED_EDGE('',*,*,#597,.F.);
#844=ORIENTED_EDGE('',*,*,#596,.F.);
#845=ORIENTED_EDGE('',*,*,#598,.F.);
#846=ORIENTED_EDGE('',*,*,#599,.T.);
#847=ORIENTED_EDGE('',*,*,#600,.F.);
#848=ORIENTED_EDGE('',*,*,#484,.F.);
#849=ORIENTED_EDGE('',*,*,#490,.F.);
#850=ORIENTED_EDGE('',*,*,#487,.F.);
#851=ORIENTED_EDGE('',*,*,#494,.F.);
#852=ORIENTED_EDGE('',*,*,#601,.F.);
#853=ORIENTED_EDGE('',*,*,#602,.F.);
#854=ORIENTED_EDGE('',*,*,#601,.T.);
#855=ORIENTED_EDGE('',*,*,#493,.F.);
#856=ORIENTED_EDGE('',*,*,#603,.F.);
#857=ORIENTED_EDGE('',*,*,#604,.F.);
#858=ORIENTED_EDGE('',*,*,#603,.T.);
#859=ORIENTED_EDGE('',*,*,#492,.F.);
#860=ORIENTED_EDGE('',*,*,#472,.F.);
#861=ORIENTED_EDGE('',*,*,#482,.F.);
#862=ORIENTED_EDGE('',*,*,#479,.F.);
#863=ORIENTED_EDGE('',*,*,#605,.F.);
#864=ORIENTED_EDGE('',*,*,#606,.F.);
#865=ORIENTED_EDGE('',*,*,#607,.F.);
#866=ORIENTED_EDGE('',*,*,#606,.T.);
#867=ORIENTED_EDGE('',*,*,#608,.F.);
#868=ORIENTED_EDGE('',*,*,#599,.F.);
#869=ORIENTED_EDGE('',*,*,#607,.T.);
#870=ORIENTED_EDGE('',*,*,#598,.T.);
#871=ORIENTED_EDGE('',*,*,#602,.T.);
#872=ORIENTED_EDGE('',*,*,#604,.T.);
#873=ORIENTED_EDGE('',*,*,#597,.T.);
#874=ORIENTED_EDGE('',*,*,#595,.T.);
#875=ORIENTED_EDGE('',*,*,#593,.T.);
#876=ORIENTED_EDGE('',*,*,#590,.T.);
#877=ORIENTED_EDGE('',*,*,#572,.T.);
#878=ORIENTED_EDGE('',*,*,#587,.T.);
#879=ORIENTED_EDGE('',*,*,#575,.T.);
#880=ORIENTED_EDGE('',*,*,#585,.T.);
#881=ORIENTED_EDGE('',*,*,#578,.T.);
#882=ORIENTED_EDGE('',*,*,#577,.T.);
#883=ORIENTED_EDGE('',*,*,#584,.T.);
#884=ORIENTED_EDGE('',*,*,#582,.T.);
#885=ORIENTED_EDGE('',*,*,#583,.T.);
#886=ORIENTED_EDGE('',*,*,#579,.T.);
#887=ORIENTED_EDGE('',*,*,#586,.T.);
#888=ORIENTED_EDGE('',*,*,#581,.T.);
#889=ORIENTED_EDGE('',*,*,#478,.F.);
#890=ORIENTED_EDGE('',*,*,#600,.T.);
#891=ORIENTED_EDGE('',*,*,#608,.T.);
#892=ORIENTED_EDGE('',*,*,#605,.T.);
#893=ORIENTED_EDGE('',*,*,#591,.T.);
#894=ORIENTED_EDGE('',*,*,#588,.T.);
#895=TOROIDAL_SURFACE('',#991,10.0460226568075,1.);
#896=TOROIDAL_SURFACE('',#998,10.0460226568075,1.);
#897=TOROIDAL_SURFACE('',#1001,10.0460226568075,1.);
#898=TOROIDAL_SURFACE('',#1006,10.0460226568075,1.);
#899=TOROIDAL_SURFACE('',#1010,10.0460226568075,1.);
#900=TOROIDAL_SURFACE('',#1013,10.0460226568075,1.);
#901=TOROIDAL_SURFACE('',#1027,9.5,2.);
#902=TOROIDAL_SURFACE('',#1045,17.0073561242686,12.5515469824436);
#903=TOROIDAL_SURFACE('',#1047,13.6177383434817,0.499999999999987);
#904=TOROIDAL_SURFACE('',#1049,13.6177383434817,0.499999999999987);
#905=TOROIDAL_SURFACE('',#1052,12.25,1.8125);
#906=TOROIDAL_SURFACE('',#1054,12.25,1.8125);
#907=TOROIDAL_SURFACE('',#1056,10.9011743421138,0.500000000000041);
#908=TOROIDAL_SURFACE('',#1058,8.25000000000006,7.81249999999998);
#909=TOROIDAL_SURFACE('',#1062,17.0073561242686,12.5515469824436);
#910=TOROIDAL_SURFACE('',#1066,5.45548519936741,0.500000000000033);
#911=TOROIDAL_SURFACE('',#1068,10.9011743421138,0.500000000000041);
#912=ADVANCED_FACE('',(#199),#895,.F.);
#913=ADVANCED_FACE('',(#200),#896,.F.);
#914=ADVANCED_FACE('',(#201),#897,.F.);
#915=ADVANCED_FACE('',(#202),#898,.F.);
#916=ADVANCED_FACE('',(#203),#144,.F.);
#917=ADVANCED_FACE('',(#204),#899,.F.);
#918=ADVANCED_FACE('',(#205),#900,.F.);
#919=ADVANCED_FACE('',(#206),#145,.F.);
#920=ADVANCED_FACE('',(#207,#16,#17),#25,.F.);
#921=ADVANCED_FACE('',(#208),#146,.T.);
#922=ADVANCED_FACE('',(#209),#147,.T.);
#923=ADVANCED_FACE('',(#210),#26,.T.);
#924=ADVANCED_FACE('',(#211),#148,.T.);
#925=ADVANCED_FACE('',(#212),#901,.F.);
#926=ADVANCED_FACE('',(#213),#27,.T.);
#927=ADVANCED_FACE('',(#214),#149,.T.);
#928=ADVANCED_FACE('',(#215),#28,.T.);
#929=ADVANCED_FACE('',(#216),#29,.T.);
#930=ADVANCED_FACE('',(#217),#150,.T.);
#931=ADVANCED_FACE('',(#218),#30,.T.);
#932=ADVANCED_FACE('',(#219),#31,.T.);
#933=ADVANCED_FACE('',(#220),#32,.T.);
#934=ADVANCED_FACE('',(#221),#33,.T.);
#935=ADVANCED_FACE('',(#222),#902,.T.);
#936=ADVANCED_FACE('',(#223),#903,.F.);
#937=ADVANCED_FACE('',(#224),#904,.F.);
#938=ADVANCED_FACE('',(#225),#905,.T.);
#939=ADVANCED_FACE('',(#226),#906,.T.);
#940=ADVANCED_FACE('',(#227),#907,.F.);
#941=ADVANCED_FACE('',(#228),#908,.T.);
#942=ADVANCED_FACE('',(#229),#909,.T.);
#943=ADVANCED_FACE('',(#230),#15,.T.);
#944=ADVANCED_FACE('',(#231),#910,.F.);
#945=ADVANCED_FACE('',(#232),#911,.F.);
#946=ADVANCED_FACE('',(#233),#34,.T.);
#947=ADVANCED_FACE('',(#234),#35,.T.);
#948=ADVANCED_FACE('',(#235),#151,.F.);
#949=ADVANCED_FACE('',(#236),#152,.F.);
#950=ADVANCED_FACE('',(#237),#153,.F.);
#951=ADVANCED_FACE('',(#238),#154,.F.);
#952=ADVANCED_FACE('',(#239),#36,.T.);
#953=ADVANCED_FACE('',(#240),#37,.T.);
#954=ADVANCED_FACE('',(#241),#38,.T.);
#955=ADVANCED_FACE('',(#242),#155,.F.);
#956=ADVANCED_FACE('',(#243),#156,.F.);
#957=ADVANCED_FACE('',(#244),#39,.T.);
#958=ADVANCED_FACE('',(#245),#157,.F.);
#959=ADVANCED_FACE('',(#246),#158,.F.);
#960=ADVANCED_FACE('',(#247),#159,.F.);
#961=ADVANCED_FACE('',(#248),#160,.F.);
#962=ADVANCED_FACE('',(#249),#40,.T.);
#963=ADVANCED_FACE('',(#250),#41,.T.);
#964=ADVANCED_FACE('',(#251),#42,.T.);
#965=ADVANCED_FACE('',(#252),#43,.T.);
#966=ADVANCED_FACE('',(#253,#18,#19,#20,#21,#22),#44,.T.);
#967=ADVANCED_FACE('',(#254,#23,#24),#45,.F.);
#968=CLOSED_SHELL('',(#912,#913,#914,#915,#916,#917,#918,#919,#920,#921,
#922,#923,#924,#925,#926,#927,#928,#929,#930,#931,#932,#933,#934,#935,#936,
#937,#938,#939,#940,#941,#942,#943,#944,#945,#946,#947,#948,#949,#950,#951,
#952,#953,#954,#955,#956,#957,#958,#959,#960,#961,#962,#963,#964,#965,#966,
#967));
#969=DERIVED_UNIT_ELEMENT(#972,1.);
#970=DERIVED_UNIT_ELEMENT(#1903,-3.);
#971=DIMENSIONAL_EXPONENTS(0.,1.,0.,0.,0.,0.,0.);
#972=(
CONVERSION_BASED_UNIT('gram',#974)
MASS_UNIT()
NAMED_UNIT(#971)
);
#973=(
MASS_UNIT()
NAMED_UNIT(*)
SI_UNIT(.KILO.,.GRAM.)
);
#974=MASS_MEASURE_WITH_UNIT(MASS_MEASURE(0.001),#973);
#975=DERIVED_UNIT((#969,#970));
#976=MEASURE_REPRESENTATION_ITEM('density measure',
POSITIVE_RATIO_MEASURE(1.),#975);
#977=PROPERTY_DEFINITION_REPRESENTATION(#982,#979);
#978=PROPERTY_DEFINITION_REPRESENTATION(#983,#980);
#979=REPRESENTATION('material name',(#981),#1900);
#980=REPRESENTATION('density',(#976),#1900);
#981=DESCRIPTIVE_REPRESENTATION_ITEM('Generic','Generic');
#982=PROPERTY_DEFINITION('material property','material name',#1910);
#983=PROPERTY_DEFINITION('material property','density of part',#1910);
#984=DATE_TIME_ROLE('creation_date');
#985=APPLIED_DATE_AND_TIME_ASSIGNMENT(#986,#984,(#1910));
#986=DATE_AND_TIME(#987,#988);
#987=CALENDAR_DATE(2025,27,9);
#988=LOCAL_TIME(0,0,0.,#989);
#989=COORDINATED_UNIVERSAL_TIME_OFFSET(0,0,.BEHIND.);
#990=AXIS2_PLACEMENT_3D('',#1378,#1103,#1104);
#991=AXIS2_PLACEMENT_3D('',#1379,#1105,#1106);
#992=AXIS2_PLACEMENT_3D('',#1382,#1107,#1108);
#993=AXIS2_PLACEMENT_3D('',#1384,#1109,#1110);
#994=AXIS2_PLACEMENT_3D('',#1386,#1111,#1112);
#995=AXIS2_PLACEMENT_3D('',#1388,#1113,#1114);
#996=AXIS2_PLACEMENT_3D('',#1390,#1115,#1116);
#997=AXIS2_PLACEMENT_3D('',#1391,#1117,#1118);
#998=AXIS2_PLACEMENT_3D('',#1392,#1119,#1120);
#999=AXIS2_PLACEMENT_3D('',#1401,#1121,#1122);
#1000=AXIS2_PLACEMENT_3D('',#1402,#1123,#1124);
#1001=AXIS2_PLACEMENT_3D('',#1403,#1125,#1126);
#1002=AXIS2_PLACEMENT_3D('',#1406,#1127,#1128);
#1003=AXIS2_PLACEMENT_3D('',#1408,#1129,#1130);
#1004=AXIS2_PLACEMENT_3D('',#1410,#1131,#1132);
#1005=AXIS2_PLACEMENT_3D('',#1411,#1133,#1134);
#1006=AXIS2_PLACEMENT_3D('',#1412,#1135,#1136);
#1007=AXIS2_PLACEMENT_3D('',#1421,#1137,#1138);
#1008=AXIS2_PLACEMENT_3D('',#1422,#1139,#1140);
#1009=AXIS2_PLACEMENT_3D('',#1423,#1141,#1142);
#1010=AXIS2_PLACEMENT_3D('',#1426,#1145,#1146);
#1011=AXIS2_PLACEMENT_3D('',#1435,#1147,#1148);
#1012=AXIS2_PLACEMENT_3D('',#1436,#1149,#1150);
#1013=AXIS2_PLACEMENT_3D('',#1437,#1151,#1152);
#1014=AXIS2_PLACEMENT_3D('',#1446,#1153,#1154);
#1015=AXIS2_PLACEMENT_3D('',#1447,#1155,#1156);
#1016=AXIS2_PLACEMENT_3D('',#1448,#1157,#1158);
#1017=AXIS2_PLACEMENT_3D('',#1451,#1161,#1162);
#1018=AXIS2_PLACEMENT_3D('',#1458,#1166,#1167);
#1019=AXIS2_PLACEMENT_3D('',#1460,#1168,#1169);
#1020=AXIS2_PLACEMENT_3D('',#1461,#1170,#1171);
#1021=AXIS2_PLACEMENT_3D('',#1465,#1173,#1174);
#1022=AXIS2_PLACEMENT_3D('',#1467,#1176,#1177);
#1023=AXIS2_PLACEMENT_3D('',#1471,#1179,#1180);
#1024=AXIS2_PLACEMENT_3D('',#1473,#1182,#1183);
#1025=AXIS2_PLACEMENT_3D('',#1493,#1187,#1188);
#1026=AXIS2_PLACEMENT_3D('',#1496,#1190,#1191);
#1027=AXIS2_PLACEMENT_3D('',#1497,#1192,#1193);
#1028=AXIS2_PLACEMENT_3D('',#1500,#1194,#1195);
#1029=AXIS2_PLACEMENT_3D('',#1501,#1196,#1197);
#1030=AXIS2_PLACEMENT_3D('',#1502,#1198,#1199);
#1031=AXIS2_PLACEMENT_3D('',#1504,#1200,#1201);
#1032=AXIS2_PLACEMENT_3D('',#1516,#1202,#1203);
#1033=AXIS2_PLACEMENT_3D('',#1517,#1204,#1205);
#1034=AXIS2_PLACEMENT_3D('',#1519,#1207,#1208);
#1035=AXIS2_PLACEMENT_3D('',#1521,#1209,#1210);
#1036=AXIS2_PLACEMENT_3D('',#1523,#1212,#1213);
#1037=AXIS2_PLACEMENT_3D('',#1524,#1214,#1215);
#1038=AXIS2_PLACEMENT_3D('',#1530,#1219,#1220);
#1039=AXIS2_PLACEMENT_3D('',#1532,#1221,#1222);
#1040=AXIS2_PLACEMENT_3D('',#1534,#1223,#1224);
#1041=AXIS2_PLACEMENT_3D('',#1536,#1226,#1227);
#1042=AXIS2_PLACEMENT_3D('',#1539,#1230,#1231);
#1043=AXIS2_PLACEMENT_3D('',#1541,#1233,#1234);
#1044=AXIS2_PLACEMENT_3D('',#1542,#1235,#1236);
#1045=AXIS2_PLACEMENT_3D('',#1543,#1237,#1238);
#1046=AXIS2_PLACEMENT_3D('',#1582,#1239,#1240);
#1047=AXIS2_PLACEMENT_3D('',#1596,#1241,#1242);
#1048=AXIS2_PLACEMENT_3D('',#1607,#1243,#1244);
#1049=AXIS2_PLACEMENT_3D('',#1616,#1245,#1246);
#1050=AXIS2_PLACEMENT_3D('',#1628,#1247,#1248);
#1051=AXIS2_PLACEMENT_3D('',#1638,#1249,#1250);
#1052=AXIS2_PLACEMENT_3D('',#1639,#1251,#1252);
#1053=AXIS2_PLACEMENT_3D('',#1655,#1253,#1254);
#1054=AXIS2_PLACEMENT_3D('',#1669,#1255,#1256);
#1055=AXIS2_PLACEMENT_3D('',#1692,#1257,#1258);
#1056=AXIS2_PLACEMENT_3D('',#1699,#1259,#1260);
#1057=AXIS2_PLACEMENT_3D('',#1710,#1261,#1262);
#1058=AXIS2_PLACEMENT_3D('',#1719,#1263,#1264);
#1059=AXIS2_PLACEMENT_3D('',#1732,#1265,#1266);
#1060=AXIS2_PLACEMENT_3D('',#1741,#1267,#1268);
#1061=AXIS2_PLACEMENT_3D('',#1742,#1269,#1270);
#1062=AXIS2_PLACEMENT_3D('',#1749,#1271,#1272);
#1063=AXIS2_PLACEMENT_3D('',#1799,#1273,#1274);
#1064=AXIS2_PLACEMENT_3D('',#1801,#1275,#1276);
#1065=AXIS2_PLACEMENT_3D('',#1803,#1277,#1278);
#1066=AXIS2_PLACEMENT_3D('',#1804,#1279,#1280);
#1067=AXIS2_PLACEMENT_3D('',#1805,#1281,#1282);
#1068=AXIS2_PLACEMENT_3D('',#1806,#1283,#1284);
#1069=AXIS2_PLACEMENT_3D('',#1823,#1285,#1286);
#1070=AXIS2_PLACEMENT_3D('',#1827,#1289,#1290);
#1071=AXIS2_PLACEMENT_3D('',#1831,#1293,#1294);
#1072=AXIS2_PLACEMENT_3D('',#1834,#1296,#1297);
#1073=AXIS2_PLACEMENT_3D('',#1835,#1298,#1299);
#1074=AXIS2_PLACEMENT_3D('',#1836,#1300,#1301);
#1075=AXIS2_PLACEMENT_3D('',#1837,#1302,#1303);
#1076=AXIS2_PLACEMENT_3D('',#1839,#1304,#1305);
#1077=AXIS2_PLACEMENT_3D('',#1841,#1307,#1308);
#1078=AXIS2_PLACEMENT_3D('',#1842,#1309,#1310);
#1079=AXIS2_PLACEMENT_3D('',#1843,#1311,#1312);
#1080=AXIS2_PLACEMENT_3D('',#1845,#1314,#1315);
#1081=AXIS2_PLACEMENT_3D('',#1847,#1317,#1318);
#1082=AXIS2_PLACEMENT_3D('',#1849,#1320,#1321);
#1083=AXIS2_PLACEMENT_3D('',#1850,#1322,#1323);
#1084=AXIS2_PLACEMENT_3D('',#1851,#1324,#1325);
#1085=AXIS2_PLACEMENT_3D('',#1852,#1326,#1327);
#1086=AXIS2_PLACEMENT_3D('',#1853,#1328,#1329);
#1087=AXIS2_PLACEMENT_3D('',#1855,#1331,#1332);
#1088=AXIS2_PLACEMENT_3D('',#1857,#1333,#1334);
#1089=AXIS2_PLACEMENT_3D('',#1860,#1336,#1337);
#1090=AXIS2_PLACEMENT_3D('',#1861,#1338,#1339);
#1091=AXIS2_PLACEMENT_3D('',#1863,#1340,#1341);
#1092=AXIS2_PLACEMENT_3D('',#1866,#1343,#1344);
#1093=AXIS2_PLACEMENT_3D('',#1867,#1345,#1346);
#1094=AXIS2_PLACEMENT_3D('',#1870,#1348,#1349);
#1095=AXIS2_PLACEMENT_3D('',#1871,#1350,#1351);
#1096=AXIS2_PLACEMENT_3D('',#1874,#1353,#1354);
#1097=AXIS2_PLACEMENT_3D('',#1875,#1355,#1356);
#1098=AXIS2_PLACEMENT_3D('',#1883,#1361,#1362);
#1099=AXIS2_PLACEMENT_3D('',#1887,#1365,#1366);
#1100=AXIS2_PLACEMENT_3D('',#1893,#1370,#1371);
#1101=AXIS2_PLACEMENT_3D('',#1896,#1374,#1375);
#1102=AXIS2_PLACEMENT_3D('',#1897,#1376,#1377);
#1103=DIRECTION('axis',(0.,0.,1.));
#1104=DIRECTION('refdir',(1.,0.,0.));
#1105=DIRECTION('center_axis',(0.,0.,1.));
#1106=DIRECTION('ref_axis',(1.,0.,0.));
#1107=DIRECTION('center_axis',(-0.0956105459773737,0.995418818135316,2.21027378207798E-15));
#1108=DIRECTION('ref_axis',(0.,-2.22044604925031E-15,1.));
#1109=DIRECTION('center_axis',(0.,0.,1.));
#1110=DIRECTION('ref_axis',(-1.60812264967664E-16,-1.,0.));
#1111=DIRECTION('center_axis',(0.,0.,-1.));
#1112=DIRECTION('ref_axis',(1.,0.,0.));
#1113=DIRECTION('center_axis',(0.,0.,1.));
#1114=DIRECTION('ref_axis',(-1.60812264967664E-16,-1.,0.));
#1115=DIRECTION('center_axis',(0.0956105459773358,0.995418818135319,2.12298059082041E-16));
#1116=DIRECTION('ref_axis',(-0.995418818135319,0.0956105459773358,0.));
#1117=DIRECTION('center_axis',(0.,0.,-1.));
#1118=DIRECTION('ref_axis',(-1.60812264967664E-16,-1.,0.));
#1119=DIRECTION('center_axis',(0.,0.,1.));
#1120=DIRECTION('ref_axis',(1.,0.,0.));
#1121=DIRECTION('center_axis',(0.,0.,1.));
#1122=DIRECTION('ref_axis',(1.,0.,0.));
#1123=DIRECTION('center_axis',(0.,1.,0.));
#1124=DIRECTION('ref_axis',(-1.,0.,0.));
#1125=DIRECTION('center_axis',(0.,0.,1.));
#1126=DIRECTION('ref_axis',(1.,0.,0.));
#1127=DIRECTION('center_axis',(0.0956105459773559,-0.995418818135317,2.21027378207798E-15));
#1128=DIRECTION('ref_axis',(0.,2.22044604925031E-15,1.));
#1129=DIRECTION('center_axis',(0.,0.,1.));
#1130=DIRECTION('ref_axis',(-6.12323399573676E-17,1.,0.));
#1131=DIRECTION('center_axis',(-0.0956105459773537,-0.995418818135318,1.0614902954104E-16));
#1132=DIRECTION('ref_axis',(0.995418818135318,-0.0956105459773537,0.));
#1133=DIRECTION('center_axis',(0.,0.,-1.));
#1134=DIRECTION('ref_axis',(-6.12323399573676E-17,1.,0.));
#1135=DIRECTION('center_axis',(0.,0.,1.));
#1136=DIRECTION('ref_axis',(1.,0.,0.));
#1137=DIRECTION('center_axis',(0.,-1.,0.));
#1138=DIRECTION('ref_axis',(0.,0.,1.));
#1139=DIRECTION('center_axis',(0.,0.,1.));
#1140=DIRECTION('ref_axis',(1.,0.,0.));
#1141=DIRECTION('center_axis',(4.54698496376007E-16,1.,0.));
#1142=DIRECTION('ref_axis',(-0.707106781186548,0.,0.707106781186547));
#1143=DIRECTION('',(-4.54698496376007E-16,-1.,0.));
#1144=DIRECTION('',(4.54698496376007E-16,1.,0.));
#1145=DIRECTION('center_axis',(0.,0.,1.));
#1146=DIRECTION('ref_axis',(1.,0.,0.));
#1147=DIRECTION('center_axis',(0.,0.,1.));
#1148=DIRECTION('ref_axis',(-1.,0.,0.));
#1149=DIRECTION('center_axis',(0.,-1.,0.));
#1150=DIRECTION('ref_axis',(1.,0.,0.));
#1151=DIRECTION('center_axis',(0.,0.,1.));
#1152=DIRECTION('ref_axis',(1.,0.,0.));
#1153=DIRECTION('center_axis',(0.,1.,0.));
#1154=DIRECTION('ref_axis',(0.,0.,1.));
#1155=DIRECTION('center_axis',(0.,0.,1.));
#1156=DIRECTION('ref_axis',(-1.,4.9092206232301E-16,0.));
#1157=DIRECTION('center_axis',(0.,-1.,0.));
#1158=DIRECTION('ref_axis',(0.707106781186548,0.,0.707106781186547));
#1159=DIRECTION('',(0.,1.,0.));
#1160=DIRECTION('',(0.,-1.,0.));
#1161=DIRECTION('center_axis',(0.,0.,1.));
#1162=DIRECTION('ref_axis',(1.,0.,0.));
#1163=DIRECTION('',(4.44089209850063E-16,-1.,0.));
#1164=DIRECTION('',(-1.,0.,0.));
#1165=DIRECTION('',(-4.44089209850063E-16,1.,0.));
#1166=DIRECTION('center_axis',(0.,0.,1.));
#1167=DIRECTION('ref_axis',(-1.,0.,0.));
#1168=DIRECTION('center_axis',(0.,0.,1.));
#1169=DIRECTION('ref_axis',(-1.,0.,0.));
#1170=DIRECTION('center_axis',(0.,0.,-1.));
#1171=DIRECTION('ref_axis',(1.,0.,0.));
#1172=DIRECTION('',(0.,0.,-1.));
#1173=DIRECTION('center_axis',(0.,0.,-1.));
#1174=DIRECTION('ref_axis',(1.,0.,0.));
#1175=DIRECTION('',(0.,0.,-1.));
#1176=DIRECTION('center_axis',(0.,0.,-1.));
#1177=DIRECTION('ref_axis',(1.,0.,0.));
#1178=DIRECTION('',(0.,0.,-1.));
#1179=DIRECTION('center_axis',(0.,0.,-1.));
#1180=DIRECTION('ref_axis',(1.,0.,0.));
#1181=DIRECTION('',(0.,0.,-1.));
#1182=DIRECTION('center_axis',(-1.,0.,0.));
#1183=DIRECTION('ref_axis',(0.,1.,0.));
#1184=DIRECTION('',(0.,0.,-1.));
#1185=DIRECTION('',(0.,1.,0.));
#1186=DIRECTION('',(0.,1.,0.));
#1187=DIRECTION('center_axis',(0.,0.,-1.));
#1188=DIRECTION('ref_axis',(-1.,0.,0.));
#1189=DIRECTION('',(0.,0.,-1.));
#1190=DIRECTION('center_axis',(0.,0.,-1.));
#1191=DIRECTION('ref_axis',(-1.,0.,0.));
#1192=DIRECTION('center_axis',(0.,0.,1.));
#1193=DIRECTION('ref_axis',(1.,0.,0.));
#1194=DIRECTION('center_axis',(0.,0.,1.));
#1195=DIRECTION('ref_axis',(1.,0.,0.));
#1196=DIRECTION('center_axis',(0.,0.,1.));
#1197=DIRECTION('ref_axis',(1.,0.,0.));
#1198=DIRECTION('center_axis',(1.22464679914735E-16,-1.,0.));
#1199=DIRECTION('ref_axis',(-1.,-1.22464679914735E-16,0.));
#1200=DIRECTION('center_axis',(0.,0.,-1.));
#1201=DIRECTION('ref_axis',(1.,0.,0.));
#1202=DIRECTION('center_axis',(0.,0.,-1.));
#1203=DIRECTION('ref_axis',(1.,0.,0.));
#1204=DIRECTION('center_axis',(0.,0.,-1.));
#1205=DIRECTION('ref_axis',(-1.,0.,0.));
#1206=DIRECTION('',(-4.54698496376007E-16,-1.,0.));
#1207=DIRECTION('center_axis',(0.,0.,-1.));
#1208=DIRECTION('ref_axis',(-1.,0.,0.));
#1209=DIRECTION('center_axis',(0.,0.,-1.));
#1210=DIRECTION('ref_axis',(-1.,0.,0.));
#1211=DIRECTION('',(0.,0.,1.));
#1212=DIRECTION('center_axis',(0.,0.,-1.));
#1213=DIRECTION('ref_axis',(-1.,0.,0.));
#1214=DIRECTION('center_axis',(0.793166225384774,-0.609005204336441,0.));
#1215=DIRECTION('ref_axis',(-0.609005204336441,-0.793166225384774,0.));
#1216=DIRECTION('',(0.609005204336441,0.793166225384774,0.));
#1217=DIRECTION('',(-0.609005204336441,-0.793166225384774,0.));
#1218=DIRECTION('',(0.,0.,-1.));
#1219=DIRECTION('center_axis',(0.,0.,-1.));
#1220=DIRECTION('ref_axis',(0.50800947896114,-0.861351478367356,0.));
#1221=DIRECTION('center_axis',(0.,0.,1.));
#1222=DIRECTION('ref_axis',(-0.50800947896114,0.861351478367356,0.));
#1223=DIRECTION('center_axis',(0.,0.,-1.));
#1224=DIRECTION('ref_axis',(0.50800947896114,-0.861351478367356,0.));
#1225=DIRECTION('',(0.,0.,-1.));
#1226=DIRECTION('center_axis',(-0.847063869458411,-0.531491110986951,0.));
#1227=DIRECTION('ref_axis',(-0.531491110986951,0.847063869458411,0.));
#1228=DIRECTION('',(0.531491110986951,-0.847063869458411,0.));
#1229=DIRECTION('',(-0.531491110986951,0.847063869458411,0.));
#1230=DIRECTION('center_axis',(1.,-4.54698496376007E-16,0.));
#1231=DIRECTION('ref_axis',(-4.54698496376007E-16,-1.,0.));
#1232=DIRECTION('',(-4.54698496376007E-16,-1.,0.));
#1233=DIRECTION('center_axis',(0.,0.,-1.));
#1234=DIRECTION('ref_axis',(-1.,0.,0.));
#1235=DIRECTION('center_axis',(0.,0.,-1.));
#1236=DIRECTION('ref_axis',(-1.,0.,0.));
#1237=DIRECTION('center_axis',(-3.94430452610437E-30,8.88178419699968E-15,
1.));
#1238=DIRECTION('ref_axis',(1.,0.,0.));
#1239=DIRECTION('center_axis',(-3.94430452610437E-30,8.88178419699968E-15,
1.));
#1240=DIRECTION('ref_axis',(1.,3.50324616081081E-44,3.94430452610436E-30));
#1241=DIRECTION('center_axis',(-3.94430452610437E-30,8.88178419699968E-15,
1.));
#1242=DIRECTION('ref_axis',(1.,0.,0.));
#1243=DIRECTION('center_axis',(-3.94430452610437E-30,8.88178419699968E-15,
1.));
#1244=DIRECTION('ref_axis',(1.,3.50324616081081E-44,3.94430452610437E-30));
#1245=DIRECTION('center_axis',(-3.94430452610437E-30,8.88178419699968E-15,
1.));
#1246=DIRECTION('ref_axis',(1.,0.,0.));
#1247=DIRECTION('center_axis',(-3.94430452610437E-30,8.88178419699968E-15,
1.));
#1248=DIRECTION('ref_axis',(1.,3.50324616081081E-44,3.94430452610436E-30));
#1249=DIRECTION('center_axis',(-3.94430452610437E-30,8.88178419699968E-15,
1.));
#1250=DIRECTION('ref_axis',(1.,3.50324616081081E-44,3.94430452610437E-30));
#1251=DIRECTION('center_axis',(-3.94430452610437E-30,8.88178419699968E-15,
1.));
#1252=DIRECTION('ref_axis',(1.,0.,0.));
#1253=DIRECTION('center_axis',(-3.94430452610437E-30,8.88178419699968E-15,
1.));
#1254=DIRECTION('ref_axis',(1.,3.50324616081081E-44,3.94430452610436E-30));
#1255=DIRECTION('center_axis',(-3.94430452610437E-30,8.88178419699968E-15,
1.));
#1256=DIRECTION('ref_axis',(1.,0.,0.));
#1257=DIRECTION('center_axis',(-3.94430452610437E-30,8.88178419699968E-15,
1.));
#1258=DIRECTION('ref_axis',(1.,3.50324616081081E-44,3.94430452610436E-30));
#1259=DIRECTION('center_axis',(-3.94430452610437E-30,8.88178419699968E-15,
1.));
#1260=DIRECTION('ref_axis',(1.,0.,0.));
#1261=DIRECTION('center_axis',(-3.94430452610437E-30,8.88178419699968E-15,
1.));
#1262=DIRECTION('ref_axis',(1.,3.50324616081081E-44,3.94430452610437E-30));
#1263=DIRECTION('center_axis',(-3.94430452610437E-30,8.88178419699968E-15,
1.));
#1264=DIRECTION('ref_axis',(1.,0.,0.));
#1265=DIRECTION('center_axis',(-3.94430452610437E-30,8.88178419699968E-15,
1.));
#1266=DIRECTION('ref_axis',(1.,3.50324616081081E-44,3.94430452610437E-30));
#1267=DIRECTION('center_axis',(-1.22464679914735E-16,1.,-8.88178419699968E-15));
#1268=DIRECTION('ref_axis',(-1.,-1.22464679914735E-16,0.));
#1269=DIRECTION('center_axis',(-3.94430452610437E-30,8.88178419699968E-15,
1.));
#1270=DIRECTION('ref_axis',(1.,3.50324616081081E-44,3.94430452610436E-30));
#1271=DIRECTION('center_axis',(-3.94430452610437E-30,8.88178419699968E-15,
1.));
#1272=DIRECTION('ref_axis',(1.,0.,0.));
#1273=DIRECTION('center_axis',(6.12323399573677E-17,0.,1.));
#1274=DIRECTION('ref_axis',(1.,0.,0.));
#1275=DIRECTION('center_axis',(-3.94430452610437E-30,8.88178419699968E-15,
1.));
#1276=DIRECTION('ref_axis',(1.,3.50324616081081E-44,3.94430452610437E-30));
#1277=DIRECTION('center_axis',(-1.22464679914735E-16,1.,0.));
#1278=DIRECTION('ref_axis',(-1.,-1.22464679914735E-16,0.));
#1279=DIRECTION('center_axis',(-3.94430452610437E-30,8.88178419699968E-15,
1.));
#1280=DIRECTION('ref_axis',(1.,0.,0.));
#1281=DIRECTION('center_axis',(-1.22464679914735E-16,1.,-8.88178419699968E-15));
#1282=DIRECTION('ref_axis',(-1.,-1.22464679914735E-16,0.));
#1283=DIRECTION('center_axis',(-3.94430452610437E-30,8.88178419699968E-15,
1.));
#1284=DIRECTION('ref_axis',(1.,0.,0.));
#1285=DIRECTION('center_axis',(-1.,0.,0.));
#1286=DIRECTION('ref_axis',(0.,1.,0.));
#1287=DIRECTION('',(0.,-1.,0.));
#1288=DIRECTION('',(0.,0.,-1.));
#1289=DIRECTION('center_axis',(-1.,0.,0.));
#1290=DIRECTION('ref_axis',(0.,1.,0.));
#1291=DIRECTION('',(0.,0.,-1.));
#1292=DIRECTION('',(0.,-1.,0.));
#1293=DIRECTION('center_axis',(0.,0.,-1.));
#1294=DIRECTION('ref_axis',(1.,0.,0.));
#1295=DIRECTION('',(0.,0.,-1.));
#1296=DIRECTION('center_axis',(0.,0.,-1.));
#1297=DIRECTION('ref_axis',(1.,0.,0.));
#1298=DIRECTION('center_axis',(0.,0.,-1.));
#1299=DIRECTION('ref_axis',(1.,0.,0.));
#1300=DIRECTION('center_axis',(0.,0.,-1.));
#1301=DIRECTION('ref_axis',(1.,0.,0.));
#1302=DIRECTION('center_axis',(0.,0.,-1.));
#1303=DIRECTION('ref_axis',(-1.,0.,0.));
#1304=DIRECTION('center_axis',(0.,0.,-1.));
#1305=DIRECTION('ref_axis',(-1.,0.,0.));
#1306=DIRECTION('',(0.,0.,-1.));
#1307=DIRECTION('center_axis',(0.,0.,-1.));
#1308=DIRECTION('ref_axis',(-1.,0.,0.));
#1309=DIRECTION('center_axis',(0.,0.,-1.));
#1310=DIRECTION('ref_axis',(-1.,0.,0.));
#1311=DIRECTION('center_axis',(1.,8.88178419700126E-16,0.));
#1312=DIRECTION('ref_axis',(8.88178419700126E-16,-1.,0.));
#1313=DIRECTION('',(-8.88178419700126E-16,1.,0.));
#1314=DIRECTION('center_axis',(1.,8.88178419700126E-16,0.));
#1315=DIRECTION('ref_axis',(8.88178419700126E-16,-1.,0.));
#1316=DIRECTION('',(-8.88178419700126E-16,1.,0.));
#1317=DIRECTION('center_axis',(1.,8.88178419700126E-16,0.));
#1318=DIRECTION('ref_axis',(8.88178419700126E-16,-1.,0.));
#1319=DIRECTION('',(-8.88178419700126E-16,1.,0.));
#1320=DIRECTION('center_axis',(0.,0.,-1.));
#1321=DIRECTION('ref_axis',(1.,0.,0.));
#1322=DIRECTION('center_axis',(0.,0.,-1.));
#1323=DIRECTION('ref_axis',(1.,0.,0.));
#1324=DIRECTION('center_axis',(0.,0.,-1.));
#1325=DIRECTION('ref_axis',(-1.,0.,0.));
#1326=DIRECTION('center_axis',(0.,0.,-1.));
#1327=DIRECTION('ref_axis',(-1.,0.,0.));
#1328=DIRECTION('center_axis',(-1.,0.,0.));
#1329=DIRECTION('ref_axis',(0.,1.,0.));
#1330=DIRECTION('',(0.,-1.,0.));
#1331=DIRECTION('center_axis',(0.,0.,-1.));
#1332=DIRECTION('ref_axis',(-1.,0.,0.));
#1333=DIRECTION('center_axis',(0.,0.,1.));
#1334=DIRECTION('ref_axis',(-1.,0.,0.));
#1335=DIRECTION('',(0.,0.,1.));
#1336=DIRECTION('center_axis',(0.,0.,-1.));
#1337=DIRECTION('ref_axis',(-1.,0.,0.));
#1338=DIRECTION('center_axis',(0.,0.,-1.));
#1339=DIRECTION('ref_axis',(-1.,0.,0.));
#1340=DIRECTION('center_axis',(0.,0.,1.));
#1341=DIRECTION('ref_axis',(-1.,0.,0.));
#1342=DIRECTION('',(0.,0.,1.));
#1343=DIRECTION('center_axis',(0.,0.,-1.));
#1344=DIRECTION('ref_axis',(-1.,0.,0.));
#1345=DIRECTION('center_axis',(0.,0.,-1.));
#1346=DIRECTION('ref_axis',(-1.,0.,0.));
#1347=DIRECTION('',(0.,0.,1.));
#1348=DIRECTION('center_axis',(0.,0.,-1.));
#1349=DIRECTION('ref_axis',(-1.,0.,0.));
#1350=DIRECTION('center_axis',(0.,0.,-1.));
#1351=DIRECTION('ref_axis',(-1.,0.,0.));
#1352=DIRECTION('',(0.,0.,1.));
#1353=DIRECTION('center_axis',(0.,0.,-1.));
#1354=DIRECTION('ref_axis',(-1.,0.,0.));
#1355=DIRECTION('center_axis',(-1.,-4.44089209850063E-16,0.));
#1356=DIRECTION('ref_axis',(-4.44089209850063E-16,1.,0.));
#1357=DIRECTION('',(4.44089209850063E-16,-1.,0.));
#1358=DIRECTION('',(0.,0.,-1.));
#1359=DIRECTION('',(-4.44089209850063E-16,1.,0.));
#1360=DIRECTION('',(0.,0.,-1.));
#1361=DIRECTION('center_axis',(0.,-1.,0.));
#1362=DIRECTION('ref_axis',(-1.,0.,0.));
#1363=DIRECTION('',(1.,0.,0.));
#1364=DIRECTION('',(0.,0.,-1.));
#1365=DIRECTION('center_axis',(1.,4.44089209850063E-16,0.));
#1366=DIRECTION('ref_axis',(4.44089209850063E-16,-1.,0.));
#1367=DIRECTION('',(-4.44089209850063E-16,1.,0.));
#1368=DIRECTION('',(4.44089209850063E-16,-1.,0.));
#1369=DIRECTION('',(0.,0.,-1.));
#1370=DIRECTION('center_axis',(0.,1.,0.));
#1371=DIRECTION('ref_axis',(1.,0.,0.));
#1372=DIRECTION('',(-1.,0.,0.));
#1373=DIRECTION('',(1.,0.,0.));
#1374=DIRECTION('center_axis',(0.,0.,1.));
#1375=DIRECTION('ref_axis',(1.,0.,0.));
#1376=DIRECTION('center_axis',(0.,0.,1.));
#1377=DIRECTION('ref_axis',(1.,0.,0.));
#1378=CARTESIAN_POINT('',(0.,0.,0.));
#1379=CARTESIAN_POINT('Origin',(-1.77635683940025E-14,-9.76667425534718,
-2.));
#1380=CARTESIAN_POINT('',(-9.99999999999999,-10.7271799664656,-1.));
#1381=CARTESIAN_POINT('',(-9.00458118186467,-10.6315694204882,-2.));
#1382=CARTESIAN_POINT('Origin',(-9.99999999999999,-10.7271799664656,-2.));
#1383=CARTESIAN_POINT('',(-6.51962201060811,-16.0376434584505,-2.));
#1384=CARTESIAN_POINT('Origin',(-1.77635683940025E-14,-9.76667425534718,
-2.));
#1385=CARTESIAN_POINT('',(6.19343253581801,-16.3599981008553,-2.));
#1386=CARTESIAN_POINT('Origin',(-1.77635683940025E-14,-9.76667425534718,
-2.));
#1387=CARTESIAN_POINT('',(9.00458118186467,-10.6315694204879,-2.));
#1388=CARTESIAN_POINT('Origin',(-1.77635683940025E-14,-9.76667425534718,
-2.));
#1389=CARTESIAN_POINT('',(9.99999999999999,-10.7271799664652,-1.));
#1390=CARTESIAN_POINT('Origin',(9.99999999999999,-10.7271799664652,-2.));
#1391=CARTESIAN_POINT('Origin',(-1.77635683940025E-14,-9.76667425534718,
-1.));
#1392=CARTESIAN_POINT('Origin',(-1.77635683940025E-14,-9.76667425534718,
-2.));
#1393=CARTESIAN_POINT('',(9.99999999999999,-9.76667425534718,-1.00105960384997));
#1394=CARTESIAN_POINT('Ctrl Pts',(9.99999999999999,-9.76667425534718,-1.00105960384997));
#1395=CARTESIAN_POINT('Ctrl Pts',(9.99999999999999,-9.97876825393521,-1.00105960384997));
#1396=CARTESIAN_POINT('Ctrl Pts',(9.99999999999999,-10.2332806292664,-1.00059559453365));
#1397=CARTESIAN_POINT('Ctrl Pts',(9.99999999999999,-10.5334385694781,-1.00012764217184));
#1398=CARTESIAN_POINT('Ctrl Pts',(9.99999999999999,-10.6391156600682,-1.));
#1399=CARTESIAN_POINT('Ctrl Pts',(9.99999999999999,-10.7271799664652,-1.));
#1400=CARTESIAN_POINT('',(9.04602265680753,-9.76667425534718,-2.));
#1401=CARTESIAN_POINT('Origin',(-1.77635683940025E-14,-9.76667425534718,
-2.));
#1402=CARTESIAN_POINT('Origin',(10.0460226568075,-9.76667425534718,-2.));
#1403=CARTESIAN_POINT('Origin',(-8.88178419700125E-15,9.76667425534722,
-2.));
#1404=CARTESIAN_POINT('',(9.99999999999998,10.7271799664655,-1.));
#1405=CARTESIAN_POINT('',(9.00458118186466,10.6315694204881,-2.));
#1406=CARTESIAN_POINT('Origin',(9.99999999999998,10.7271799664655,-2.));
#1407=CARTESIAN_POINT('',(-9.00458118186468,10.6315694204881,-2.));
#1408=CARTESIAN_POINT('Origin',(-8.88178419700125E-15,9.76667425534722,
-2.));
#1409=CARTESIAN_POINT('',(-10.,10.7271799664655,-1.));
#1410=CARTESIAN_POINT('Origin',(-10.,10.7271799664655,-2.));
#1411=CARTESIAN_POINT('Origin',(-8.88178419700125E-15,9.76667425534722,
-1.));
#1412=CARTESIAN_POINT('Origin',(-8.88178419700125E-15,9.76667425534722,
-2.));
#1413=CARTESIAN_POINT('',(9.99999999999998,9.76667425534722,-1.00105960384997));
#1414=CARTESIAN_POINT('Ctrl Pts',(9.99999999999998,10.7271799664655,-1.));
#1415=CARTESIAN_POINT('Ctrl Pts',(9.99999999999998,10.6391156600684,-1.));
#1416=CARTESIAN_POINT('Ctrl Pts',(9.99999999999998,10.5334385694783,-1.00012764217184));
#1417=CARTESIAN_POINT('Ctrl Pts',(9.99999999999998,10.2332806292665,-1.00059559453365));
#1418=CARTESIAN_POINT('Ctrl Pts',(9.99999999999998,9.9787682539353,-1.00105960384997));
#1419=CARTESIAN_POINT('Ctrl Pts',(9.99999999999998,9.76667425534723,-1.00105960384997));
#1420=CARTESIAN_POINT('',(9.04602265680754,9.76667425534722,-2.));
#1421=CARTESIAN_POINT('Origin',(10.0460226568075,9.76667425534722,-2.));
#1422=CARTESIAN_POINT('Origin',(-8.88178419700125E-15,9.76667425534722,
-2.));
#1423=CARTESIAN_POINT('Origin',(10.0460226568075,4.88333712767362,-2.));
#1424=CARTESIAN_POINT('',(9.99999999999998,4.88333712767362,-1.00105960384997));
#1425=CARTESIAN_POINT('',(9.04602265680753,4.88333712767362,-2.));
#1426=CARTESIAN_POINT('Origin',(-8.88178419700125E-15,9.76667425534722,
-2.));
#1427=CARTESIAN_POINT('',(-10.,9.76667425534722,-1.00105960384997));
#1428=CARTESIAN_POINT('Ctrl Pts',(-10.,9.76667425534722,-1.00105960384997));
#1429=CARTESIAN_POINT('Ctrl Pts',(-10.,9.97876825393529,-1.00105960384997));
#1430=CARTESIAN_POINT('Ctrl Pts',(-10.,10.2332806292665,-1.00059559453365));
#1431=CARTESIAN_POINT('Ctrl Pts',(-10.,10.5334385694782,-1.00012764217184));
#1432=CARTESIAN_POINT('Ctrl Pts',(-10.,10.6391156600684,-1.));
#1433=CARTESIAN_POINT('Ctrl Pts',(-10.,10.7271799664655,-1.));
#1434=CARTESIAN_POINT('',(-9.04602265680755,9.76667425534722,-2.));
#1435=CARTESIAN_POINT('Origin',(-8.88178419700125E-15,9.76667425534722,
-2.));
#1436=CARTESIAN_POINT('Origin',(-10.0460226568076,9.76667425534722,-2.));
#1437=CARTESIAN_POINT('Origin',(-1.77635683940025E-14,-9.76667425534718,
-2.));
#1438=CARTESIAN_POINT('',(-9.99999999999999,-9.76667425534718,-1.00105960384997));
#1439=CARTESIAN_POINT('Ctrl Pts',(-9.99999999999999,-10.7271799664656,-1.));
#1440=CARTESIAN_POINT('Ctrl Pts',(-9.99999999999999,-10.6391156600685,-1.));
#1441=CARTESIAN_POINT('Ctrl Pts',(-9.99999999999999,-10.5334385694784,-1.00012764217184));
#1442=CARTESIAN_POINT('Ctrl Pts',(-9.99999999999999,-10.2332806292666,-1.00059559453365));
#1443=CARTESIAN_POINT('Ctrl Pts',(-9.99999999999999,-9.9787682539353,-1.00105960384997));
#1444=CARTESIAN_POINT('Ctrl Pts',(-9.99999999999999,-9.76667425534719,-1.00105960384997));
#1445=CARTESIAN_POINT('',(-9.04602265680755,-9.76667425534718,-2.));
#1446=CARTESIAN_POINT('Origin',(-10.0460226568076,-9.76667425534718,-2.));
#1447=CARTESIAN_POINT('Origin',(-1.77635683940025E-14,-9.76667425534718,
-2.));
#1448=CARTESIAN_POINT('Origin',(-10.0460226568076,-4.88333712767358,-2.));
#1449=CARTESIAN_POINT('',(-9.99999999999999,-4.88333712767358,-1.00105960384997));
#1450=CARTESIAN_POINT('',(-9.04602265680755,-4.88333712767358,-2.));
#1451=CARTESIAN_POINT('Origin',(-4.44089209850063E-15,1.77635683940025E-14,
-1.));
#1452=CARTESIAN_POINT('',(9.99999999999999,-20.,-1.));
#1453=CARTESIAN_POINT('',(9.99999999999999,-20.,-1.));
#1454=CARTESIAN_POINT('',(-9.99999999999998,-20.,-1.));
#1455=CARTESIAN_POINT('',(-9.99999999999998,-20.,-1.));
#1456=CARTESIAN_POINT('',(-10.,20.,-1.));
#1457=CARTESIAN_POINT('',(9.60000000000001,-18.,-1.));
#1458=CARTESIAN_POINT('Origin',(8.35000000000001,-18.,-1.));
#1459=CARTESIAN_POINT('',(-7.1,-18.,-1.));
#1460=CARTESIAN_POINT('Origin',(-8.35000000000001,-18.,-1.));
#1461=CARTESIAN_POINT('Origin',(-1.77635683940025E-14,-9.76667425534718,
-1.));
#1462=CARTESIAN_POINT('',(6.19343253581802,-16.3599981008553,-3.25));
#1463=CARTESIAN_POINT('',(6.19343253581801,-16.3599981008553,-1.));
#1464=CARTESIAN_POINT('',(9.04602265680753,-9.76667425534718,-3.25));
#1465=CARTESIAN_POINT('Origin',(-1.77635683940025E-14,-9.76667425534718,
-3.25));
#1466=CARTESIAN_POINT('',(9.04602265680753,-9.76667425534718,-1.));
#1467=CARTESIAN_POINT('Origin',(-1.77635683940025E-14,-9.76667425534718,
-1.));
#1468=CARTESIAN_POINT('',(-9.04602265680755,-9.76667425534718,-3.25));
#1469=CARTESIAN_POINT('',(-9.04602265680755,-9.76667425534718,-1.));
#1470=CARTESIAN_POINT('',(-6.51962201060811,-16.0376434584505,-3.25));
#1471=CARTESIAN_POINT('Origin',(-1.77635683940025E-14,-9.76667425534718,
-3.25));
#1472=CARTESIAN_POINT('',(-6.51962201060811,-16.0376434584505,-1.));
#1473=CARTESIAN_POINT('Origin',(-9.04602265680755,-9.76667425534718,-1.));
#1474=CARTESIAN_POINT('',(-9.04602265680755,9.76667425534722,-3.25));
#1475=CARTESIAN_POINT('',(-9.04602265680755,9.76667425534722,-1.));
#1476=CARTESIAN_POINT('',(-9.04602265680755,2.90163300445193,-3.25));
#1477=CARTESIAN_POINT('',(-9.04602265680755,-9.76667425534718,-3.25));
#1478=CARTESIAN_POINT('',(-9.04602265680755,1.72096592594188E-14,-3.30220520283375));
#1479=CARTESIAN_POINT('Ctrl Pts',(-9.04602265680755,1.77635683940025E-14,
-3.30220520283375));
#1480=CARTESIAN_POINT('Ctrl Pts',(-9.04602265680755,0.635283815177212,-3.30220520283375));
#1481=CARTESIAN_POINT('Ctrl Pts',(-9.04602265680755,1.39727426359901,-3.27910295827776));
#1482=CARTESIAN_POINT('Ctrl Pts',(-9.04602265680755,2.3039646895668,-3.25624761386332));
#1483=CARTESIAN_POINT('Ctrl Pts',(-9.04602265680755,2.6299383770463,-3.25));
#1484=CARTESIAN_POINT('Ctrl Pts',(-9.04602265680755,2.90163300445193,-3.25));
#1485=CARTESIAN_POINT('',(-9.04602265680755,-2.90163300445189,-3.25));
#1486=CARTESIAN_POINT('Ctrl Pts',(-9.04602265680755,-2.90163300445189,-3.25));
#1487=CARTESIAN_POINT('Ctrl Pts',(-9.04602265680755,-2.62993837704626,-3.25));
#1488=CARTESIAN_POINT('Ctrl Pts',(-9.04602265680755,-2.30396468956677,-3.25624761386332));
#1489=CARTESIAN_POINT('Ctrl Pts',(-9.04602265680755,-1.39727426359897,-3.27910295827776));
#1490=CARTESIAN_POINT('Ctrl Pts',(-9.04602265680755,-0.635283815177177,
-3.30220520283375));
#1491=CARTESIAN_POINT('Ctrl Pts',(-9.04602265680755,1.77635683940025E-14,
-3.30220520283375));
#1492=CARTESIAN_POINT('',(-9.04602265680755,-9.76667425534718,-3.25));
#1493=CARTESIAN_POINT('Origin',(-8.88178419700125E-15,9.76667425534722,
-1.));
#1494=CARTESIAN_POINT('',(9.04602265680754,9.76667425534722,-3.25));
#1495=CARTESIAN_POINT('',(9.04602265680754,9.76667425534722,-1.));
#1496=CARTESIAN_POINT('Origin',(-8.88178419700125E-15,9.76667425534722,
-3.25));
#1497=CARTESIAN_POINT('Origin',(-8.88178419700125E-15,1.77635683940025E-14,
-5.25));
#1498=CARTESIAN_POINT('',(-7.50000000000001,1.6845083294642E-14,-5.25));
#1499=CARTESIAN_POINT('',(7.49999999999999,1.6845083294642E-14,-5.25));
#1500=CARTESIAN_POINT('Origin',(-8.88178419700125E-15,1.77635683940025E-14,
-5.25));
#1501=CARTESIAN_POINT('Origin',(-8.88178419700125E-15,1.77635683940025E-14,
-5.25));
#1502=CARTESIAN_POINT('Origin',(-9.50000000000001,1.66001539348125E-14,
-5.25));
#1503=CARTESIAN_POINT('',(9.04602265680753,2.90163300445194,-3.25));
#1504=CARTESIAN_POINT('Origin',(-8.88178419700125E-15,1.77635683940025E-14,
-3.25));
#1505=CARTESIAN_POINT('',(9.04602265680753,-2.90163300445191,-3.25));
#1506=CARTESIAN_POINT('Ctrl Pts',(9.04602265680753,2.90163300445194,-3.25));
#1507=CARTESIAN_POINT('Ctrl Pts',(9.04602265680753,2.6299383770463,-3.25));
#1508=CARTESIAN_POINT('Ctrl Pts',(9.04602265680753,2.30396468956681,-3.25624761386332));
#1509=CARTESIAN_POINT('Ctrl Pts',(9.04602265680753,1.39727426359901,-3.27910295827776));
#1510=CARTESIAN_POINT('Ctrl Pts',(9.04602265680753,0.635283815177211,-3.30220520283375));
#1511=CARTESIAN_POINT('Ctrl Pts',(9.04602265680753,-0.635283815177184,-3.30220520283375));
#1512=CARTESIAN_POINT('Ctrl Pts',(9.04602265680753,-1.39727426359898,-3.27910295827776));
#1513=CARTESIAN_POINT('Ctrl Pts',(9.04602265680753,-2.30396468956678,-3.25624761386332));
#1514=CARTESIAN_POINT('Ctrl Pts',(9.04602265680753,-2.62993837704628,-3.25));
#1515=CARTESIAN_POINT('Ctrl Pts',(9.04602265680753,-2.90163300445191,-3.25));
#1516=CARTESIAN_POINT('Origin',(-8.88178419700125E-15,1.77635683940025E-14,
-3.25));
#1517=CARTESIAN_POINT('Origin',(-1.33226762955019E-14,1.22634940564973,
-3.25));
#1518=CARTESIAN_POINT('',(9.04602265680754,9.76667425534722,-3.25));
#1519=CARTESIAN_POINT('Origin',(-8.88178419700125E-15,1.77635683940025E-14,
-1.));
#1520=CARTESIAN_POINT('',(7.49999999999999,1.6845083294642E-14,-5.5));
#1521=CARTESIAN_POINT('Origin',(-8.88178419700125E-15,1.77635683940025E-14,
-5.5));
#1522=CARTESIAN_POINT('',(7.49999999999999,1.6845083294642E-14,-1.));
#1523=CARTESIAN_POINT('Origin',(-8.88178419700125E-15,1.77635683940025E-14,
-5.5));
#1524=CARTESIAN_POINT('Origin',(-3.97348658756969,-12.7215656836961,-1.));
#1525=CARTESIAN_POINT('',(-3.97348658756969,-12.7215656836961,-2.));
#1526=CARTESIAN_POINT('',(-6.51962201060811,-16.0376434584505,-2.));
#1527=CARTESIAN_POINT('',(-3.97348658756969,-12.7215656836961,-3.25));
#1528=CARTESIAN_POINT('',(-3.97348658756969,-12.7215656836961,-3.25));
#1529=CARTESIAN_POINT('',(-3.97348658756969,-12.7215656836961,-1.));
#1530=CARTESIAN_POINT('Origin',(-0.235281286512805,-5.70302783898343,-1.));
#1531=CARTESIAN_POINT('',(3.80440205192839,-12.5524811657558,-2.));
#1532=CARTESIAN_POINT('Origin',(-0.235281286512805,-5.70302783898343,-2.));
#1533=CARTESIAN_POINT('',(3.80440205192839,-12.5524811657558,-3.25));
#1534=CARTESIAN_POINT('Origin',(-0.235281286512805,-5.70302783898343,-3.25));
#1535=CARTESIAN_POINT('',(3.80440205192839,-12.5524811657558,-1.));
#1536=CARTESIAN_POINT('Origin',(6.19343253581801,-16.3599981008553,-1.));
#1537=CARTESIAN_POINT('',(3.80440205192839,-12.5524811657558,-2.));
#1538=CARTESIAN_POINT('',(6.19343253581801,-16.3599981008553,-3.25));
#1539=CARTESIAN_POINT('Origin',(9.04602265680754,9.76667425534722,-1.));
#1540=CARTESIAN_POINT('',(9.04602265680754,9.76667425534722,-3.25));
#1541=CARTESIAN_POINT('Origin',(-1.33226762955019E-14,1.22634940564973,
-3.25));
#1542=CARTESIAN_POINT('Origin',(-0.163094737395047,-15.6825890389553,-2.));
#1543=CARTESIAN_POINT('Origin',(-4.44089209850057E-15,-1.11480131636566E-13,
-12.5515469824435));
#1544=CARTESIAN_POINT('',(4.2188474935756E-15,-19.5,-0.249999999999827));
#1545=CARTESIAN_POINT('',(-8.10847825690949,-14.9500081168848,4.39649038675759E-14));
#1546=CARTESIAN_POINT('Ctrl Pts',(4.2188474935756E-15,-19.5,-0.249999999999653));
#1547=CARTESIAN_POINT('Ctrl Pts',(-0.0188102182606735,-19.5,-0.249999999999653));
#1548=CARTESIAN_POINT('Ctrl Pts',(-0.0376217188824332,-19.499944133015,
-0.249994194655512));
#1549=CARTESIAN_POINT('Ctrl Pts',(-0.63239616520082,-19.4964108438416,-0.249627054912855));
#1550=CARTESIAN_POINT('Ctrl Pts',(-1.20674073621944,-19.4406247862935,-0.243751207184696));
#1551=CARTESIAN_POINT('Ctrl Pts',(-2.61458039494265,-19.1732576739889,-0.216843000906585));
#1552=CARTESIAN_POINT('Ctrl Pts',(-3.4308161504717,-18.9001830277152,-0.189754243809902));
#1553=CARTESIAN_POINT('Ctrl Pts',(-5.08715342937569,-18.0839851913805,-0.120947935363209));
#1554=CARTESIAN_POINT('Ctrl Pts',(-5.90114361830202,-17.5104020683771,-0.0779469702233422));
#1555=CARTESIAN_POINT('Ctrl Pts',(-7.18848829270169,-16.2626294921581,-0.0190492671494232));
#1556=CARTESIAN_POINT('Ctrl Pts',(-7.69119805720562,-15.6335438498458,2.87911951294266E-13));
#1557=CARTESIAN_POINT('Ctrl Pts',(-8.10847825690949,-14.9500081168848,2.81879554420161E-13));
#1558=CARTESIAN_POINT('',(8.10847825690949,-14.9500081168848,4.39649038675759E-14));
#1559=CARTESIAN_POINT('Ctrl Pts',(8.10847825690949,-14.9500081168848,2.8125071716012E-13));
#1560=CARTESIAN_POINT('Ctrl Pts',(7.7746941606366,-15.4967710763028,2.86080229349081E-13));
#1561=CARTESIAN_POINT('Ctrl Pts',(7.38555936106603,-16.009831474818,-0.0122551790711387));
#1562=CARTESIAN_POINT('Ctrl Pts',(6.10626703148808,-17.3810568848989,-0.0659784298795892));
#1563=CARTESIAN_POINT('Ctrl Pts',(5.09910243284547,-18.1096708320603,-0.122119198228148));
#1564=CARTESIAN_POINT('Ctrl Pts',(3.23564672726353,-18.9695946064012,-0.196454031405369));
#1565=CARTESIAN_POINT('Ctrl Pts',(2.44920069416668,-19.2154902189003,-0.221031887299974));
#1566=CARTESIAN_POINT('Ctrl Pts',(1.09892139967763,-19.4522414837024,-0.24497103062243));
#1567=CARTESIAN_POINT('Ctrl Pts',(0.55000889080833,-19.5,-0.249999999999652));
#1568=CARTESIAN_POINT('Ctrl Pts',(4.44089209850063E-15,-19.5,-0.249999999999652));
#1569=CARTESIAN_POINT('',(9.49999999999998,-10.0000000000001,-0.418534963166932));
#1570=CARTESIAN_POINT('Ctrl Pts',(9.49999999999999,-9.99999999999998,-0.418534963166932));
#1571=CARTESIAN_POINT('Ctrl Pts',(9.49999999999999,-11.1581041707818,-0.196104009799068));
#1572=CARTESIAN_POINT('Ctrl Pts',(9.28760090326642,-12.3198129295503,-0.0846456188367346));
#1573=CARTESIAN_POINT('Ctrl Pts',(8.65750476362676,-13.9526407699777,-0.00964813689226674));
#1574=CARTESIAN_POINT('Ctrl Pts',(8.40480347632027,-14.46460555959,2.77319332560884E-13));
#1575=CARTESIAN_POINT('Ctrl Pts',(8.10847825690949,-14.9500081168848,2.81623682707455E-13));
#1576=CARTESIAN_POINT('',(9.49999999999998,-9.93711845955002,-0.430685693167888));
#1577=CARTESIAN_POINT('Ctrl Pts',(9.49999999999998,-9.93711845955002,-0.430685693167889));
#1578=CARTESIAN_POINT('Ctrl Pts',(9.49999999999998,-9.95804632626124,-0.426617409166033));
#1579=CARTESIAN_POINT('Ctrl Pts',(9.49999999999998,-9.97900780255572,-0.422566823692628));
#1580=CARTESIAN_POINT('Ctrl Pts',(9.49999999999998,-10.0000000000001,-0.418534963166916));
#1581=CARTESIAN_POINT('',(-9.49999999999998,-9.93711845955004,-0.430685693167888));
#1582=CARTESIAN_POINT('Origin',(-4.44089209850062E-15,-3.82525738345319E-15,
-0.430685693167977));
#1583=CARTESIAN_POINT('',(-9.49999999999998,-10.0000000000001,-0.418534963166934));
#1584=CARTESIAN_POINT('Ctrl Pts',(-9.49999999999998,-10.0000000000001,-0.418534963166916));
#1585=CARTESIAN_POINT('Ctrl Pts',(-9.49999999999998,-9.97900779356346,-0.422566825419724));
#1586=CARTESIAN_POINT('Ctrl Pts',(-9.49999999999998,-9.95804634070312,-0.426617406358602));
#1587=CARTESIAN_POINT('Ctrl Pts',(-9.49999999999998,-9.93711845955004,-0.430685693167891));
#1588=CARTESIAN_POINT('Ctrl Pts',(-8.10847825690949,-14.9500081168848,2.80950935259427E-13));
#1589=CARTESIAN_POINT('Ctrl Pts',(-8.24777938451703,-14.721822599266,2.78932026833368E-13));
#1590=CARTESIAN_POINT('Ctrl Pts',(-8.37756206082005,-14.4875702617402,-0.00214695242875451));
#1591=CARTESIAN_POINT('Ctrl Pts',(-8.8504052373901,-13.5416918883688,-0.0211456696463618));
#1592=CARTESIAN_POINT('Ctrl Pts',(-9.11332762932643,-12.7955036598528,-0.0580775094740123));
#1593=CARTESIAN_POINT('Ctrl Pts',(-9.42756966181552,-11.3572097709419,-0.196438791097953));
#1594=CARTESIAN_POINT('Ctrl Pts',(-9.49999999999999,-10.6768693210216,-0.288532246504017));
#1595=CARTESIAN_POINT('Ctrl Pts',(-9.49999999999999,-9.99999999999998,-0.418534963166933));
#1596=CARTESIAN_POINT('Origin',(-4.44089209850062E-15,4.63252805915926E-16,
0.052157629102542));
#1597=CARTESIAN_POINT('',(9.49999999999998,-9.33948503165773,-0.351011588000596));
#1598=CARTESIAN_POINT('Ctrl Pts',(9.49999999999998,-9.33948503165773,-0.351011588000596));
#1599=CARTESIAN_POINT('Ctrl Pts',(9.49999999999998,-9.37787302193974,-0.370751828256253));
#1600=CARTESIAN_POINT('Ctrl Pts',(9.49999999999999,-9.417888559809,-0.387084530118845));
#1601=CARTESIAN_POINT('Ctrl Pts',(9.49999999999998,-9.5465445247815,-0.430121408815476));
#1602=CARTESIAN_POINT('Ctrl Pts',(9.49999999999998,-9.66054133656089,-0.447842370897359));
#1603=CARTESIAN_POINT('Ctrl Pts',(9.49999999999998,-9.81335889310225,-0.447842370897358));
#1604=CARTESIAN_POINT('Ctrl Pts',(9.49999999999998,-9.87651892452028,-0.442465972652814));
#1605=CARTESIAN_POINT('Ctrl Pts',(9.49999999999998,-9.93711845955002,-0.430685693167888));
#1606=CARTESIAN_POINT('',(-9.49999999999998,-9.33948503165774,-0.351011588000596));
#1607=CARTESIAN_POINT('Origin',(-4.44089209850062E-15,-3.11760917526819E-15,
-0.351011588000679));
#1608=CARTESIAN_POINT('Ctrl Pts',(-9.49999999999998,-9.93711845955004,-0.430685693167888));
#1609=CARTESIAN_POINT('Ctrl Pts',(-9.49999999999998,-9.8765189245203,-0.442465972652814));
#1610=CARTESIAN_POINT('Ctrl Pts',(-9.49999999999998,-9.81335889310227,-0.447842370897358));
#1611=CARTESIAN_POINT('Ctrl Pts',(-9.49999999999998,-9.66054133656091,-0.447842370897359));
#1612=CARTESIAN_POINT('Ctrl Pts',(-9.49999999999998,-9.54654452478152,-0.430121408815475));
#1613=CARTESIAN_POINT('Ctrl Pts',(-9.49999999999998,-9.41788855980901,-0.387084530118845));
#1614=CARTESIAN_POINT('Ctrl Pts',(-9.49999999999998,-9.37787302193976,-0.370751828256253));
#1615=CARTESIAN_POINT('Ctrl Pts',(-9.49999999999998,-9.33948503165774,-0.351011588000596));
#1616=CARTESIAN_POINT('Origin',(-4.44089209850062E-15,4.63252805915926E-16,
0.052157629102542));
#1617=CARTESIAN_POINT('',(9.49999999999998,9.93711845955001,-0.430685693168065));
#1618=CARTESIAN_POINT('',(9.49999999999998,9.33948503165772,-0.351011588000761));
#1619=CARTESIAN_POINT('Ctrl Pts',(9.49999999999998,9.93711845955001,-0.430685693168065));
#1620=CARTESIAN_POINT('Ctrl Pts',(9.49999999999998,9.87651892452027,-0.442465972652989));
#1621=CARTESIAN_POINT('Ctrl Pts',(9.49999999999998,9.81335889310224,-0.447842370897532));
#1622=CARTESIAN_POINT('Ctrl Pts',(9.49999999999998,9.66054133656088,-0.447842370897531));
#1623=CARTESIAN_POINT('Ctrl Pts',(9.49999999999998,9.54654452478149,-0.430121408815645));
#1624=CARTESIAN_POINT('Ctrl Pts',(9.49999999999998,9.41788855980899,-0.387084530119012));
#1625=CARTESIAN_POINT('Ctrl Pts',(9.49999999999998,9.37787302193974,-0.37075182825642));
#1626=CARTESIAN_POINT('Ctrl Pts',(9.49999999999998,9.33948503165772,-0.351011588000762));
#1627=CARTESIAN_POINT('',(-9.49999999999999,9.93711845955001,-0.430685693168065));
#1628=CARTESIAN_POINT('Origin',(-4.44089209850062E-15,-3.82525738345319E-15,
-0.430685693167977));
#1629=CARTESIAN_POINT('',(-9.49999999999999,9.33948503165772,-0.351011588000761));
#1630=CARTESIAN_POINT('Ctrl Pts',(-9.49999999999999,9.33948503165772,-0.351011588000762));
#1631=CARTESIAN_POINT('Ctrl Pts',(-9.49999999999999,9.37787302193974,-0.37075182825642));
#1632=CARTESIAN_POINT('Ctrl Pts',(-9.49999999999999,9.41788855980899,-0.387084530119012));
#1633=CARTESIAN_POINT('Ctrl Pts',(-9.49999999999999,9.5465445247815,-0.430121408815645));
#1634=CARTESIAN_POINT('Ctrl Pts',(-9.49999999999999,9.66054133656088,-0.447842370897531));
#1635=CARTESIAN_POINT('Ctrl Pts',(-9.49999999999999,9.81335889310224,-0.447842370897532));
#1636=CARTESIAN_POINT('Ctrl Pts',(-9.49999999999999,9.87651892452027,-0.442465972652989));
#1637=CARTESIAN_POINT('Ctrl Pts',(-9.49999999999999,9.93711845955001,-0.430685693168065));
#1638=CARTESIAN_POINT('Origin',(-4.44089209850062E-15,-3.11760917526819E-15,
-0.351011588000679));
#1639=CARTESIAN_POINT('Origin',(-4.44089209850061E-15,-1.6098233857061E-14,
-1.81249999999989));
#1640=CARTESIAN_POINT('',(9.49999999999998,-7.73385414912904,0.));
#1641=CARTESIAN_POINT('Ctrl Pts',(9.49999999999998,-7.73385414912904,1.79962381802179E-13));
#1642=CARTESIAN_POINT('Ctrl Pts',(9.49999999999998,-8.12013746271739,1.83409349105952E-13));
#1643=CARTESIAN_POINT('Ctrl Pts',(9.49999999999998,-8.57946935758407,-0.0623178946366905));
#1644=CARTESIAN_POINT('Ctrl Pts',(9.49999999999998,-9.07310099808266,-0.228484667250652));
#1645=CARTESIAN_POINT('Ctrl Pts',(9.49999999999998,-9.20891468734095,-0.283868454219915));
#1646=CARTESIAN_POINT('Ctrl Pts',(9.49999999999998,-9.33948503165773,-0.351011588000595));
#1647=CARTESIAN_POINT('',(9.49999999999998,-5.91853425097228,-0.340253259843105));
#1648=CARTESIAN_POINT('Ctrl Pts',(9.49999999999998,-5.91853425097228,-0.340253259843105));
#1649=CARTESIAN_POINT('Ctrl Pts',(9.49999999999998,-6.07666964394284,-0.280208444049324));
#1650=CARTESIAN_POINT('Ctrl Pts',(9.49999999999998,-6.23544508356164,-0.229190889836828));
#1651=CARTESIAN_POINT('Ctrl Pts',(9.49999999999998,-6.79762750788917,-0.0740597687659162));
#1652=CARTESIAN_POINT('Ctrl Pts',(9.49999999999998,-7.30585672429447,1.76369639592616E-13));
#1653=CARTESIAN_POINT('Ctrl Pts',(9.49999999999998,-7.73385414912904,1.80153201384536E-13));
#1654=CARTESIAN_POINT('',(-9.49999999999998,-5.9185342509723,-0.340253259843105));
#1655=CARTESIAN_POINT('Origin',(-4.44089209850062E-15,-3.02205602625259E-15,
-0.340253259843158));
#1656=CARTESIAN_POINT('',(-9.49999999999998,-7.73385414912906,0.));
#1657=CARTESIAN_POINT('Ctrl Pts',(-9.49999999999998,-7.73385414912906,1.79984065845629E-13));
#1658=CARTESIAN_POINT('Ctrl Pts',(-9.49999999999998,-7.30585672429449,1.76218323026041E-13));
#1659=CARTESIAN_POINT('Ctrl Pts',(-9.49999999999998,-6.79762750788919,-0.0740597687659156));
#1660=CARTESIAN_POINT('Ctrl Pts',(-9.49999999999998,-6.23544508356166,-0.229190889836827));
#1661=CARTESIAN_POINT('Ctrl Pts',(-9.49999999999998,-6.07666964394286,-0.280208444049323));
#1662=CARTESIAN_POINT('Ctrl Pts',(-9.49999999999998,-5.9185342509723,-0.340253259843105));
#1663=CARTESIAN_POINT('Ctrl Pts',(-9.49999999999998,-9.33948503165774,-0.351011588000595));
#1664=CARTESIAN_POINT('Ctrl Pts',(-9.49999999999998,-9.20891468734097,-0.283868454219916));
#1665=CARTESIAN_POINT('Ctrl Pts',(-9.49999999999998,-9.07310099808268,-0.228484667250652));
#1666=CARTESIAN_POINT('Ctrl Pts',(-9.49999999999998,-8.57946935758409,-0.0623178946366908));
#1667=CARTESIAN_POINT('Ctrl Pts',(-9.49999999999998,-8.12013746271741,1.83404470372115E-13));
#1668=CARTESIAN_POINT('Ctrl Pts',(-9.49999999999998,-7.73385414912906,1.80005749889078E-13));
#1669=CARTESIAN_POINT('Origin',(-4.44089209850061E-15,-1.6098233857061E-14,
-1.81249999999989));
#1670=CARTESIAN_POINT('',(9.49999999999998,7.73385414912904,0.));
#1671=CARTESIAN_POINT('Ctrl Pts',(9.49999999999998,9.33948503165772,-0.35101158800076));
#1672=CARTESIAN_POINT('Ctrl Pts',(9.49999999999998,9.20891468734095,-0.283868454220078));
#1673=CARTESIAN_POINT('Ctrl Pts',(9.49999999999998,9.07310099808265,-0.228484667250813));
#1674=CARTESIAN_POINT('Ctrl Pts',(9.49999999999998,8.57946935758407,-0.0623178946368428));
#1675=CARTESIAN_POINT('Ctrl Pts',(9.49999999999998,8.12013746271739,3.91351332735976E-14));
#1676=CARTESIAN_POINT('Ctrl Pts',(9.49999999999998,7.73385414912904,4.25874613352306E-14));
#1677=CARTESIAN_POINT('',(-9.49999999999999,7.73385414912904,0.));
#1678=CARTESIAN_POINT('Ctrl Pts',(-9.49999999999999,7.73385414912904,4.26481766568898E-14));
#1679=CARTESIAN_POINT('Ctrl Pts',(-9.49999999999999,8.12013746271739,3.92012093531165E-14));
#1680=CARTESIAN_POINT('Ctrl Pts',(-9.49999999999999,8.57946935758407,-0.062317894636843));
#1681=CARTESIAN_POINT('Ctrl Pts',(-9.49999999999999,9.07310099808266,-0.228484667250813));
#1682=CARTESIAN_POINT('Ctrl Pts',(-9.49999999999999,9.20891468734095,-0.283868454220079));
#1683=CARTESIAN_POINT('Ctrl Pts',(-9.49999999999999,9.33948503165772,-0.351011588000761));
#1684=CARTESIAN_POINT('',(-9.49999999999999,5.91853425097228,-0.34025325984321));
#1685=CARTESIAN_POINT('Ctrl Pts',(-9.49999999999999,5.91853425097228,-0.34025325984321));
#1686=CARTESIAN_POINT('Ctrl Pts',(-9.49999999999999,6.07666964394284,-0.280208444049431));
#1687=CARTESIAN_POINT('Ctrl Pts',(-9.49999999999999,6.23544508356164,-0.229190889836938));
#1688=CARTESIAN_POINT('Ctrl Pts',(-9.49999999999999,6.79762750788917,-0.0740597687660365));
#1689=CARTESIAN_POINT('Ctrl Pts',(-9.49999999999999,7.30585672429447,4.64219337202488E-14));
#1690=CARTESIAN_POINT('Ctrl Pts',(-9.49999999999999,7.73385414912904,4.26264926134401E-14));
#1691=CARTESIAN_POINT('',(9.49999999999998,5.91853425097227,-0.34025325984321));
#1692=CARTESIAN_POINT('Origin',(-4.44089209850062E-15,-3.02205602625259E-15,
-0.340253259843158));
#1693=CARTESIAN_POINT('Ctrl Pts',(9.49999999999998,7.73385414912904,4.26373346351649E-14));
#1694=CARTESIAN_POINT('Ctrl Pts',(9.49999999999998,7.30585672429447,4.64684136866386E-14));
#1695=CARTESIAN_POINT('Ctrl Pts',(9.49999999999998,6.79762750788917,-0.0740597687660369));
#1696=CARTESIAN_POINT('Ctrl Pts',(9.49999999999998,6.23544508356163,-0.229190889836938));
#1697=CARTESIAN_POINT('Ctrl Pts',(9.49999999999998,6.07666964394284,-0.280208444049432));
#1698=CARTESIAN_POINT('Ctrl Pts',(9.49999999999998,5.91853425097227,-0.340253259843211));
#1699=CARTESIAN_POINT('Origin',(-4.44089209850062E-15,5.8516544431568E-16,
0.0658837719242664));
#1700=CARTESIAN_POINT('',(9.49999999999998,-5.01340510948035,-0.408003973755378));
#1701=CARTESIAN_POINT('Ctrl Pts',(9.49999999999998,-5.01340510948035,-0.408003973755378));
#1702=CARTESIAN_POINT('Ctrl Pts',(9.49999999999998,-5.12676624477316,-0.425808274106552));
#1703=CARTESIAN_POINT('Ctrl Pts',(9.49999999999998,-5.24022370262806,-0.434116228075728));
#1704=CARTESIAN_POINT('Ctrl Pts',(9.49999999999998,-5.49526135867165,-0.434116228075726));
#1705=CARTESIAN_POINT('Ctrl Pts',(9.49999999999998,-5.67262247076455,-0.414405102663825));
#1706=CARTESIAN_POINT('Ctrl Pts',(9.49999999999998,-5.84882643162609,-0.364710823868406));
#1707=CARTESIAN_POINT('Ctrl Pts',(9.49999999999998,-5.8837029711372,-0.353478874566481));
#1708=CARTESIAN_POINT('Ctrl Pts',(9.49999999999998,-5.91853425097228,-0.340253259843104));
#1709=CARTESIAN_POINT('',(-9.49999999999998,-5.01340510948037,-0.408003973755378));
#1710=CARTESIAN_POINT('Origin',(-4.44089209850062E-15,-3.62380324641398E-15,
-0.408003973755422));
#1711=CARTESIAN_POINT('Ctrl Pts',(-9.49999999999998,-5.9185342509723,-0.340253259843105));
#1712=CARTESIAN_POINT('Ctrl Pts',(-9.49999999999998,-5.88370297113723,-0.353478874566482));
#1713=CARTESIAN_POINT('Ctrl Pts',(-9.49999999999998,-5.84882643162611,-0.364710823868407));
#1714=CARTESIAN_POINT('Ctrl Pts',(-9.49999999999998,-5.67262247076458,-0.414405102663825));
#1715=CARTESIAN_POINT('Ctrl Pts',(-9.49999999999998,-5.49526135867167,-0.434116228075726));
#1716=CARTESIAN_POINT('Ctrl Pts',(-9.49999999999998,-5.24022370262808,-0.434116228075728));
#1717=CARTESIAN_POINT('Ctrl Pts',(-9.49999999999998,-5.12676624477319,-0.425808274106552));
#1718=CARTESIAN_POINT('Ctrl Pts',(-9.49999999999998,-5.01340510948037,-0.408003973755378));
#1719=CARTESIAN_POINT('Origin',(-4.44089209850059E-15,-6.93889390390592E-14,
-7.81249999999991));
#1720=CARTESIAN_POINT('',(9.49999999999998,5.01340510948034,-0.408003973755467));
#1721=CARTESIAN_POINT('Ctrl Pts',(9.49999999999998,5.01340510948034,-0.408003973755467));
#1722=CARTESIAN_POINT('Ctrl Pts',(9.49999999999998,4.80073780074743,-0.374602820619722));
#1723=CARTESIAN_POINT('Ctrl Pts',(9.49999999999998,4.58682311927126,-0.344893702729202));
#1724=CARTESIAN_POINT('Ctrl Pts',(9.49999999999998,2.89116358519061,-0.136038281464116));
#1725=CARTESIAN_POINT('Ctrl Pts',(9.49999999999998,1.37692497537486,-0.10064832546676));
#1726=CARTESIAN_POINT('Ctrl Pts',(9.49999999999998,-1.37692497537486,-0.100648325466736));
#1727=CARTESIAN_POINT('Ctrl Pts',(9.49999999999998,-2.89116358519061,-0.136038281464065));
#1728=CARTESIAN_POINT('Ctrl Pts',(9.49999999999998,-4.58682311927127,-0.344893702729121));
#1729=CARTESIAN_POINT('Ctrl Pts',(9.49999999999998,-4.80073780074744,-0.374602820619637));
#1730=CARTESIAN_POINT('Ctrl Pts',(9.49999999999998,-5.01340510948035,-0.408003973755378));
#1731=CARTESIAN_POINT('',(-9.49999999999999,5.01340510948035,-0.408003973755467));
#1732=CARTESIAN_POINT('Origin',(-4.44089209850062E-15,-3.62380324641398E-15,
-0.408003973755422));
#1733=CARTESIAN_POINT('',(-9.49999999999998,-6.16345707177886E-15,-0.100648325466747));
#1734=CARTESIAN_POINT('Ctrl Pts',(-9.49999999999998,-1.01307850997046E-14,
-0.100648325466747));
#1735=CARTESIAN_POINT('Ctrl Pts',(-9.49999999999999,1.37692497537485,-0.10064832546676));
#1736=CARTESIAN_POINT('Ctrl Pts',(-9.49999999999999,2.8911635851906,-0.136038281464114));
#1737=CARTESIAN_POINT('Ctrl Pts',(-9.49999999999999,4.58682311927126,-0.3448937027292));
#1738=CARTESIAN_POINT('Ctrl Pts',(-9.49999999999999,4.80073780074744,-0.374602820619721));
#1739=CARTESIAN_POINT('Ctrl Pts',(-9.49999999999999,5.01340510948035,-0.408003973755467));
#1740=CARTESIAN_POINT('',(-5.62357631519493,-4.72733691637008E-15,-0.454711277979253));
#1741=CARTESIAN_POINT('Origin',(-8.25000000000007,-7.03992726483558E-14,
-7.81249999999991));
#1742=CARTESIAN_POINT('Origin',(-4.44089209850062E-15,-4.03864744295366E-15,
-0.454711277979253));
#1743=CARTESIAN_POINT('Ctrl Pts',(-9.49999999999998,-5.01340510948037,-0.408003973755377));
#1744=CARTESIAN_POINT('Ctrl Pts',(-9.49999999999998,-4.80073780074746,-0.374602820619636));
#1745=CARTESIAN_POINT('Ctrl Pts',(-9.49999999999998,-4.58682311927128,-0.344893702729118));
#1746=CARTESIAN_POINT('Ctrl Pts',(-9.49999999999998,-2.89116358519062,-0.136038281464063));
#1747=CARTESIAN_POINT('Ctrl Pts',(-9.49999999999998,-1.37692497537487,-0.100648325466735));
#1748=CARTESIAN_POINT('Ctrl Pts',(-9.49999999999998,-9.57567358739198E-15,
-0.100648325466747));
#1749=CARTESIAN_POINT('Origin',(-4.44089209850057E-15,-1.11480131636566E-13,
-12.5515469824435));
#1750=CARTESIAN_POINT('',(-1.31006316905768E-14,19.5,-0.25));
#1751=CARTESIAN_POINT('',(8.10847825690951,14.9500081168848,-4.39649038675756E-14));
#1752=CARTESIAN_POINT('Ctrl Pts',(-1.31006316905768E-14,19.5,-0.25));
#1753=CARTESIAN_POINT('Ctrl Pts',(0.0188102182605937,19.5,-0.25));
#1754=CARTESIAN_POINT('Ctrl Pts',(0.0376217188822813,19.499944133015,-0.249994194655862));
#1755=CARTESIAN_POINT('Ctrl Pts',(0.632396165200543,19.4964108438417,-0.249627054913208));
#1756=CARTESIAN_POINT('Ctrl Pts',(1.20674073621911,19.4406247862936,-0.243751207185053));
#1757=CARTESIAN_POINT('Ctrl Pts',(2.61458039494205,19.173257673989,-0.216843000906949));
#1758=CARTESIAN_POINT('Ctrl Pts',(3.43081615047095,18.9001830277155,-0.189754243810267));
#1759=CARTESIAN_POINT('Ctrl Pts',(5.08715342937467,18.0839851913811,-0.12094793536358));
#1760=CARTESIAN_POINT('Ctrl Pts',(5.90114361830091,17.510402068378,-0.0779469702237112));
#1761=CARTESIAN_POINT('Ctrl Pts',(7.18848829270105,16.262629492159,-0.019049267149735));
#1762=CARTESIAN_POINT('Ctrl Pts',(7.69119805720536,15.6335438498463,9.69593535413165E-15));
#1763=CARTESIAN_POINT('Ctrl Pts',(8.10847825690951,14.9500081168848,1.57144262880049E-14));
#1764=CARTESIAN_POINT('',(-8.1084782569095,14.9500081168848,-4.39649038675756E-14));
#1765=CARTESIAN_POINT('Ctrl Pts',(-8.1084782569095,14.9500081168848,1.57447839488345E-14));
#1766=CARTESIAN_POINT('Ctrl Pts',(-7.77469416063662,15.4967710763028,1.08539410809553E-14));
#1767=CARTESIAN_POINT('Ctrl Pts',(-7.38555936106604,16.009831474818,-0.0122551790714248));
#1768=CARTESIAN_POINT('Ctrl Pts',(-6.10626703148808,17.3810568848989,-0.0659784298799008));
#1769=CARTESIAN_POINT('Ctrl Pts',(-5.09910243284549,18.1096708320603,-0.122119198228475));
#1770=CARTESIAN_POINT('Ctrl Pts',(-3.23564672726353,18.9695946064012,-0.196454031405714));
#1771=CARTESIAN_POINT('Ctrl Pts',(-2.44920069416672,19.2154902189003,-0.22103188730032));
#1772=CARTESIAN_POINT('Ctrl Pts',(-1.09892139967773,19.4522414837024,-0.24497103062278));
#1773=CARTESIAN_POINT('Ctrl Pts',(-0.550008890808389,19.5,-0.250000000000002));
#1774=CARTESIAN_POINT('Ctrl Pts',(-1.33226762955019E-14,19.5,-0.250000000000002));
#1775=CARTESIAN_POINT('',(-9.49999999999999,9.99999999999989,-0.418534963167108));
#1776=CARTESIAN_POINT('Ctrl Pts',(-9.49999999999999,10.,-0.418534963167105));
#1777=CARTESIAN_POINT('Ctrl Pts',(-9.49999999999999,11.1581041707818,-0.196104009799257));
#1778=CARTESIAN_POINT('Ctrl Pts',(-9.28760090326639,12.3198129295503,-0.0846456188369515));
#1779=CARTESIAN_POINT('Ctrl Pts',(-8.65750476362676,13.9526407699777,-0.00964813689251655));
#1780=CARTESIAN_POINT('Ctrl Pts',(-8.40480347632028,14.46460555959,2.00795868533611E-14));
#1781=CARTESIAN_POINT('Ctrl Pts',(-8.1084782569095,14.9500081168848,1.57534575662144E-14));
#1782=CARTESIAN_POINT('Ctrl Pts',(-9.49999999999999,9.93711845955001,-0.430685693168065));
#1783=CARTESIAN_POINT('Ctrl Pts',(-9.49999999999999,9.95804632626117,-0.42661740916622));
#1784=CARTESIAN_POINT('Ctrl Pts',(-9.49999999999999,9.97900780255559,-0.422566823692826));
#1785=CARTESIAN_POINT('Ctrl Pts',(-9.49999999999999,9.99999999999989,-0.418534963167126));
#1786=CARTESIAN_POINT('',(9.49999999999998,9.99999999999989,-0.418534963167108));
#1787=CARTESIAN_POINT('Ctrl Pts',(9.49999999999998,9.99999999999989,-0.418534963167126));
#1788=CARTESIAN_POINT('Ctrl Pts',(9.49999999999998,9.97900779356332,-0.422566825419923));
#1789=CARTESIAN_POINT('Ctrl Pts',(9.49999999999998,9.95804634070303,-0.426617406358786));
#1790=CARTESIAN_POINT('Ctrl Pts',(9.49999999999998,9.93711845955001,-0.430685693168065));
#1791=CARTESIAN_POINT('Ctrl Pts',(8.10847825690951,14.9500081168848,1.59204247007771E-14));
#1792=CARTESIAN_POINT('Ctrl Pts',(8.24777938451676,14.7218225992665,1.79207641829272E-14));
#1793=CARTESIAN_POINT('Ctrl Pts',(8.37756206081952,14.4875702617412,-0.00214695242900217));
#1794=CARTESIAN_POINT('Ctrl Pts',(8.85040523738962,13.5416918883701,-0.0211456696465439));
#1795=CARTESIAN_POINT('Ctrl Pts',(9.11332762932616,12.7955036598538,-0.0580775094741627));
#1796=CARTESIAN_POINT('Ctrl Pts',(9.42756966181547,11.3572097709423,-0.196438791098087));
#1797=CARTESIAN_POINT('Ctrl Pts',(9.49999999999999,10.6768693210218,-0.288532246504157));
#1798=CARTESIAN_POINT('Ctrl Pts',(9.49999999999999,10.,-0.418534963167104));
#1799=CARTESIAN_POINT('Origin',(-4.44089209850062E-15,4.44089209850063E-15,
-30.4999999999999));
#1800=CARTESIAN_POINT('',(-5.36749350260342,3.78356372475988E-15,-0.476009367515569));
#1801=CARTESIAN_POINT('Origin',(-4.44089209850062E-15,-4.2278124780236E-15,
-0.47600936751557));
#1802=CARTESIAN_POINT('',(-6.30847846720035E-15,4.44089209850063E-15,2.79776202205539E-13));
#1803=CARTESIAN_POINT('Origin',(-4.44089209850062E-15,4.44089209850063E-15,
-30.4999999999999));
#1804=CARTESIAN_POINT('Origin',(-4.44089209850062E-15,1.43771219197446E-16,
0.0161872002301085));
#1805=CARTESIAN_POINT('Origin',(-5.45548519936742,-5.2433302952266E-16,
0.0161872002301085));
#1806=CARTESIAN_POINT('Origin',(-4.44089209850062E-15,5.8516544431568E-16,
0.0658837719242664));
#1807=CARTESIAN_POINT('Ctrl Pts',(9.49999999999998,5.91853425097227,-0.34025325984321));
#1808=CARTESIAN_POINT('Ctrl Pts',(9.49999999999998,5.8837029711372,-0.353478874566586));
#1809=CARTESIAN_POINT('Ctrl Pts',(9.49999999999998,5.84882643162608,-0.36471082386851));
#1810=CARTESIAN_POINT('Ctrl Pts',(9.49999999999998,5.67262247076454,-0.414405102663925));
#1811=CARTESIAN_POINT('Ctrl Pts',(9.49999999999998,5.49526135867164,-0.434116228075823));
#1812=CARTESIAN_POINT('Ctrl Pts',(9.49999999999998,5.24022370262805,-0.434116228075821));
#1813=CARTESIAN_POINT('Ctrl Pts',(9.49999999999998,5.12676624477316,-0.425808274106643));
#1814=CARTESIAN_POINT('Ctrl Pts',(9.49999999999998,5.01340510948034,-0.408003973755466));
#1815=CARTESIAN_POINT('Ctrl Pts',(-9.49999999999999,5.01340510948035,-0.408003973755466));
#1816=CARTESIAN_POINT('Ctrl Pts',(-9.49999999999999,5.12676624477316,-0.425808274106643));
#1817=CARTESIAN_POINT('Ctrl Pts',(-9.49999999999999,5.24022370262806,-0.434116228075821));
#1818=CARTESIAN_POINT('Ctrl Pts',(-9.49999999999999,5.49526135867165,-0.434116228075824));
#1819=CARTESIAN_POINT('Ctrl Pts',(-9.49999999999999,5.67262247076455,-0.414405102663926));
#1820=CARTESIAN_POINT('Ctrl Pts',(-9.49999999999999,5.84882643162609,-0.36471082386851));
#1821=CARTESIAN_POINT('Ctrl Pts',(-9.49999999999999,5.8837029711372,-0.353478874566586));
#1822=CARTESIAN_POINT('Ctrl Pts',(-9.49999999999999,5.91853425097228,-0.34025325984321));
#1823=CARTESIAN_POINT('Origin',(9.49999999999998,-9.99999999999998,0.));
#1824=CARTESIAN_POINT('',(9.49999999999998,10.,0.));
#1825=CARTESIAN_POINT('',(9.49999999999998,10.,0.));
#1826=CARTESIAN_POINT('',(9.49999999999998,10.,0.));
#1827=CARTESIAN_POINT('Origin',(9.49999999999998,-9.99999999999998,0.));
#1828=CARTESIAN_POINT('',(9.49999999999998,-9.99999999999998,0.));
#1829=CARTESIAN_POINT('',(9.49999999999998,-9.99999999999998,0.));
#1830=CARTESIAN_POINT('',(9.49999999999998,10.,0.));
#1831=CARTESIAN_POINT('Origin',(0.,-9.99999999999998,0.));
#1832=CARTESIAN_POINT('',(-9.49999999999998,-9.99999999999998,0.));
#1833=CARTESIAN_POINT('',(-9.49999999999998,-9.99999999999998,0.));
#1834=CARTESIAN_POINT('Origin',(0.,-9.99999999999998,0.));
#1835=CARTESIAN_POINT('Origin',(0.,-9.99999999999998,0.));
#1836=CARTESIAN_POINT('Origin',(0.,-9.99999999999998,0.));
#1837=CARTESIAN_POINT('Origin',(0.,10.,0.));
#1838=CARTESIAN_POINT('',(-9.49999999999999,10.,0.));
#1839=CARTESIAN_POINT('Origin',(0.,10.,0.));
#1840=CARTESIAN_POINT('',(-9.49999999999999,10.,0.));
#1841=CARTESIAN_POINT('Origin',(0.,10.,0.));
#1842=CARTESIAN_POINT('Origin',(0.,10.,0.));
#1843=CARTESIAN_POINT('Origin',(-9.49999999999999,10.,0.));
#1844=CARTESIAN_POINT('',(-9.49999999999998,-9.99999999999998,0.));
#1845=CARTESIAN_POINT('Origin',(-9.49999999999999,10.,0.));
#1846=CARTESIAN_POINT('',(-9.49999999999998,-9.99999999999998,0.));
#1847=CARTESIAN_POINT('Origin',(-9.49999999999999,10.,0.));
#1848=CARTESIAN_POINT('',(-9.49999999999998,-9.99999999999998,0.));
#1849=CARTESIAN_POINT('Origin',(0.,-9.99999999999998,0.));
#1850=CARTESIAN_POINT('Origin',(0.,-9.99999999999998,0.));
#1851=CARTESIAN_POINT('Origin',(0.,10.,0.));
#1852=CARTESIAN_POINT('Origin',(0.,10.,0.));
#1853=CARTESIAN_POINT('Origin',(9.49999999999998,-9.99999999999998,0.));
#1854=CARTESIAN_POINT('',(9.49999999999998,10.,0.));
#1855=CARTESIAN_POINT('Origin',(8.35000000000001,18.,0.));
#1856=CARTESIAN_POINT('',(9.60000000000001,18.,-1.));
#1857=CARTESIAN_POINT('Origin',(8.35000000000001,18.,-1.));
#1858=CARTESIAN_POINT('',(9.60000000000001,18.,0.));
#1859=CARTESIAN_POINT('',(9.60000000000001,18.,0.));
#1860=CARTESIAN_POINT('Origin',(8.35000000000001,18.,0.));
#1861=CARTESIAN_POINT('Origin',(-8.35000000000001,18.,0.));
#1862=CARTESIAN_POINT('',(-7.1,18.,-1.));
#1863=CARTESIAN_POINT('Origin',(-8.35000000000001,18.,-1.));
#1864=CARTESIAN_POINT('',(-7.1,18.,0.));
#1865=CARTESIAN_POINT('',(-7.1,18.,0.));
#1866=CARTESIAN_POINT('Origin',(-8.35000000000001,18.,0.));
#1867=CARTESIAN_POINT('Origin',(-8.35000000000001,-18.,0.));
#1868=CARTESIAN_POINT('',(-7.1,-18.,0.));
#1869=CARTESIAN_POINT('',(-7.1,-18.,0.));
#1870=CARTESIAN_POINT('Origin',(-8.35000000000001,-18.,0.));
#1871=CARTESIAN_POINT('Origin',(8.35000000000001,-18.,0.));
#1872=CARTESIAN_POINT('',(9.60000000000001,-18.,0.));
#1873=CARTESIAN_POINT('',(9.60000000000001,-18.,0.));
#1874=CARTESIAN_POINT('Origin',(8.35000000000001,-18.,0.));
#1875=CARTESIAN_POINT('Origin',(-9.99999999999998,-20.,0.));
#1876=CARTESIAN_POINT('',(-10.,20.,0.));
#1877=CARTESIAN_POINT('',(-9.99999999999998,-20.,0.));
#1878=CARTESIAN_POINT('',(-10.,20.,0.));
#1879=CARTESIAN_POINT('',(-10.,20.,-1.));
#1880=CARTESIAN_POINT('',(-10.,20.,0.));
#1881=CARTESIAN_POINT('',(-10.,20.,-1.));
#1882=CARTESIAN_POINT('',(-9.99999999999998,-20.,0.));
#1883=CARTESIAN_POINT('Origin',(9.99999999999999,-20.,0.));
#1884=CARTESIAN_POINT('',(9.99999999999999,-20.,0.));
#1885=CARTESIAN_POINT('',(-9.99999999999998,-20.,0.));
#1886=CARTESIAN_POINT('',(9.99999999999999,-20.,0.));
#1887=CARTESIAN_POINT('Origin',(9.99999999999997,20.,0.));
#1888=CARTESIAN_POINT('',(9.99999999999997,20.,0.));
#1889=CARTESIAN_POINT('',(9.99999999999999,-20.,0.));
#1890=CARTESIAN_POINT('',(9.99999999999997,20.,-1.));
#1891=CARTESIAN_POINT('',(9.99999999999999,-20.,-1.));
#1892=CARTESIAN_POINT('',(9.99999999999997,20.,0.));
#1893=CARTESIAN_POINT('Origin',(-10.,20.,0.));
#1894=CARTESIAN_POINT('',(9.99999999999997,20.,0.));
#1895=CARTESIAN_POINT('',(9.99999999999997,20.,-1.));
#1896=CARTESIAN_POINT('Origin',(-4.44089209850063E-15,1.77635683940025E-14,
0.));
#1897=CARTESIAN_POINT('Origin',(-4.44089209850063E-15,1.77635683940025E-14,
-1.));
#1898=UNCERTAINTY_MEASURE_WITH_UNIT(LENGTH_MEASURE(0.01),#1902,
'DISTANCE_ACCURACY_VALUE',
'Maximum model space distance between geometric entities at asserted c
onnectivities');
#1899=UNCERTAINTY_MEASURE_WITH_UNIT(LENGTH_MEASURE(0.01),#1902,
'DISTANCE_ACCURACY_VALUE',
'Maximum model space distance between geometric entities at asserted c
onnectivities');
#1900=(
GEOMETRIC_REPRESENTATION_CONTEXT(3)
GLOBAL_UNCERTAINTY_ASSIGNED_CONTEXT((#1898))
GLOBAL_UNIT_ASSIGNED_CONTEXT((#1902,#1904,#1905))
REPRESENTATION_CONTEXT('','3D')
);
#1901=(
GEOMETRIC_REPRESENTATION_CONTEXT(3)
GLOBAL_UNCERTAINTY_ASSIGNED_CONTEXT((#1899))
GLOBAL_UNIT_ASSIGNED_CONTEXT((#1902,#1904,#1905))
REPRESENTATION_CONTEXT('','3D')
);
#1902=(
LENGTH_UNIT()
NAMED_UNIT(*)
SI_UNIT(.MILLI.,.METRE.)
);
#1903=(
LENGTH_UNIT()
NAMED_UNIT(*)
SI_UNIT(.CENTI.,.METRE.)
);
#1904=(
NAMED_UNIT(*)
PLANE_ANGLE_UNIT()
SI_UNIT($,.RADIAN.)
);
#1905=(
NAMED_UNIT(*)
SI_UNIT($,.STERADIAN.)
SOLID_ANGLE_UNIT()
);
#1906=SHAPE_DEFINITION_REPRESENTATION(#1907,#1908);
#1907=PRODUCT_DEFINITION_SHAPE('',$,#1910);
#1908=SHAPE_REPRESENTATION('',(#990),#1900);
#1909=PRODUCT_DEFINITION_CONTEXT('part definition',#1914,'design');
#1910=PRODUCT_DEFINITION('Speaker 2040 8Ohm 2W','Speaker 2040 8Ohm 2W',
#1911,#1909);
#1911=PRODUCT_DEFINITION_FORMATION('',$,#1916);
#1912=PRODUCT_RELATED_PRODUCT_CATEGORY('Speaker 2040 8Ohm 2W',
'Speaker 2040 8Ohm 2W',(#1916));
#1913=APPLICATION_PROTOCOL_DEFINITION('international standard',
'automotive_design',2009,#1914);
#1914=APPLICATION_CONTEXT(
'Core Data for Automotive Mechanical Design Process');
#1915=PRODUCT_CONTEXT('part definition',#1914,'mechanical');
#1916=PRODUCT('Speaker 2040 8Ohm 2W','Speaker 2040 8Ohm 2W',$,(#1915));
#1917=PRESENTATION_STYLE_ASSIGNMENT((#1918));
#1918=SURFACE_STYLE_USAGE(.BOTH.,#1921);
#1919=SURFACE_STYLE_RENDERING_WITH_PROPERTIES($,#1925,(#1920));
#1920=SURFACE_STYLE_TRANSPARENT(0.);
#1921=SURFACE_SIDE_STYLE('',(#1922,#1919));
#1922=SURFACE_STYLE_FILL_AREA(#1923);
#1923=FILL_AREA_STYLE('',(#1924));
#1924=FILL_AREA_STYLE_COLOUR('',#1925);
#1925=COLOUR_RGB('',0.749019607843137,0.749019607843137,0.749019607843137);
ENDSEC;
END-ISO-10303-21;
