ISO-10303-21;
HEADER;
FILE_DESCRIPTION (( 'STEP AP203' ),
    '1' );
FILE_NAME ('91290A012_Alloy Steel Socket Head Screw.STEP',
    '2023-01-11T17:16:43',
    ( 'Administrator' ),
    ( 'Managed by Terraform' ),
    'SwSTEP 2.0',
    'SolidWorks 2017',
    '' );
FILE_SCHEMA (( 'CONFIG_CONTROL_DESIGN' ));
ENDSEC;

DATA;
#1 = CARTESIAN_POINT ( 'NONE',  ( 0.0000000000000000000, 5.256982008443607300E-056, -3.499999999999997800 ) ) ;
#2 = DIRECTION ( 'NONE',  ( 0.0000000000000000000, 1.000000000000000000, 0.0000000000000000000 ) ) ;
#3 = CARTESIAN_POINT ( 'NONE',  ( -9.064742275298811100E-017, -0.7401923788646683800, -1.849999999999996800 ) ) ;
#4 = CARTESIAN_POINT ( 'NONE',  ( 0.6900387220762547200, 0.6025823380033918900, 1.347499803145360200 ) ) ;
#5 = CARTESIAN_POINT ( 'NONE',  ( -1.179700538379251400, 7.223582441392798400E-017, -2.587499999999965300 ) ) ;
#6 = CARTESIAN_POINT ( 'NONE',  ( 0.8847754037844383100, -0.5108253175473058700, -2.395833333333365500 ) ) ;
#7 = CARTESIAN_POINT ( 'NONE',  ( 0.8547005383792514200, -1.570059417833504600E-016, -2.999999999999998200 ) ) ;
#8 = CARTESIAN_POINT ( 'NONE',  ( 1.154700538379252600, -2.121150477449814600E-016, 1.200000000000032800 ) ) ;
#9 = CARTESIAN_POINT ( 'NONE',  ( -1.224646799147354200E-016, -1.000000000000000700, -2.850000000000029400 ) ) ;
#10 = VERTEX_POINT ( 'NONE', #2119 ) ;
#11 = CARTESIAN_POINT ( 'NONE',  ( 0.6410254037844384000, -0.3700961894323345200, -1.783333333333330300 ) ) ;
#12 = CIRCLE ( 'NONE', #2609, 1.000000000000000000 ) ;
#13 = ORIENTED_EDGE ( 'NONE', *, *, #2236, .T. ) ;
#14 = CARTESIAN_POINT ( 'NONE',  ( 0.6410254037844384000, -0.3700961894323345200, -1.783333333333330300 ) ) ;
#15 = CARTESIAN_POINT ( 'NONE',  ( -0.6410254037844385100, 0.3700961894323343000, 0.8166666666666695400 ) ) ;
#16 = CARTESIAN_POINT ( 'NONE',  ( 0.2293000557255140700, -0.7736885000993012400, 1.283858681459981100 ) ) ;
#17 = CARTESIAN_POINT ( 'NONE',  ( 1.179700538379251400, -2.167074732417838900E-016, -1.987499999999965400 ) ) ;
#18 = CARTESIAN_POINT ( 'NONE',  ( 0.5898502691896252400, -1.021650635094611100, -1.229166666666698300 ) ) ;
#19 = ORIENTED_EDGE ( 'NONE', *, *, #716, .T. ) ;
#20 = CARTESIAN_POINT ( 'NONE',  ( -0.5773502691896260600, 1.000000000000000700, -1.416666666666696300 ) ) ;
#21 = CARTESIAN_POINT ( 'NONE',  ( 0.5773502691896257300, -1.000000000000001100, 1.133333333333366600 ) ) ;
#22 = ORIENTED_EDGE ( 'NONE', *, *, #1602, .F. ) ;
#23 = CARTESIAN_POINT ( 'NONE',  ( -0.6410254037844385100, 0.3700961894323343000, -1.983333333333330100 ) ) ;
#24 = CARTESIAN_POINT ( 'NONE',  ( 0.6410254037844388400, 0.3700961894323336300, 0.6833333333333361200 ) ) ;
#25 = CARTESIAN_POINT ( 'NONE',  ( 2.957037223606512900E-011, -0.7834936490557764500, 1.275000000001086800 ) ) ;
#26 = CARTESIAN_POINT ( 'NONE',  ( -0.5898502691896260200, -1.021650635094610600, 0.2791666666667014200 ) ) ;
#27 = CARTESIAN_POINT ( 'NONE',  ( -0.8847754037844384200, 0.5108253175473055400, -0.5958333333333648600 ) ) ;
#28 = COORDINATED_UNIVERSAL_TIME_OFFSET ( 6, 0, .BEHIND. ) ;
#29 = EDGE_CURVE ( 'NONE', #101, #2403, #2265, .T. ) ;
#30 = ADVANCED_FACE ( 'NONE', ( #1829 ), #595, .T. ) ;
#31 = CARTESIAN_POINT ( 'NONE',  ( 0.0000000000000000000, 0.7401923788646683800, -3.299999999999998000 ) ) ;
#32 = CARTESIAN_POINT ( 'NONE',  ( -0.7499999999999957800, -0.1521051355705939600, 3.319022690931727700 ) ) ;
#33 = CONICAL_SURFACE ( 'NONE', #2240, 1.800000000000000000, 0.7853981633974472800 ) ;
#34 = CARTESIAN_POINT ( 'NONE',  ( 0.8660254037844397100, 0.4999999999999995600, -2.366666666666634300 ) ) ;
#35 = CARTESIAN_POINT ( 'NONE',  ( -0.4273502691896256500, 0.7401923788646683800, -1.216666666666663500 ) ) ;
#36 = CARTESIAN_POINT ( 'NONE',  ( -0.8547005383792514200, 5.233531392778349000E-017, 1.250000000000002900 ) ) ;
#37 = CARTESIAN_POINT ( 'NONE',  ( -0.8847754037844385300, -0.5108253175473052000, -0.5541666666666320600 ) ) ;
#38 = CARTESIAN_POINT ( 'NONE',  ( 0.5898502691896262400, 1.021650635094610400, -0.2958333333333649800 ) ) ;
#39 = EDGE_CURVE ( 'NONE', #937, #1255, #1329, .T. ) ;
#40 = DIRECTION ( 'NONE',  ( 0.0000000000000000000, 0.0000000000000000000, -1.000000000000000000 ) ) ;
#41 = CARTESIAN_POINT ( 'NONE',  ( 0.0000000000000000000, 1.000000000000000700, -2.699999999999967800 ) ) ;
#42 = CARTESIAN_POINT ( 'NONE',  ( 0.4273502691896261500, 0.7401923788646680400, -1.333333333333331900 ) ) ;
#43 = ADVANCED_FACE ( 'NONE', ( #2630 ), #515, .T. ) ;
#44 = CARTESIAN_POINT ( 'NONE',  ( 0.6410254037844384000, -0.3700961894323345200, -0.5833333333333302600 ) ) ;
#45 = CARTESIAN_POINT ( 'NONE',  ( -0.4273502691896259900, -0.7401923788646680400, 0.5166666666666696100 ) ) ;
#46 = CARTESIAN_POINT ( 'NONE',  ( -1.179700538379251400, 7.223582441392798400E-017, -0.9874999999999654100 ) ) ;
#47 = CARTESIAN_POINT ( 'NONE',  ( 0.8847754037844383100, -0.5108253175473058700, -0.7958333333333649200 ) ) ;
#48 = LINE ( 'NONE', #1718, #2425 ) ;
#49 = ORIENTED_EDGE ( 'NONE', *, *, #1209, .F. ) ;
#50 = CARTESIAN_POINT ( 'NONE',  ( -0.8547005383792514200, 5.233531392778349000E-017, -3.599999999999998800 ) ) ;
#51 = AXIS2_PLACEMENT_3D ( 'NONE', #2738, #1291, #1272 ) ;
#52 = VERTEX_POINT ( 'NONE', #1125 ) ;
#53 = CYLINDRICAL_SURFACE ( 'NONE', #2936, 1.000000000000000700 ) ;
#54 =( BOUNDED_CURVE ( )  B_SPLINE_CURVE ( 2, ( #1679, #2934, #2443, #1721, #2925, #3166, #718 ),
 .UNSPECIFIED., .F., .T. ) 
 B_SPLINE_CURVE_WITH_KNOTS ( ( 3, 2, 2, 3 ),
 ( 0.1071428571428572100, 0.1190476190476190700, 0.1309523809523809300, 0.1428571428571429000 ),
 .UNSPECIFIED. ) 
 CURVE ( )  GEOMETRIC_REPRESENTATION_ITEM ( )  RATIONAL_B_SPLINE_CURVE ( ( 1.000000000000000000, 0.8660254037844387100, 1.000000000000000000, 0.8660254037844387100, 1.000000000000000000, 0.8660254037844387100, 1.000000000000000000 ) ) 
 REPRESENTATION_ITEM ( '' )  );
#55 = CARTESIAN_POINT ( 'NONE',  ( -1.224646799147354200E-016, -1.000000000000000700, -0.4999999999999673600 ) ) ;
#56 = CARTESIAN_POINT ( 'NONE',  ( -0.4273502691896259900, -0.7401923788646680400, -1.133333333333331700 ) ) ;
#57 = ORIENTED_EDGE ( 'NONE', *, *, #2295, .F. ) ;
#58 = CC_DESIGN_APPROVAL ( #1534, ( #1886 ) ) ;
#59 = ORIENTED_EDGE ( 'NONE', *, *, #2906, .T. ) ;
#60 = CARTESIAN_POINT ( 'NONE',  ( 0.6410254037844384000, -0.3700961894323345200, -0.5833333333333302600 ) ) ;
#61 = CARTESIAN_POINT ( 'NONE',  ( 0.8847754037844383100, -0.5108253175473058700, -0.02083333333329851300 ) ) ;
#62 = CARTESIAN_POINT ( 'NONE',  ( -0.5898502691896255800, 1.021650635094610800, -1.829166666666698100 ) ) ;
#63 = CARTESIAN_POINT ( 'NONE',  ( 0.4273502691896254900, -0.7401923788646686000, -2.666666666666665200 ) ) ;
#64 = CARTESIAN_POINT ( 'NONE',  ( -0.7499999999999955600, -0.2986886858037744500, 3.367886086671943300 ) ) ;
#65 = DIRECTION ( 'NONE',  ( -0.7071067811865487900, 8.659560562354948900E-017, 0.7071067811865463500 ) ) ;
#66 = CARTESIAN_POINT ( 'NONE',  ( 0.8547005383792514200, -1.570059417833504600E-016, -1.799999999999998500 ) ) ;
#67 = LINE ( 'NONE', #420, #2605 ) ;
#68 = CARTESIAN_POINT ( 'NONE',  ( 0.5773502691896267300, 1.000000000000000200, 0.8666666666666997800 ) ) ;
#69 = CARTESIAN_POINT ( 'NONE',  ( 0.0000000000000000000, 1.000000000000000700, 1.300000000000033100 ) ) ;
#70 = CARTESIAN_POINT ( 'NONE',  ( -0.5898502691896260200, -1.021650635094610600, -0.9208333333332987500 ) ) ;
#71 = AXIS2_PLACEMENT_3D ( 'NONE', #2955, #465, #2677 ) ;
#72 = CARTESIAN_POINT ( 'NONE',  ( -0.8547005383792513100, 5.233531392778349000E-017, -2.349999999999997000 ) ) ;
#73 = CARTESIAN_POINT ( 'NONE',  ( -0.6410254037844385100, 0.3700961894323343000, -0.8333333333333317100 ) ) ;
#74 = APPROVAL_STATUS ( 'not_yet_approved' ) ;
#75 = CARTESIAN_POINT ( 'NONE',  ( -0.4273502691896256000, 0.7401923788646683800, -2.466666666666664600 ) ) ;
#76 = CARTESIAN_POINT ( 'NONE',  ( -1.224646799147354200E-016, -1.000000000000000700, -1.299999999999967200 ) ) ;
#77 = CARTESIAN_POINT ( 'NONE',  ( -0.8547005383792514200, 5.233531392778349000E-017, -2.399999999999998600 ) ) ;
#78 = DIRECTION ( 'NONE',  ( -0.0000000000000000000, 7.509974297776586600E-057, -1.000000000000000000 ) ) ;
#79 = CARTESIAN_POINT ( 'NONE',  ( 0.0000000000000000000, 1.021650635094610800, 0.5125000000000345900 ) ) ;
#80 = CARTESIAN_POINT ( 'NONE',  ( -1.154700538379252600, 7.070501591499384000E-017, -0.9999999999999673600 ) ) ;
#81 = CARTESIAN_POINT ( 'NONE',  ( -0.6410254037844385100, 0.3700961894323343000, -2.383333333333330200 ) ) ;
#82 = CARTESIAN_POINT ( 'NONE',  ( -0.6410254037844386200, -0.3700961894323340200, -1.166666666666664700 ) ) ;
#83 = CARTESIAN_POINT ( 'NONE',  ( -9.064742275298811100E-017, -0.7401923788646683800, -1.499999999999998200 ) ) ;
#84 = CARTESIAN_POINT ( 'NONE',  ( 0.8660254037844389300, -0.5000000000000007800, -0.03333333333330047700 ) ) ;
#85 = CARTESIAN_POINT ( 'NONE',  ( -0.6410254037844385100, 0.3700961894323343000, -2.033333333333331400 ) ) ;
#86 = ORIENTED_EDGE ( 'NONE', *, *, #596, .F. ) ;
#87 = CIRCLE ( 'NONE', #2218, 1.899999999999999900 ) ;
#88 = EDGE_CURVE ( 'NONE', #2291, #1182, #1913, .T. ) ;
#89 = CARTESIAN_POINT ( 'NONE',  ( 1.285879139104722700E-016, -1.000000000000001300, 1.399999999999999200 ) ) ;
#90 = DIRECTION ( 'NONE',  ( 0.0000000000000000000, 1.000000000000000000, 0.0000000000000000000 ) ) ;
#91 = VECTOR ( 'NONE', #2279, 1000.000000000000000 ) ;
#92 = CARTESIAN_POINT ( 'NONE',  ( -0.8547005383792514200, 5.233531392778349000E-017, -3.149999999999996800 ) ) ;
#93 = CARTESIAN_POINT ( 'NONE',  ( 0.5898502691896262400, 1.021650635094610400, 1.304166666666634900 ) ) ;
#94 = ORIENTED_EDGE ( 'NONE', *, *, #1851, .T. ) ;
#95 = ORIENTED_EDGE ( 'NONE', *, *, #3121, .F. ) ;
#96 = CARTESIAN_POINT ( 'NONE',  ( 0.6410254037844388400, 0.3700961894323336300, -2.166666666666664700 ) ) ;
#97 = CARTESIAN_POINT ( 'NONE',  ( 0.6410254037844388400, 0.3700961894323336300, -1.766666666666665100 ) ) ;
#98 = ORIENTED_EDGE ( 'NONE', *, *, #1565, .F. ) ;
#99 = DIRECTION ( 'NONE',  ( 0.0000000000000000000, 1.000000000000000000, 7.509974297776586600E-057 ) ) ;
#100 = CARTESIAN_POINT ( 'NONE',  ( -9.064742275298811100E-017, -0.7401923788646683800, 0.5000000000000022200 ) ) ;
#101 = VERTEX_POINT ( 'NONE', #2835 ) ;
#102 = CARTESIAN_POINT ( 'NONE',  ( -9.064742275298811100E-017, -0.7401923788646683800, -1.449999999999996800 ) ) ;
#103 = EDGE_CURVE ( 'NONE', #2291, #10, #1692, .T. ) ;
#104 = CARTESIAN_POINT ( 'NONE',  ( 0.0000000000000000000, 1.000000000000000700, -1.499999999999967400 ) ) ;
#105 = DIRECTION ( 'NONE',  ( -0.0000000000000000000, 7.509974297776586600E-057, -1.000000000000000000 ) ) ;
#106 = CARTESIAN_POINT ( 'NONE',  ( -0.5898502691896255800, 1.021650635094610800, 1.345833333333367900 ) ) ;
#107 = CARTESIAN_POINT ( 'NONE',  ( 0.8847754037844388600, 0.5108253175473046500, 1.270833333333301700 ) ) ;
#108 = CARTESIAN_POINT ( 'NONE',  ( -0.6410254037844385100, 0.3700961894323343000, -1.983333333333330100 ) ) ;
#109 = CARTESIAN_POINT ( 'NONE',  ( 0.0000000000000000000, 0.7401923788646683800, -0.8999999999999984700 ) ) ;
#110 = PERSON_AND_ORGANIZATION_ROLE ( 'classification_officer' ) ;
#111 = CARTESIAN_POINT ( 'NONE',  ( 0.4273502691896254900, -0.7401923788646686000, -1.466666666666665200 ) ) ;
#112 = ADVANCED_FACE ( 'NONE', ( #2779 ), #1907, .T. ) ;
#113 = CARTESIAN_POINT ( 'NONE',  ( 0.4273502691896254900, -0.7401923788646686000, 0.1333333333333351400 ) ) ;
#114 = LINE ( 'NONE', #1203, #1194 ) ;
#115 = CARTESIAN_POINT ( 'NONE',  ( 0.8660254037844389300, -0.5000000000000007800, -3.183333333333362400 ) ) ;
#116 = DIRECTION ( 'NONE',  ( 1.000000000000000000, 1.224646799147353200E-016, 9.197065985450988600E-073 ) ) ;
#117 =( BOUNDED_CURVE ( )  B_SPLINE_CURVE ( 2, ( #9, #246, #1723, #1229, #1273, #257, #1023 ),
 .UNSPECIFIED., .F., .T. ) 
 B_SPLINE_CURVE_WITH_KNOTS ( ( 3, 2, 2, 3 ),
 ( 0.7857142857142857000, 0.7976190476190476700, 0.8095238095238095300, 0.8214285714285714000 ),
 .UNSPECIFIED. ) 
 CURVE ( )  GEOMETRIC_REPRESENTATION_ITEM ( )  RATIONAL_B_SPLINE_CURVE ( ( 1.000000000000000000, 0.8660254037844387100, 1.000000000000000000, 0.8660254037844387100, 1.000000000000000000, 0.8660254037844387100, 1.000000000000000000 ) ) 
 REPRESENTATION_ITEM ( '' )  );
#118 = CARTESIAN_POINT ( 'NONE',  ( 0.8847754037844388600, 0.5108253175473046500, 0.4458333333333683900 ) ) ;
#119 = CARTESIAN_POINT ( 'NONE',  ( -0.5898502691896260200, -1.021650635094610600, 0.7041666666666350800 ) ) ;
#120 = CARTESIAN_POINT ( 'NONE',  ( 0.0000000000000000000, 1.577094602533081600E-056, 1.399999999999999200 ) ) ;
#121 = CARTESIAN_POINT ( 'NONE',  ( 0.4273502691896261500, 0.7401923788646680400, 0.2666666666666685500 ) ) ;
#122 = CARTESIAN_POINT ( 'NONE',  ( 0.4273502691896254900, -0.7401923788646686000, -2.266666666666665300 ) ) ;
#123 = CARTESIAN_POINT ( 'NONE',  ( 0.4273502691896261500, 0.7401923788646680400, -0.8833333333333303100 ) ) ;
#124 = CARTESIAN_POINT ( 'NONE',  ( -9.064742275298811100E-017, -0.7401923788646683800, 1.300000000000001600 ) ) ;
#125 = EDGE_CURVE ( 'NONE', #1442, #1018, #1129, .T. ) ;
#126 = CARTESIAN_POINT ( 'NONE',  ( 0.0000000000000000000, 1.000000000000000700, 0.9000000000000327700 ) ) ;
#127 = CARTESIAN_POINT ( 'NONE',  ( 0.0000000000000000000, 1.000000000000000700, 0.5499999999999706200 ) ) ;
#128 = CARTESIAN_POINT ( 'NONE',  ( -0.4273502691896259900, -0.7401923788646680400, -3.483333333333330700 ) ) ;
#129 = CARTESIAN_POINT ( 'NONE',  ( -0.6410254037844385100, 0.3700961894323343000, -2.833333333333331700 ) ) ;
#130 = CARTESIAN_POINT ( 'NONE',  ( 0.5773502691896257300, -1.000000000000001100, -2.866666666666633800 ) ) ;
#131 = CARTESIAN_POINT ( 'NONE',  ( 0.4273502691896261500, 0.7401923788646680400, 0.6666666666666686300 ) ) ;
#132 = CARTESIAN_POINT ( 'NONE',  ( -0.4273502691896256000, 0.7401923788646683800, -0.8666666666666651400 ) ) ;
#133 = CARTESIAN_POINT ( 'NONE',  ( 0.0000000000000000000, 0.7401923788646683800, -2.049999999999997200 ) ) ;
#134 = ORIENTED_EDGE ( 'NONE', *, *, #282, .T. ) ;
#135 = CARTESIAN_POINT ( 'NONE',  ( -1.154700538379252600, 7.070501591499384000E-017, 0.6499999999999708200 ) ) ;
#136 = CARTESIAN_POINT ( 'NONE',  ( -0.6410254037844386200, -0.3700961894323340200, 0.4333333333333350700 ) ) ;
#137 = ORIENTED_EDGE ( 'NONE', *, *, #159, .T. ) ;
#138 = ORIENTED_EDGE ( 'NONE', *, *, #1751, .F. ) ;
#139 = AXIS2_PLACEMENT_3D ( 'NONE', #3028, #2543, #2055 ) ;
#140 = ORIENTED_EDGE ( 'NONE', *, *, #282, .F. ) ;
#141 = CARTESIAN_POINT ( 'NONE',  ( -1.224646799147354200E-016, -1.000000000000000700, 1.100000000000032300 ) ) ;
#142 = CARTESIAN_POINT ( 'NONE',  ( -0.8547005383792514200, 5.233531392778349000E-017, -2.749999999999997300 ) ) ;
#143 = CARTESIAN_POINT ( 'NONE',  ( -0.4273502691896256500, 0.7401923788646683800, -3.266666666666665300 ) ) ;
#144 = EDGE_LOOP ( 'NONE', ( #447, #2554, #1323, #888 ) ) ;
#145 = CARTESIAN_POINT ( 'NONE',  ( -0.6410254037844385100, 0.3700961894323343000, 0.7666666666666680500 ) ) ;
#146 = ADVANCED_FACE ( 'NONE', ( #1543 ), #3049, .T. ) ;
#147 = CARTESIAN_POINT ( 'NONE',  ( -0.6410254037844385100, 0.3700961894323343000, -0.7833333333333303300 ) ) ;
#148 = CARTESIAN_POINT ( 'NONE',  ( 0.4273502691896261500, 0.7401923788646680400, 1.466666666666668100 ) ) ;
#149 = EDGE_CURVE ( 'NONE', #2977, #2175, #2855, .T. ) ;
#150 = CALENDAR_DATE ( 2023, 11, 1 ) ;
#151 = CARTESIAN_POINT ( 'NONE',  ( 0.0000000000000000000, 1.000000000000001300, 1.399999999999999200 ) ) ;
#152 = CARTESIAN_POINT ( 'NONE',  ( 0.0000000000000000000, 1.000000000000000700, 0.1499999999999704600 ) ) ;
#153 = CARTESIAN_POINT ( 'NONE',  ( -0.4273502691896259900, -0.7401923788646680400, -2.733333333333331600 ) ) ;
#154 = DIRECTION ( 'NONE',  ( -0.0000000000000000000, 7.509974297776586600E-057, -1.000000000000000000 ) ) ;
#155 = CIRCLE ( 'NONE', #945, 1.000000000000001300 ) ;
#156 = CARTESIAN_POINT ( 'NONE',  ( 0.4273502691896254900, -0.7401923788646686000, 0.9333333333333354600 ) ) ;
#157 = CARTESIAN_POINT ( 'NONE',  ( 0.4273502691896261500, 0.7401923788646680400, -1.283333333333330300 ) ) ;
#158 = CARTESIAN_POINT ( 'NONE',  ( -9.064742275298811100E-017, -0.7401923788646683800, 0.5500000000000036000 ) ) ;
#159 = EDGE_CURVE ( 'NONE', #1254, #3026, #544, .T. ) ;
#160 =( BOUNDED_CURVE ( )  B_SPLINE_CURVE ( 2, ( #69, #2048, #2764, #2996, #2773 ),
 .UNSPECIFIED., .F., .T. ) 
 B_SPLINE_CURVE_WITH_KNOTS ( ( 3, 2, 3 ),
 ( 0.8571428571428571000, 0.8690476190476190700, 0.8749999999999944500 ),
 .UNSPECIFIED. ) 
 CURVE ( )  GEOMETRIC_REPRESENTATION_ITEM ( )  RATIONAL_B_SPLINE_CURVE ( ( 1.000000000000000000, 0.8660254037844387100, 1.000000000000000000, 0.9330127018922818000, 0.9330127018922194100 ) ) 
 REPRESENTATION_ITEM ( '' )  );
#161 = CARTESIAN_POINT ( 'NONE',  ( 0.8660254037844389300, -0.5000000000000007800, -1.583333333333362800 ) ) ;
#162 = CARTESIAN_POINT ( 'NONE',  ( 0.3081441285175564000, -0.6881183082356181500, 3.319185312303924100 ) ) ;
#163 = CARTESIAN_POINT ( 'NONE',  ( -0.6410254037844386200, -0.3700961894323340200, -0.7166666666666636800 ) ) ;
#164 = CARTESIAN_POINT ( 'NONE',  ( 0.4273502691896254900, -0.7401923788646686000, 0.1833333333333365400 ) ) ;
#165 = CARTESIAN_POINT ( 'NONE',  ( -0.8660254037844391500, 0.5000000000000004400, 0.5666666666666997400 ) ) ;
#166 = EDGE_CURVE ( 'NONE', #1588, #2251, #2878, .T. ) ;
#167 = FACE_OUTER_BOUND ( 'NONE', #2937, .T. ) ;
#168 = CARTESIAN_POINT ( 'NONE',  ( 0.6321118099071272300, -0.5010754801766107400, 3.366985316430569000 ) ) ;
#169 = ORIENTED_EDGE ( 'NONE', *, *, #1574, .F. ) ;
#170 = VECTOR ( 'NONE', #547, 1000.000000000000200 ) ;
#171 = CYLINDRICAL_SURFACE ( 'NONE', #2303, 1.899999999999999900 ) ;
#172 = CARTESIAN_POINT ( 'NONE',  ( 0.4273502691896261500, 0.7401923788646681500, -0.1333333333333316700 ) ) ;
#173 = CARTESIAN_POINT ( 'NONE',  ( 0.4273502691896261500, 0.7401923788646680400, 1.116666666666670200 ) ) ;
#174 = ORIENTED_EDGE ( 'NONE', *, *, #924, .F. ) ;
#175 = ORIENTED_EDGE ( 'NONE', *, *, #1155, .F. ) ;
#176 = CARTESIAN_POINT ( 'NONE',  ( 0.4273502691896261500, 0.7401923788646681500, 0.7166666666666701200 ) ) ;
#177 = CARTESIAN_POINT ( 'NONE',  ( -0.8660254037844391500, 0.5000000000000004400, -3.033333333333301200 ) ) ;
#178 = VERTEX_POINT ( 'NONE', #241 ) ;
#179 = DIRECTION ( 'NONE',  ( 0.0000000000000000000, 1.000000000000000000, 0.0000000000000000000 ) ) ;
#180 = DIRECTION ( 'NONE',  ( -0.0000000000000000000, 7.509974297776586600E-057, -1.000000000000000000 ) ) ;
#181 = ORIENTED_EDGE ( 'NONE', *, *, #1516, .T. ) ;
#182 = CARTESIAN_POINT ( 'NONE',  ( -0.6410254037844386200, -0.3700961894323340200, -3.116666666666663600 ) ) ;
#183 = B_SPLINE_CURVE_WITH_KNOTS ( 'NONE', 3,
 ( #1866, #599, #664, #2379, #1170, #3100, #2409, #894, #191, #2173, #2612, #939, #2876, #1148, #1414, #2884 ),
 .UNSPECIFIED., .F., .F.,
 ( 4, 2, 2, 2, 2, 2, 2, 4 ),
 ( 0.003073120328400472500, 0.003386910075745080700, 0.003700699823089689300, 0.004328279317778905600, 0.004642069065123512900, 0.004955858812468121000, 0.005269648559812730100, 0.005583438307157338200 ),
 .UNSPECIFIED. ) ;
#184 = CARTESIAN_POINT ( 'NONE',  ( -9.064742275298811100E-017, -0.7401923788646683800, 0.9000000000000014700 ) ) ;
#185 = CARTESIAN_POINT ( 'NONE',  ( 0.4273502691896261500, 0.7401923788646681500, -0.4833333333333299500 ) ) ;
#186 = CARTESIAN_POINT ( 'NONE',  ( 0.6410254037844388400, 0.3700961894323336300, 1.483333333333336500 ) ) ;
#187 = CARTESIAN_POINT ( 'NONE',  ( -0.6410254037844385100, 0.3700961894323343000, 1.166666666666668300 ) ) ;
#188 = CARTESIAN_POINT ( 'NONE',  ( -0.1185178268629905700, 0.7975991045413172200, 3.372451086626321100 ) ) ;
#189 = CARTESIAN_POINT ( 'NONE',  ( -1.224646799147354200E-016, -1.000000000000000700, 0.3000000000000325700 ) ) ;
#190 = DIRECTION ( 'NONE',  ( -0.0000000000000000000, 7.509974297776586600E-057, -1.000000000000000000 ) ) ;
#191 = CARTESIAN_POINT ( 'NONE',  ( 0.7858029131476598200, -0.1604731363060896400, -3.445097244604429200 ) ) ;
#192 = CARTESIAN_POINT ( 'NONE',  ( 0.0000000000000000000, 0.7401923788646683800, -2.849999999999997000 ) ) ;
#193 = CARTESIAN_POINT ( 'NONE',  ( 0.0000000000000000000, -1.768687320083342300E-071, 3.499999999999999600 ) ) ;
#194 = CARTESIAN_POINT ( 'NONE',  ( 0.8547005383792514200, -1.570059417833504600E-016, -0.1499999999999969400 ) ) ;
#195 = CARTESIAN_POINT ( 'NONE',  ( 0.0000000000000000000, 0.7401923788646683800, 0.7000000000000018400 ) ) ;
#196 = CARTESIAN_POINT ( 'NONE',  ( -0.3081441285175552900, 0.6881183082356210300, 3.319185312303925400 ) ) ;
#197 = CARTESIAN_POINT ( 'NONE',  ( -9.823663185709716600E-016, -0.8660254037844323800, -0.7912878474779098100 ) ) ;
#198 = CARTESIAN_POINT ( 'NONE',  ( 0.0000000000000000000, 1.000000000000000700, -3.499999999999997800 ) ) ;
#199 = EDGE_CURVE ( 'NONE', #2978, #2145, #2366, .T. ) ;
#200 = CARTESIAN_POINT ( 'NONE',  ( 1.062684893481085500E-016, 0.7401923788646683800, -3.499999999999999600 ) ) ;
#201 = CARTESIAN_POINT ( 'NONE',  ( 0.0000000000000000000, 1.000000000000000700, -1.899999999999967300 ) ) ;
#202 = B_SPLINE_CURVE_WITH_KNOTS ( 'NONE', 3,
 ( #3000, #32, #64, #2262 ),
 .UNSPECIFIED., .F., .F.,
 ( 4, 4 ),
 ( 0.0009082819007006155900, 0.001356685703864972700 ),
 .UNSPECIFIED. ) ;
#203 = CARTESIAN_POINT ( 'NONE',  ( -0.4273502691896256500, 0.7401923788646683800, 0.7833333333333364300 ) ) ;
#204 = CARTESIAN_POINT ( 'NONE',  ( -9.064742275298811100E-017, -0.7401923788646683800, -0.2999999999999981600 ) ) ;
#205 = CARTESIAN_POINT ( 'NONE',  ( 0.7499999999999997800, -0.4330127018922127500, 3.435048094716167500 ) ) ;
#206 = EDGE_CURVE ( 'NONE', #1365, #1715, #3102, .T. ) ;
#207 = CARTESIAN_POINT ( 'NONE',  ( -0.8660254037844393700, -0.5000000000000001100, -2.516666666666695900 ) ) ;
#208 = FACE_OUTER_BOUND ( 'NONE', #2826, .T. ) ;
#209 = ORIENTED_EDGE ( 'NONE', *, *, #1970, .T. ) ;
#210 = ORIENTED_EDGE ( 'NONE', *, *, #697, .F. ) ;
#211 = CARTESIAN_POINT ( 'NONE',  ( -0.5773502691896260600, 1.000000000000000700, 0.9833333333333039700 ) ) ;
#212 = EDGE_LOOP ( 'NONE', ( #1793, #2703, #1876, #1409 ) ) ;
#213 = VERTEX_POINT ( 'NONE', #219 ) ;
#214 =( BOUNDED_SURFACE ( )  B_SPLINE_SURFACE ( 1, 2, ( 
 ( #2455, #252, #1996, #1227, #2440, #1952, #2692, #3173, #993, #1243, #950, #2945, #1445, #2212, #2962, #714, #2952, #496, #3183, #2428, #968, #513, #1462, #702, #983, #731, #2199, #5, #2447, #1978, #2696, #1233, #1474, #1726, #2420, #1703, #961, #224, #2674, #2684, #504, #1218, #2225, #724, #1735, #17, #230, #261, #1207, #2922, #1694, #298, #1494, #773, #1027, #2971, #542, #2017, #2049, #1048, #535, #2987, #1269, #287, #786, #1536, #2245, #1501, #2502, #2259, #2010, #1527, #308, #2234, #319, #46, #2494, #70, #2747, #1277, #3006, #2997, #764, #529, #2483, #752, #1749, #1775, #37, #1762, #1514, #1015, #2765, #2757, #797, #2733, #2519, #2028, #2472, #1039, #2270, #1002, #1287, #1782, #61, #2039, #1297, #2723, #554, #2278, #3018, #1795, #1259, #26, #274, #576, #1842, #842, #118, #2572, #79, #586, #1546, #3030, #2535, #2808, #1814, #2331, #366, #1854, #1080, #2310, #1804, #2546, #3038, #852, #1108, #2559, #1567, #2819, #1308, #2081, #1354, #333, #1343, #106, #3045, #2056, #831, #378, #2800, #566, #1094, #600, #341, #3057, #1824, #2090, #352, #2320, #1577, #1331, #2287 ),
 ( #610, #1071, #3069, #2072, #1593, #128, #2298, #2788, #807, #2528, #1060, #2774, #819, #1317, #1557, #92, #389, #1366, #2846, #2598, #3078, #1123, #2833, #1606, #2117, #1136, #2581, #142, #630, #1867, #869, #2355, #877, #2102, #619, #2343, #874, #1893, #2110, #1374, #1619, #1128, #2577, #616, #1115, #847, #373, #393, #133, #383, #1599, #857, #1388, #1382, #2608, #2825, #1152, #1860, #1099, #2849, #2838, #648, #635, #403, #3093, #623, #3104, #2564, #2348, #2130, #642, #157, #2588, #2122, #3083, #1358, #2367, #1140, #890, #2857, #2096, #1612, #1847, #123, #3073, #1881, #147, #1629, #163, #2133, #1870, #2358, #2337, #883, #2602, #414, #2814, #1348, #3062, #1582, #3111, #682, #943, #422, #1427, #194, #1660, #2147, #920, #2185, #2641, #463, #2653, #2401, #430, #1675, #1923, #1933, #440, #2167, #931, #1417, #2376, #1653, #2628, #1900, #2615, #2380, #2901, #1166, #3143, #2157, #216, #203, #910, #2880, #1198, #900, #1686, #1187, #1644, #1175, #2888, #173, #453, #670, #1159, #2913, #2385, #3119, #1408, #3132, #2177, #1939, #186, #1910, #693, #2411, #655, #2662, #1435, #2871, #1395 ) ),
 .UNSPECIFIED., .F., .F., .T. ) 
 B_SPLINE_SURFACE_WITH_KNOTS ( ( 2, 2 ),
 ( 3, 2, 2, 2, 2, 2, 2, 2, 2, 2, 2, 2, 2, 2, 2, 2, 2, 2, 2, 2, 2, 2, 2, 2, 2, 2, 2, 2, 2, 2, 2, 2, 2, 2, 2, 2, 2, 2, 2, 2, 2, 2, 2, 2, 2, 2, 2, 2, 2, 2, 2, 2, 2, 2, 2, 2, 2, 2, 2, 2, 2, 2, 2, 2, 2, 2, 2, 2, 2, 2, 2, 2, 2, 2, 2, 2, 2, 2, 2, 2, 2, 3 ),
 ( 0.0000000000000000000, 1.000000000000000000 ),
 ( 0.0000000000000000000, 0.01190476190476190400, 0.02380952380952380800, 0.03571428571428571200, 0.04761904761904761600, 0.05952380952380952100, 0.07142857142857142500, 0.08333333333333332900, 0.09523809523809523300, 0.1071428571428571400, 0.1190476190476190400, 0.1309523809523809600, 0.1428571428571428500, 0.1547619047619047700, 0.1666666666666666600, 0.1785714285714285800, 0.1904761904761904700, 0.2023809523809523800, 0.2142857142857142700, 0.2261904761904761900, 0.2380952380952380800, 0.2500000000000000000, 0.2619047619047619200, 0.2738095238095238400, 0.2857142857142857000, 0.2976190476190476200, 0.3095238095238095300, 0.3214285714285714500, 0.3333333333333333100, 0.3452380952380952300, 0.3571428571428571500, 0.3690476190476190700, 0.3809523809523809300, 0.3928571428571428500, 0.4047619047619047700, 0.4166666666666666900, 0.4285714285714285500, 0.4404761904761904700, 0.4523809523809523800, 0.4642857142857143000, 0.4761904761904761600, 0.4880952380952380800, 0.5000000000000000000, 0.5119047619047618600, 0.5238095238095238400, 0.5357142857142857000, 0.5476190476190476700, 0.5595238095238095300, 0.5714285714285714000, 0.5833333333333333700, 0.5952380952380952300, 0.6071428571428571000, 0.6190476190476190700, 0.6309523809523809300, 0.6428571428571429000, 0.6547619047619047700, 0.6666666666666666300, 0.6785714285714286000, 0.6904761904761904700, 0.7023809523809523300, 0.7142857142857143000, 0.7261904761904761600, 0.7380952380952381400, 0.7500000000000000000, 0.7619047619047618600, 0.7738095238095238400, 0.7857142857142857000, 0.7976190476190476700, 0.8095238095238095300, 0.8214285714285714000, 0.8333333333333333700, 0.8452380952380952300, 0.8571428571428571000, 0.8690476190476190700, 0.8809523809523809300, 0.8928571428571429000, 0.9047619047619047700, 0.9166666666666666300, 0.9285714285714286000, 0.9404761904761904700, 0.9523809523809523300, 0.9642857142857143000 ),
 .UNSPECIFIED. ) 
 GEOMETRIC_REPRESENTATION_ITEM ( )  RATIONAL_B_SPLINE_SURFACE ( (
 ( 1.000000000000000000, 0.8660254037844387100, 1.000000000000000000, 0.8660254037844387100, 1.000000000000000000, 0.8660254037844387100, 1.000000000000000000, 0.8660254037844387100, 1.000000000000000000, 0.8660254037844387100, 1.000000000000000000, 0.8660254037844387100, 1.000000000000000000, 0.8660254037844387100, 1.000000000000000000, 0.8660254037844387100, 1.000000000000000000, 0.8660254037844387100, 1.000000000000000000, 0.8660254037844387100, 1.000000000000000000, 0.8660254037844387100, 1.000000000000000000, 0.8660254037844387100, 1.000000000000000000, 0.8660254037844387100, 1.000000000000000000, 0.8660254037844387100, 1.000000000000000000, 0.8660254037844387100, 1.000000000000000000, 0.8660254037844387100, 1.000000000000000000, 0.8660254037844387100, 1.000000000000000000, 0.8660254037844387100, 1.000000000000000000, 0.8660254037844387100, 1.000000000000000000, 0.8660254037844387100, 1.000000000000000000, 0.8660254037844387100, 1.000000000000000000, 0.8660254037844387100, 1.000000000000000000, 0.8660254037844387100, 1.000000000000000000, 0.8660254037844387100, 1.000000000000000000, 0.8660254037844387100, 1.000000000000000000, 0.8660254037844387100, 1.000000000000000000, 0.8660254037844387100, 1.000000000000000000, 0.8660254037844387100, 1.000000000000000000, 0.8660254037844387100, 1.000000000000000000, 0.8660254037844387100, 1.000000000000000000, 0.8660254037844387100, 1.000000000000000000, 0.8660254037844387100, 1.000000000000000000, 0.8660254037844387100, 1.000000000000000000, 0.8660254037844387100, 1.000000000000000000, 0.8660254037844387100, 1.000000000000000000, 0.8660254037844387100, 1.000000000000000000, 0.8660254037844387100, 1.000000000000000000, 0.8660254037844387100, 1.000000000000000000, 0.8660254037844387100, 1.000000000000000000, 0.8660254037844387100, 1.000000000000000000, 0.8660254037844387100, 1.000000000000000000, 0.8660254037844387100, 1.000000000000000000, 0.8660254037844387100, 1.000000000000000000, 0.8660254037844387100, 1.000000000000000000, 0.8660254037844387100, 1.000000000000000000, 0.8660254037844387100, 1.000000000000000000, 0.8660254037844387100, 1.000000000000000000, 0.8660254037844387100, 1.000000000000000000, 0.8660254037844387100, 1.000000000000000000, 0.8660254037844387100, 1.000000000000000000, 0.8660254037844387100, 1.000000000000000000, 0.8660254037844387100, 1.000000000000000000, 0.8660254037844387100, 1.000000000000000000, 0.8660254037844387100, 1.000000000000000000, 0.8660254037844387100, 1.000000000000000000, 0.8660254037844387100, 1.000000000000000000, 0.8660254037844387100, 1.000000000000000000, 0.8660254037844387100, 1.000000000000000000, 0.8660254037844387100, 1.000000000000000000, 0.8660254037844387100, 1.000000000000000000, 0.8660254037844387100, 1.000000000000000000, 0.8660254037844387100, 1.000000000000000000, 0.8660254037844387100, 1.000000000000000000, 0.8660254037844387100, 1.000000000000000000, 0.8660254037844387100, 1.000000000000000000, 0.8660254037844387100, 1.000000000000000000, 0.8660254037844387100, 1.000000000000000000, 0.8660254037844387100, 1.000000000000000000, 0.8660254037844387100, 1.000000000000000000, 0.8660254037844387100, 1.000000000000000000, 0.8660254037844387100, 1.000000000000000000, 0.8660254037844387100, 1.000000000000000000, 0.8660254037844387100, 1.000000000000000000, 0.8660254037844387100, 1.000000000000000000, 0.8660254037844387100, 1.000000000000000000, 0.8660254037844387100, 1.000000000000000000, 0.8660254037844387100, 1.000000000000000000, 0.8660254037844387100, 1.000000000000000000, 0.8660254037844387100, 1.000000000000000000, 0.8660254037844387100, 1.000000000000000000, 0.8660254037844387100, 1.000000000000000000),
 ( 1.000000000000000000, 0.8660254037844387100, 1.000000000000000000, 0.8660254037844387100, 1.000000000000000000, 0.8660254037844387100, 1.000000000000000000, 0.8660254037844387100, 1.000000000000000000, 0.8660254037844387100, 1.000000000000000000, 0.8660254037844387100, 1.000000000000000000, 0.8660254037844387100, 1.000000000000000000, 0.8660254037844387100, 1.000000000000000000, 0.8660254037844387100, 1.000000000000000000, 0.8660254037844387100, 1.000000000000000000, 0.8660254037844387100, 1.000000000000000000, 0.8660254037844387100, 1.000000000000000000, 0.8660254037844387100, 1.000000000000000000, 0.8660254037844387100, 1.000000000000000000, 0.8660254037844387100, 1.000000000000000000, 0.8660254037844387100, 1.000000000000000000, 0.8660254037844387100, 1.000000000000000000, 0.8660254037844387100, 1.000000000000000000, 0.8660254037844387100, 1.000000000000000000, 0.8660254037844387100, 1.000000000000000000, 0.8660254037844387100, 1.000000000000000000, 0.8660254037844387100, 1.000000000000000000, 0.8660254037844387100, 1.000000000000000000, 0.8660254037844387100, 1.000000000000000000, 0.8660254037844387100, 1.000000000000000000, 0.8660254037844387100, 1.000000000000000000, 0.8660254037844387100, 1.000000000000000000, 0.8660254037844387100, 1.000000000000000000, 0.8660254037844387100, 1.000000000000000000, 0.8660254037844387100, 1.000000000000000000, 0.8660254037844387100, 1.000000000000000000, 0.8660254037844387100, 1.000000000000000000, 0.8660254037844387100, 1.000000000000000000, 0.8660254037844387100, 1.000000000000000000, 0.8660254037844387100, 1.000000000000000000, 0.8660254037844387100, 1.000000000000000000, 0.8660254037844387100, 1.000000000000000000, 0.8660254037844387100, 1.000000000000000000, 0.8660254037844387100, 1.000000000000000000, 0.8660254037844387100, 1.000000000000000000, 0.8660254037844387100, 1.000000000000000000, 0.8660254037844387100, 1.000000000000000000, 0.8660254037844387100, 1.000000000000000000, 0.8660254037844387100, 1.000000000000000000, 0.8660254037844387100, 1.000000000000000000, 0.8660254037844387100, 1.000000000000000000, 0.8660254037844387100, 1.000000000000000000, 0.8660254037844387100, 1.000000000000000000, 0.8660254037844387100, 1.000000000000000000, 0.8660254037844387100, 1.000000000000000000, 0.8660254037844387100, 1.000000000000000000, 0.8660254037844387100, 1.000000000000000000, 0.8660254037844387100, 1.000000000000000000, 0.8660254037844387100, 1.000000000000000000, 0.8660254037844387100, 1.000000000000000000, 0.8660254037844387100, 1.000000000000000000, 0.8660254037844387100, 1.000000000000000000, 0.8660254037844387100, 1.000000000000000000, 0.8660254037844387100, 1.000000000000000000, 0.8660254037844387100, 1.000000000000000000, 0.8660254037844387100, 1.000000000000000000, 0.8660254037844387100, 1.000000000000000000, 0.8660254037844387100, 1.000000000000000000, 0.8660254037844387100, 1.000000000000000000, 0.8660254037844387100, 1.000000000000000000, 0.8660254037844387100, 1.000000000000000000, 0.8660254037844387100, 1.000000000000000000, 0.8660254037844387100, 1.000000000000000000, 0.8660254037844387100, 1.000000000000000000, 0.8660254037844387100, 1.000000000000000000, 0.8660254037844387100, 1.000000000000000000, 0.8660254037844387100, 1.000000000000000000, 0.8660254037844387100, 1.000000000000000000, 0.8660254037844387100, 1.000000000000000000, 0.8660254037844387100, 1.000000000000000000, 0.8660254037844387100, 1.000000000000000000, 0.8660254037844387100, 1.000000000000000000, 0.8660254037844387100, 1.000000000000000000, 0.8660254037844387100, 1.000000000000000000, 0.8660254037844387100, 1.000000000000000000, 0.8660254037844387100, 1.000000000000000000) ) ) 
 REPRESENTATION_ITEM ( '' )  SURFACE ( )  );
#215 = CARTESIAN_POINT ( 'NONE',  ( 0.5073539086306210200, 0.5731044880621372100, 3.331350129109559100 ) ) ;
#216 = CARTESIAN_POINT ( 'NONE',  ( 0.0000000000000000000, 0.7401923788646683800, 0.7500000000000032200 ) ) ;
#217 = CARTESIAN_POINT ( 'NONE',  ( -1.251161180115475900E-016, -1.021650635094610800, -2.462500000000031400 ) ) ;
#218 = ORIENTED_EDGE ( 'NONE', *, *, #2618, .T. ) ;
#219 = CARTESIAN_POINT ( 'NONE',  ( 0.0000000000000000000, 1.000000000000000700, -3.099999999999967200 ) ) ;
#220 = CARTESIAN_POINT ( 'NONE',  ( 0.5773502691896267300, 1.000000000000000200, -1.533333333333300600 ) ) ;
#221 = AXIS2_PLACEMENT_3D ( 'NONE', #1902, #2150, #1926 ) ;
#222 = CARTESIAN_POINT ( 'NONE',  ( 0.8547005383792514200, -1.570059417833504600E-016, -1.749999999999997100 ) ) ;
#223 = CARTESIAN_POINT ( 'NONE',  ( 0.2454358550358753900, 0.7243229468106859900, 3.318702545239034000 ) ) ;
#224 = CARTESIAN_POINT ( 'NONE',  ( -0.5898502691896255800, 1.021650635094610800, -2.254166666666631800 ) ) ;
#225 = CARTESIAN_POINT ( 'NONE',  ( -1.179700538379251400, 7.223582441392798400E-017, -2.162500000000031600 ) ) ;
#226 = CC_DESIGN_DATE_AND_TIME_ASSIGNMENT ( #1030, #835, ( #1752 ) ) ;
#227 = PLANE ( 'NONE',  #3179 ) ;
#228 = CARTESIAN_POINT ( 'NONE',  ( 0.4273502691896254900, -0.7401923788646686000, -1.416666666666663600 ) ) ;
#229 = DIRECTION ( 'NONE',  ( 0.0000000000000000000, 1.000000000000000000, 0.0000000000000000000 ) ) ;
#230 = CARTESIAN_POINT ( 'NONE',  ( 0.8847754037844388600, 0.5108253175473046500, -1.954166666666632000 ) ) ;
#231 = CARTESIAN_POINT ( 'NONE',  ( -1.179700538379251400, 7.223582441392798400E-017, -2.962500000000031400 ) ) ;
#232 = CARTESIAN_POINT ( 'NONE',  ( -1.224646799147354200E-016, -1.000000000000000700, -2.450000000000029500 ) ) ;
#233 = CARTESIAN_POINT ( 'NONE',  ( -0.5773502691896264000, -1.000000000000000400, -1.733333333333300500 ) ) ;
#234 =( NAMED_UNIT ( * ) SI_UNIT ( $, .STERADIAN. ) SOLID_ANGLE_UNIT ( ) );
#235 = CARTESIAN_POINT ( 'NONE',  ( -0.4273502691896259900, -0.7401923788646680400, -3.083333333333330400 ) ) ;
#236 = LINE ( 'NONE', #2636, #280 ) ;
#237 = DIRECTION ( 'NONE',  ( -0.0000000000000000000, 7.509974297776586600E-057, -1.000000000000000000 ) ) ;
#238 = CARTESIAN_POINT ( 'NONE',  ( 0.8847754037844388600, 0.5108253175473046500, -3.129166666666698400 ) ) ;
#239 = ORIENTED_EDGE ( 'NONE', *, *, #531, .F. ) ;
#240 = VECTOR ( 'NONE', #2292, 1000.000000000000000 ) ;
#241 = CARTESIAN_POINT ( 'NONE',  ( -1.224646799147354200E-016, -1.000000000000000700, -1.250000000000029300 ) ) ;
#242 = VECTOR ( 'NONE', #1765, 1000.000000000000100 ) ;
#243 = CARTESIAN_POINT ( 'NONE',  ( 0.5773502691896257300, -1.000000000000001100, -1.266666666666634000 ) ) ;
#244 = ORIENTED_EDGE ( 'NONE', *, *, #254, .F. ) ;
#245 = ORIENTED_EDGE ( 'NONE', *, *, #103, .T. ) ;
#246 = CARTESIAN_POINT ( 'NONE',  ( -0.5773502691896264000, -1.000000000000000400, -2.883333333333362600 ) ) ;
#247 = CARTESIAN_POINT ( 'NONE',  ( -0.8547005383792514200, 5.233531392778349000E-017, -1.949999999999996800 ) ) ;
#248 = VERTEX_POINT ( 'NONE', #1707 ) ;
#249 = ORIENTED_EDGE ( 'NONE', *, *, #1476, .T. ) ;
#250 = CARTESIAN_POINT ( 'NONE',  ( -0.4273502691896256000, 0.7401923788646683800, -1.616666666666663600 ) ) ;
#251 = CARTESIAN_POINT ( 'NONE',  ( 0.5414122160149926800, -0.6306414100418049600, 1.297924616558483500 ) ) ;
#252 = CARTESIAN_POINT ( 'NONE',  ( -0.5898502691896255800, 1.021650635094610800, -3.454166666666632400 ) ) ;
#253 = CARTESIAN_POINT ( 'NONE',  ( 1.179700538379251400, -2.167074732417838900E-016, -3.562500000000032000 ) ) ;
#254 = EDGE_CURVE ( 'NONE', #1251, #981, #2390, .T. ) ;
#255 = CARTESIAN_POINT ( 'NONE',  ( -0.4273502691896256500, 0.7401923788646683800, -2.866666666666665400 ) ) ;
#256 = CARTESIAN_POINT ( 'NONE',  ( -0.5773502691896260600, 1.000000000000000700, -1.016666666666696100 ) ) ;
#257 = CARTESIAN_POINT ( 'NONE',  ( -0.5773502691896260600, 1.000000000000000700, -3.016666666666695500 ) ) ;
#258 = CARTESIAN_POINT ( 'NONE',  ( 0.6410254037844384000, -0.3700961894323345200, -3.383333333333330200 ) ) ;
#259 = CARTESIAN_POINT ( 'NONE',  ( -0.6410254037844385100, 0.3700961894323343000, 0.01666666666667003500 ) ) ;
#260 = CARTESIAN_POINT ( 'NONE',  ( 0.7559244207346153000, 0.5058917985453094100, 1.343711933093131300 ) ) ;
#261 = CARTESIAN_POINT ( 'NONE',  ( 0.5898502691896262400, 1.021650635094610400, -1.920833333333298800 ) ) ;
#262 = CARTESIAN_POINT ( 'NONE',  ( -0.8847754037844385300, -0.5108253175473052000, -0.5291666666666982000 ) ) ;
#263 = EDGE_CURVE ( 'NONE', #981, #2977, #1090, .T. ) ;
#264 = DIRECTION ( 'NONE',  ( 8.659560562354925500E-017, 0.7071067811865468000, 0.7071067811865483500 ) ) ;
#265 = DIRECTION ( 'NONE',  ( 1.000000000000000000, 0.0000000000000000000, 0.0000000000000000000 ) ) ;
#266 = CARTESIAN_POINT ( 'NONE',  ( -0.8660254037844393700, -0.5000000000000001100, -0.9166666666666962700 ) ) ;
#267 = CARTESIAN_POINT ( 'NONE',  ( 0.5773502691896257300, -1.000000000000001100, -2.466666666666634800 ) ) ;
#268 = CARTESIAN_POINT ( 'NONE',  ( -0.8547005383792514200, 5.233531392778349000E-017, -0.7499999999999967800 ) ) ;
#269 = ADVANCED_FACE ( 'NONE', ( #438 ), #1054, .T. ) ;
#270 = ORIENTED_EDGE ( 'NONE', *, *, #2457, .F. ) ;
#271 = CARTESIAN_POINT ( 'NONE',  ( -0.6410254037844386200, -0.3700961894323340200, -1.116666666666663400 ) ) ;
#272 = CARTESIAN_POINT ( 'NONE',  ( -0.4273502691896259900, -0.7401923788646680400, 0.9166666666666698500 ) ) ;
#273 = CARTESIAN_POINT ( 'NONE',  ( 0.8703747280495421900, 0.1829546966404467800, 1.331949796389723300 ) ) ;
#274 = CARTESIAN_POINT ( 'NONE',  ( -1.251161180115475900E-016, -1.021650635094610800, 0.3125000000000345300 ) ) ;
#275 = CARTESIAN_POINT ( 'NONE',  ( -1.179700538379251400, 7.223582441392798400E-017, -0.5625000000000317500 ) ) ;
#276 = CARTESIAN_POINT ( 'NONE',  ( -0.8547005383792514200, 5.233531392778349000E-017, -3.199999999999998400 ) ) ;
#277 = CARTESIAN_POINT ( 'NONE',  ( 0.0000000000000000000, 1.000000000000000700, -0.6999999999999674300 ) ) ;
#278 = CARTESIAN_POINT ( 'NONE',  ( -0.5773502691896264000, -1.000000000000000400, 0.2666666666666994100 ) ) ;
#279 = CARTESIAN_POINT ( 'NONE',  ( -9.064742275298811100E-017, -0.7401923788646683800, -1.049999999999996700 ) ) ;
#280 = VECTOR ( 'NONE', #3126, 1000.000000000000000 ) ;
#281 = ORIENTED_EDGE ( 'NONE', *, *, #2797, .F. ) ;
#282 = EDGE_CURVE ( 'NONE', #2667, #559, #2729, .T. ) ;
#283 = ORIENTED_EDGE ( 'NONE', *, *, #2569, .T. ) ;
#284 = EDGE_LOOP ( 'NONE', ( #174, #1946, #1405, #1146 ) ) ;
#285 = CARTESIAN_POINT ( 'NONE',  ( -0.4273502691896259900, -0.7401923788646680400, 1.316666666666670000 ) ) ;
#286 = CARTESIAN_POINT ( 'NONE',  ( -0.8660254037844393700, -0.5000000000000001100, -0.5166666666666960300 ) ) ;
#287 = CARTESIAN_POINT ( 'NONE',  ( -1.179700538379251400, 7.223582441392798400E-017, -1.387499999999965100 ) ) ;
#288 = CARTESIAN_POINT ( 'NONE',  ( -0.5898502691896255800, 1.021650635094610800, -0.2291666666666982200 ) ) ;
#289 = VERTEX_POINT ( 'NONE', #2215 ) ;
#290 = ADVANCED_FACE ( 'NONE', ( #1706 ), #2948, .T. ) ;
#291 = CARTESIAN_POINT ( 'NONE',  ( -0.4273502691896259900, -0.7401923788646680400, -3.533333333333331900 ) ) ;
#292 = ORIENTED_EDGE ( 'NONE', *, *, #396, .F. ) ;
#293 = CARTESIAN_POINT ( 'NONE',  ( 2.326828918379971400E-016, -1.899999999999999900, -3.499999999999997800 ) ) ;
#294 = CARTESIAN_POINT ( 'NONE',  ( 0.4273502691896261500, 0.7401923788646680400, -0.9333333333333316800 ) ) ;
#295 = CARTESIAN_POINT ( 'NONE',  ( 0.8547005383792513100, -1.570059417833504600E-016, -0.5499999999999967100 ) ) ;
#296 = CARTESIAN_POINT ( 'NONE',  ( 0.4273502691896261500, 0.7401923788646680400, 1.516666666666669900 ) ) ;
#297 = CARTESIAN_POINT ( 'NONE',  ( 0.0000000000000000000, 1.000000000000000700, -2.699999999999967800 ) ) ;
#298 = CARTESIAN_POINT ( 'NONE',  ( -1.179700538379251400, 7.223582441392798400E-017, -1.787499999999965200 ) ) ;
#299 = CARTESIAN_POINT ( 'NONE',  ( 0.8847754037844388600, 0.5108253175473046500, -1.529166666666698100 ) ) ;
#300 = APPROVAL_PERSON_ORGANIZATION ( #607, #1941, #356 ) ;
#301 = CARTESIAN_POINT ( 'NONE',  ( 0.4273502691896261500, 0.7401923788646680400, -2.933333333333331300 ) ) ;
#302 = CARTESIAN_POINT ( 'NONE',  ( -0.8547005383792513100, 5.233531392778349000E-017, -3.199999999999998400 ) ) ;
#303 = LINE ( 'NONE', #955, #2842 ) ;
#304 = CARTESIAN_POINT ( 'NONE',  ( 0.0000000000000000000, 1.000000000000000700, 0.1000000000000329200 ) ) ;
#305 = CARTESIAN_POINT ( 'NONE',  ( -0.6410254037844385100, 0.3700961894323343000, -2.433333333333331800 ) ) ;
#306 = CARTESIAN_POINT ( 'NONE',  ( 0.6410254037844388400, 0.3700961894323336300, -0.1166666666666633700 ) ) ;
#307 = CARTESIAN_POINT ( 'NONE',  ( 0.0000000000000000000, 1.000000000000000700, -3.499999999999997800 ) ) ;
#308 = CARTESIAN_POINT ( 'NONE',  ( 0.0000000000000000000, 1.021650635094610800, -1.087499999999965300 ) ) ;
#309 = CARTESIAN_POINT ( 'NONE',  ( -1.179700538379251400, 7.223582441392798400E-017, -1.762500000000031500 ) ) ;
#310 = EDGE_CURVE ( 'NONE', #1590, #2069, #2593, .T. ) ;
#311 =( BOUNDED_CURVE ( )  B_SPLINE_CURVE ( 2, ( #867, #1147, #893, #1364, #2852, #1391, #1865 ),
 .UNSPECIFIED., .F., .T. ) 
 B_SPLINE_CURVE_WITH_KNOTS ( ( 3, 2, 2, 3 ),
 ( 0.2857142857142857000, 0.2976190476190476700, 0.3095238095238095300, 0.3214285714285714000 ),
 .UNSPECIFIED. ) 
 CURVE ( )  GEOMETRIC_REPRESENTATION_ITEM ( )  RATIONAL_B_SPLINE_CURVE ( ( 1.000000000000000000, 0.8660254037844387100, 1.000000000000000000, 0.8660254037844387100, 1.000000000000000000, 0.8660254037844387100, 1.000000000000000000 ) ) 
 REPRESENTATION_ITEM ( '' )  );
#312 = CARTESIAN_POINT ( 'NONE',  ( -0.4273502691896256500, 0.7401923788646683800, -1.266666666666665100 ) ) ;
#313 = APPLICATION_PROTOCOL_DEFINITION ( 'international standard', 'config_control_design', 1994, #2803 ) ;
#314 = CARTESIAN_POINT ( 'NONE',  ( 0.7499999999999997800, -1.047819327944827100E-020, 3.319022690931732600 ) ) ;
#315 = CARTESIAN_POINT ( 'NONE',  ( 0.4273502691896261500, 0.7401923788646680400, -1.733333333333331400 ) ) ;
#316 = EDGE_CURVE ( 'NONE', #407, #937, #1950, .T. ) ;
#317 = CARTESIAN_POINT ( 'NONE',  ( 1.224646799147354200E-016, -1.000000000000000700, -3.499999999999997800 ) ) ;
#318 = CARTESIAN_POINT ( 'NONE',  ( 0.0000000000000000000, 1.426895116577549600E-056, 1.599999999999999900 ) ) ;
#319 = CARTESIAN_POINT ( 'NONE',  ( -0.8847754037844384200, 0.5108253175473055400, -1.020833333333298600 ) ) ;
#320 = CARTESIAN_POINT ( 'NONE',  ( 0.0000000000000000000, 1.021650635094610800, 0.5374999999999685600 ) ) ;
#321 = FACE_OUTER_BOUND ( 'NONE', #1508, .T. ) ;
#322 = CARTESIAN_POINT ( 'NONE',  ( -0.8547005383792514200, 5.233531392778349000E-017, -0.7999999999999981600 ) ) ;
#323 = CARTESIAN_POINT ( 'NONE',  ( -1.224646799147354200E-016, -1.000000000000000700, -1.699999999999967100 ) ) ;
#324 = VERTEX_POINT ( 'NONE', #1488 ) ;
#325 = VECTOR ( 'NONE', #3024, 1000.000000000000000 ) ;
#326 = CYLINDRICAL_SURFACE ( 'NONE', #1531, 1.000000000000000700 ) ;
#327 = CARTESIAN_POINT ( 'NONE',  ( -0.4273502691896259900, -0.7401923788646680400, -2.333333333333331700 ) ) ;
#328 = ORIENTED_EDGE ( 'NONE', *, *, #2188, .T. ) ;
#329 = ORIENTED_EDGE ( 'NONE', *, *, #2307, .F. ) ;
#330 = EDGE_CURVE ( 'NONE', #2900, #2667, #1834, .T. ) ;
#331 = ORIENTED_EDGE ( 'NONE', *, *, #2457, .T. ) ;
#332 = CARTESIAN_POINT ( 'NONE',  ( 0.0000000000000000000, 5.061867152734326000E-056, -3.240192378864666300 ) ) ;
#333 = CARTESIAN_POINT ( 'NONE',  ( 0.5898502691896262400, 1.021650635094610400, 1.279166666666701600 ) ) ;
#334 = CARTESIAN_POINT ( 'NONE',  ( -1.224646799147354200E-016, -1.000000000000000700, -0.8999999999999671600 ) ) ;
#335 = ORIENTED_EDGE ( 'NONE', *, *, #2352, .T. ) ;
#336 = CARTESIAN_POINT ( 'NONE',  ( 0.8547005383792514200, -1.570059417833504600E-016, -1.799999999999998500 ) ) ;
#337 = CARTESIAN_POINT ( 'NONE',  ( 0.6410254037844388400, 0.3700961894323336300, -2.166666666666664700 ) ) ;
#338 = CARTESIAN_POINT ( 'NONE',  ( 0.0000000000000000000, -6.162975822039154700E-030, 0.8226497308103670700 ) ) ;
#339 = CARTESIAN_POINT ( 'NONE',  ( 0.4273502691896254900, -0.7401923788646686000, -1.866666666666664900 ) ) ;
#340 = CARTESIAN_POINT ( 'NONE',  ( -0.5773502691896264000, -1.000000000000000400, 0.3166666666666370600 ) ) ;
#341 = CARTESIAN_POINT ( 'NONE',  ( 0.8847754037844388600, 0.5108253175473046500, 1.645833333333368100 ) ) ;
#342 = CARTESIAN_POINT ( 'NONE',  ( 0.5898502691896262400, 1.021650635094610400, 0.5041666666666354500 ) ) ;
#343 = CARTESIAN_POINT ( 'NONE',  ( -0.8547005383792514200, 5.233531392778349000E-017, -1.599999999999998100 ) ) ;
#344 = CARTESIAN_POINT ( 'NONE',  ( -0.8547005383792513100, 5.233531392778349000E-017, -1.199999999999998600 ) ) ;
#345 = CARTESIAN_POINT ( 'NONE',  ( -0.5773502691896260600, 1.000000000000000700, -1.816666666666696000 ) ) ;
#346 = CARTESIAN_POINT ( 'NONE',  ( 0.6410254037844388400, 0.3700961894323336300, -0.1666666666666648000 ) ) ;
#347 = EDGE_CURVE ( 'NONE', #1787, #2184, #1450, .T. ) ;
#348 =( GEOMETRIC_REPRESENTATION_CONTEXT ( 3 ) GLOBAL_UNCERTAINTY_ASSIGNED_CONTEXT ( ( #2635 ) ) GLOBAL_UNIT_ASSIGNED_CONTEXT ( ( #719, #1459, #234 ) ) REPRESENTATION_CONTEXT ( 'NONE', 'WORKASPACE' ) );
#349 = ADVANCED_FACE ( 'NONE', ( #971 ), #2973, .T. ) ;
#350 = DIRECTION ( 'NONE',  ( -0.0000000000000000000, 7.509974297776586600E-057, -1.000000000000000000 ) ) ;
#351 =( BOUNDED_SURFACE ( )  B_SPLINE_SURFACE ( 1, 2, ( 
 ( #3137, #1930, #688, #1195, #2669, #2909, #1205, #419, #258, #2966, #1712, #2435, #979, #1732, #2694, #3170, #502, #235, #1468, #957, #2453, #1991, #493, #1724, #2196, #2719, #964, #510, #721, #991, #1700, #1230, #2463, #2689, #2706, #2190, #1948, #735, #1253, #710, #2424, #1239, #1224, #1975, #1490, #2950, #2938, #2221, #1966, #2682, #23, #247, #1452, #2959, #3, #1483, #11, #222, #2927, #2232, #3181, #470, #748, #729, #2207, #998, #478, #228, #1213, #1959, #1460, #2445, #1498, #35, #2003, #1758, #1008, #2489, #279, #761, #2015, #533, #2253, #770, #522, #2241, #1742, #268, #2480, #2728, #1265, #2980, #60, #1241, #1780, #2257, #2755, #771, #2481, #540, #2731, #1524, #2008, #2268, #503, #512, #306, #1733, #2960, #785, #259, #2223, #739, #1492, #2454, #1484, #2721, #1994, #2233, #1286, #751, #1276, #2500, #1513, #992, #45, #1037, #1257, #1000, #2710, #24, #527, #3004, #2469, #15, #2969, #1747, #272, #2243, #762, #1267, #2027, #2985, #1013, #2492, #1499, #1760, #36, #2745, #285, #2016, #534, #1025, #2995, #1773, #296, #1455, #2192, #2388, #1868, #2820, #878, #2332 ),
 ( #2599, #2103, #2118, #2128, #1607, #379, #2356, #2582, #1110, #640, #390, #1355, #2847, #143, #631, #1137, #2363, #3070, #3089, #870, #611, #1380, #1617, #3079, #1877, #620, #129, #401, #853, #153, #1594, #2573, #1855, #2834, #2344, #1124, #1367, #1304, #305, #77, #2782, #327, #2525, #1036, #1521, #2054, #2993, #803, #2034, #2065, #85, #827, #2023, #2540, #3025, #339, #1541, #66, #1313, #315, #2306, #2762, #3035, #1274, #1282, #1076, #2498, #538, #1553, #2752, #1510, #42, #2275, #1769, #2264, #548, #3002, #56, #580, #1779, #573, #1810, #2293, #294, #812, #782, #793, #2511, #1044, #1294, #3012, #1533, #1791, #2045, #561, #2282, #1055, #2771, #1801, #2532, #1068, #2098, #2555, #3075, #1102, #860, #346, #1863, #1132, #3064, #1118, #1573, #2124, #1836, #2841, #113, #385, #1587, #2317, #2579, #839, #2113, #1563, #1327, #136, #637, #100, #1819, #625, #2087, #1361, #2359, #617, #359, #1601, #2816, #2077, #885, #2828, #1086, #2350, #2339, #876, #2591, #2603, #2806, #1377, #2567, #3042, #3084, #124, #1849, #1613, #3052, #1339, #148, #1874, #395, #593, #2795, #605, #2326, #848 ) ),
 .UNSPECIFIED., .F., .F., .T. ) 
 B_SPLINE_SURFACE_WITH_KNOTS ( ( 2, 2 ),
 ( 3, 2, 2, 2, 2, 2, 2, 2, 2, 2, 2, 2, 2, 2, 2, 2, 2, 2, 2, 2, 2, 2, 2, 2, 2, 2, 2, 2, 2, 2, 2, 2, 2, 2, 2, 2, 2, 2, 2, 2, 2, 2, 2, 2, 2, 2, 2, 2, 2, 2, 2, 2, 2, 2, 2, 2, 2, 2, 2, 2, 2, 2, 2, 2, 2, 2, 2, 2, 2, 2, 2, 2, 2, 2, 2, 2, 2, 2, 2, 2, 2, 3 ),
 ( 0.0000000000000000000, 1.000000000000000000 ),
 ( 0.0000000000000000000, 0.01190476190476190400, 0.02380952380952380800, 0.03571428571428571200, 0.04761904761904761600, 0.05952380952380952100, 0.07142857142857142500, 0.08333333333333332900, 0.09523809523809523300, 0.1071428571428571400, 0.1190476190476190400, 0.1309523809523809600, 0.1428571428571428500, 0.1547619047619047700, 0.1666666666666666600, 0.1785714285714285800, 0.1904761904761904700, 0.2023809523809523800, 0.2142857142857142700, 0.2261904761904761900, 0.2380952380952380800, 0.2500000000000000000, 0.2619047619047619200, 0.2738095238095238400, 0.2857142857142857000, 0.2976190476190476200, 0.3095238095238095300, 0.3214285714285714500, 0.3333333333333333100, 0.3452380952380952300, 0.3571428571428571500, 0.3690476190476190700, 0.3809523809523809300, 0.3928571428571428500, 0.4047619047619047700, 0.4166666666666666900, 0.4285714285714285500, 0.4404761904761904700, 0.4523809523809523800, 0.4642857142857143000, 0.4761904761904761600, 0.4880952380952380800, 0.5000000000000000000, 0.5119047619047618600, 0.5238095238095238400, 0.5357142857142857000, 0.5476190476190476700, 0.5595238095238095300, 0.5714285714285714000, 0.5833333333333333700, 0.5952380952380952300, 0.6071428571428571000, 0.6190476190476190700, 0.6309523809523809300, 0.6428571428571429000, 0.6547619047619047700, 0.6666666666666666300, 0.6785714285714286000, 0.6904761904761904700, 0.7023809523809523300, 0.7142857142857143000, 0.7261904761904761600, 0.7380952380952381400, 0.7500000000000000000, 0.7619047619047618600, 0.7738095238095238400, 0.7857142857142857000, 0.7976190476190476700, 0.8095238095238095300, 0.8214285714285714000, 0.8333333333333333700, 0.8452380952380952300, 0.8571428571428571000, 0.8690476190476190700, 0.8809523809523809300, 0.8928571428571429000, 0.9047619047619047700, 0.9166666666666666300, 0.9285714285714286000, 0.9404761904761904700, 0.9523809523809523300, 0.9642857142857143000 ),
 .UNSPECIFIED. ) 
 GEOMETRIC_REPRESENTATION_ITEM ( )  RATIONAL_B_SPLINE_SURFACE ( (
 ( 1.000000000000000000, 0.8660254037844387100, 1.000000000000000000, 0.8660254037844387100, 1.000000000000000000, 0.8660254037844387100, 1.000000000000000000, 0.8660254037844387100, 1.000000000000000000, 0.8660254037844387100, 1.000000000000000000, 0.8660254037844387100, 1.000000000000000000, 0.8660254037844387100, 1.000000000000000000, 0.8660254037844387100, 1.000000000000000000, 0.8660254037844387100, 1.000000000000000000, 0.8660254037844387100, 1.000000000000000000, 0.8660254037844387100, 1.000000000000000000, 0.8660254037844387100, 1.000000000000000000, 0.8660254037844387100, 1.000000000000000000, 0.8660254037844387100, 1.000000000000000000, 0.8660254037844387100, 1.000000000000000000, 0.8660254037844387100, 1.000000000000000000, 0.8660254037844387100, 1.000000000000000000, 0.8660254037844387100, 1.000000000000000000, 0.8660254037844387100, 1.000000000000000000, 0.8660254037844387100, 1.000000000000000000, 0.8660254037844387100, 1.000000000000000000, 0.8660254037844387100, 1.000000000000000000, 0.8660254037844387100, 1.000000000000000000, 0.8660254037844387100, 1.000000000000000000, 0.8660254037844387100, 1.000000000000000000, 0.8660254037844387100, 1.000000000000000000, 0.8660254037844387100, 1.000000000000000000, 0.8660254037844387100, 1.000000000000000000, 0.8660254037844387100, 1.000000000000000000, 0.8660254037844387100, 1.000000000000000000, 0.8660254037844387100, 1.000000000000000000, 0.8660254037844387100, 1.000000000000000000, 0.8660254037844387100, 1.000000000000000000, 0.8660254037844387100, 1.000000000000000000, 0.8660254037844387100, 1.000000000000000000, 0.8660254037844387100, 1.000000000000000000, 0.8660254037844387100, 1.000000000000000000, 0.8660254037844387100, 1.000000000000000000, 0.8660254037844387100, 1.000000000000000000, 0.8660254037844387100, 1.000000000000000000, 0.8660254037844387100, 1.000000000000000000, 0.8660254037844387100, 1.000000000000000000, 0.8660254037844387100, 1.000000000000000000, 0.8660254037844387100, 1.000000000000000000, 0.8660254037844387100, 1.000000000000000000, 0.8660254037844387100, 1.000000000000000000, 0.8660254037844387100, 1.000000000000000000, 0.8660254037844387100, 1.000000000000000000, 0.8660254037844387100, 1.000000000000000000, 0.8660254037844387100, 1.000000000000000000, 0.8660254037844387100, 1.000000000000000000, 0.8660254037844387100, 1.000000000000000000, 0.8660254037844387100, 1.000000000000000000, 0.8660254037844387100, 1.000000000000000000, 0.8660254037844387100, 1.000000000000000000, 0.8660254037844387100, 1.000000000000000000, 0.8660254037844387100, 1.000000000000000000, 0.8660254037844387100, 1.000000000000000000, 0.8660254037844387100, 1.000000000000000000, 0.8660254037844387100, 1.000000000000000000, 0.8660254037844387100, 1.000000000000000000, 0.8660254037844387100, 1.000000000000000000, 0.8660254037844387100, 1.000000000000000000, 0.8660254037844387100, 1.000000000000000000, 0.8660254037844387100, 1.000000000000000000, 0.8660254037844387100, 1.000000000000000000, 0.8660254037844387100, 1.000000000000000000, 0.8660254037844387100, 1.000000000000000000, 0.8660254037844387100, 1.000000000000000000, 0.8660254037844387100, 1.000000000000000000, 0.8660254037844387100, 1.000000000000000000, 0.8660254037844387100, 1.000000000000000000, 0.8660254037844387100, 1.000000000000000000, 0.8660254037844387100, 1.000000000000000000, 0.8660254037844387100, 1.000000000000000000, 0.8660254037844387100, 1.000000000000000000, 0.8660254037844387100, 1.000000000000000000, 0.8660254037844387100, 1.000000000000000000, 0.8660254037844387100, 1.000000000000000000, 0.8660254037844387100, 1.000000000000000000, 0.8660254037844387100, 1.000000000000000000),
 ( 1.000000000000000000, 0.8660254037844387100, 1.000000000000000000, 0.8660254037844387100, 1.000000000000000000, 0.8660254037844387100, 1.000000000000000000, 0.8660254037844387100, 1.000000000000000000, 0.8660254037844387100, 1.000000000000000000, 0.8660254037844387100, 1.000000000000000000, 0.8660254037844387100, 1.000000000000000000, 0.8660254037844387100, 1.000000000000000000, 0.8660254037844387100, 1.000000000000000000, 0.8660254037844387100, 1.000000000000000000, 0.8660254037844387100, 1.000000000000000000, 0.8660254037844387100, 1.000000000000000000, 0.8660254037844387100, 1.000000000000000000, 0.8660254037844387100, 1.000000000000000000, 0.8660254037844387100, 1.000000000000000000, 0.8660254037844387100, 1.000000000000000000, 0.8660254037844387100, 1.000000000000000000, 0.8660254037844387100, 1.000000000000000000, 0.8660254037844387100, 1.000000000000000000, 0.8660254037844387100, 1.000000000000000000, 0.8660254037844387100, 1.000000000000000000, 0.8660254037844387100, 1.000000000000000000, 0.8660254037844387100, 1.000000000000000000, 0.8660254037844387100, 1.000000000000000000, 0.8660254037844387100, 1.000000000000000000, 0.8660254037844387100, 1.000000000000000000, 0.8660254037844387100, 1.000000000000000000, 0.8660254037844387100, 1.000000000000000000, 0.8660254037844387100, 1.000000000000000000, 0.8660254037844387100, 1.000000000000000000, 0.8660254037844387100, 1.000000000000000000, 0.8660254037844387100, 1.000000000000000000, 0.8660254037844387100, 1.000000000000000000, 0.8660254037844387100, 1.000000000000000000, 0.8660254037844387100, 1.000000000000000000, 0.8660254037844387100, 1.000000000000000000, 0.8660254037844387100, 1.000000000000000000, 0.8660254037844387100, 1.000000000000000000, 0.8660254037844387100, 1.000000000000000000, 0.8660254037844387100, 1.000000000000000000, 0.8660254037844387100, 1.000000000000000000, 0.8660254037844387100, 1.000000000000000000, 0.8660254037844387100, 1.000000000000000000, 0.8660254037844387100, 1.000000000000000000, 0.8660254037844387100, 1.000000000000000000, 0.8660254037844387100, 1.000000000000000000, 0.8660254037844387100, 1.000000000000000000, 0.8660254037844387100, 1.000000000000000000, 0.8660254037844387100, 1.000000000000000000, 0.8660254037844387100, 1.000000000000000000, 0.8660254037844387100, 1.000000000000000000, 0.8660254037844387100, 1.000000000000000000, 0.8660254037844387100, 1.000000000000000000, 0.8660254037844387100, 1.000000000000000000, 0.8660254037844387100, 1.000000000000000000, 0.8660254037844387100, 1.000000000000000000, 0.8660254037844387100, 1.000000000000000000, 0.8660254037844387100, 1.000000000000000000, 0.8660254037844387100, 1.000000000000000000, 0.8660254037844387100, 1.000000000000000000, 0.8660254037844387100, 1.000000000000000000, 0.8660254037844387100, 1.000000000000000000, 0.8660254037844387100, 1.000000000000000000, 0.8660254037844387100, 1.000000000000000000, 0.8660254037844387100, 1.000000000000000000, 0.8660254037844387100, 1.000000000000000000, 0.8660254037844387100, 1.000000000000000000, 0.8660254037844387100, 1.000000000000000000, 0.8660254037844387100, 1.000000000000000000, 0.8660254037844387100, 1.000000000000000000, 0.8660254037844387100, 1.000000000000000000, 0.8660254037844387100, 1.000000000000000000, 0.8660254037844387100, 1.000000000000000000, 0.8660254037844387100, 1.000000000000000000, 0.8660254037844387100, 1.000000000000000000, 0.8660254037844387100, 1.000000000000000000, 0.8660254037844387100, 1.000000000000000000, 0.8660254037844387100, 1.000000000000000000, 0.8660254037844387100, 1.000000000000000000, 0.8660254037844387100, 1.000000000000000000, 0.8660254037844387100, 1.000000000000000000) ) ) 
 REPRESENTATION_ITEM ( '' )  SURFACE ( )  );
#352 = CARTESIAN_POINT ( 'NONE',  ( -0.8847754037844384200, 0.5108253175473055400, 1.779166666666701400 ) ) ;
#353 = CARTESIAN_POINT ( 'NONE',  ( -0.5898502691896260200, -1.021650635094610600, 1.504166666666635600 ) ) ;
#354 = CARTESIAN_POINT ( 'NONE',  ( 0.8547005383792513100, -1.570059417833504600E-016, -2.549999999999996300 ) ) ;
#355 = CARTESIAN_POINT ( 'NONE',  ( -0.6410254037844385100, 0.3700961894323343000, -2.033333333333331400 ) ) ;
#356 = APPROVAL_ROLE ( '' ) ;
#357 = CARTESIAN_POINT ( 'NONE',  ( 0.0000000000000000000, 0.7401923788646683800, -1.299999999999998300 ) ) ;
#358 = CARTESIAN_POINT ( 'NONE',  ( -0.5186004454877136700, -0.5281461309801305200, 1.249999999999997100 ) ) ;
#359 = CARTESIAN_POINT ( 'NONE',  ( -0.4273502691896256500, 0.7401923788646683800, 0.7333333333333349500 ) ) ;
#360 = FACE_OUTER_BOUND ( 'NONE', #2790, .T. ) ;
#361 = FACE_OUTER_BOUND ( 'NONE', #284, .T. ) ;
#362 = EDGE_CURVE ( 'NONE', #2175, #2512, #2624, .T. ) ;
#363 = CARTESIAN_POINT ( 'NONE',  ( -0.5773502691896260600, 1.000000000000000700, 0.9333333333333661000 ) ) ;
#364 = CARTESIAN_POINT ( 'NONE',  ( -1.460909258808084300E-013, -0.9937822173508676900, -3.246410161513798400 ) ) ;
#365 = ORIENTED_EDGE ( 'NONE', *, *, #1378, .T. ) ;
#366 = CARTESIAN_POINT ( 'NONE',  ( 0.8847754037844383100, -0.5108253175473058700, 0.7791666666667014200 ) ) ;
#367 = CARTESIAN_POINT ( 'NONE',  ( -0.5898502691896260200, -1.021650635094610600, 1.104166666666635400 ) ) ;
#368 = EDGE_LOOP ( 'NONE', ( #2137, #2107, #1789, #2791 ) ) ;
#369 = VERTEX_POINT ( 'NONE', #1990 ) ;
#370 = CARTESIAN_POINT ( 'NONE',  ( 0.6410254037844384000, -0.3700961894323345200, 0.9666666666666686700 ) ) ;
#371 = CARTESIAN_POINT ( 'NONE',  ( 0.6410254037844384000, -0.3700961894323345200, -1.833333333333331700 ) ) ;
#372 = ADVANCED_FACE ( 'NONE', ( #1172 ), #633, .T. ) ;
#373 = CARTESIAN_POINT ( 'NONE',  ( 0.6410254037844388400, 0.3700961894323336300, -2.116666666666663600 ) ) ;
#374 = EDGE_LOOP ( 'NONE', ( #1589, #1833 ) ) ;
#375 = ORIENTED_EDGE ( 'NONE', *, *, #1634, .F. ) ;
#376 = EDGE_CURVE ( 'NONE', #324, #3128, #117, .T. ) ;
#377 = CARTESIAN_POINT ( 'NONE',  ( 0.5773502691896267300, 1.000000000000000200, -1.483333333333362500 ) ) ;
#378 = CARTESIAN_POINT ( 'NONE',  ( -0.5898502691896260200, -1.021650635094610600, 1.479166666666701600 ) ) ;
#379 = CARTESIAN_POINT ( 'NONE',  ( -0.4273502691896259900, -0.7401923788646680400, -3.533333333333331900 ) ) ;
#380 = CARTESIAN_POINT ( 'NONE',  ( 0.8660254037844397100, 0.4999999999999995600, -2.766666666666634200 ) ) ;
#381 = CARTESIAN_POINT ( 'NONE',  ( -9.064742275298811100E-017, -0.7401923788646683800, 0.9000000000000014700 ) ) ;
#382 = CARTESIAN_POINT ( 'NONE',  ( -0.8547005383792513100, 5.233531392778349000E-017, -1.999999999999998200 ) ) ;
#383 = CARTESIAN_POINT ( 'NONE',  ( -0.4273502691896256500, 0.7401923788646683800, -2.016666666666663500 ) ) ;
#384 = VECTOR ( 'NONE', #757, 1000.000000000000000 ) ;
#385 = CARTESIAN_POINT ( 'NONE',  ( 0.6410254037844384000, -0.3700961894323345200, 0.1666666666666682700 ) ) ;
#386 = ADVANCED_FACE ( 'NONE', ( #3014 ), #53, .T. ) ;
#387 = CARTESIAN_POINT ( 'NONE',  ( -1.224646799147354200E-016, -1.000000000000000700, 0.3499999999999710600 ) ) ;
#388 = DIRECTION ( 'NONE',  ( 8.659560562354961200E-017, -0.7071067811865499000, -0.7071067811865452400 ) ) ;
#389 = CARTESIAN_POINT ( 'NONE',  ( -0.6410254037844386200, -0.3700961894323340200, -3.116666666666663600 ) ) ;
#390 = CARTESIAN_POINT ( 'NONE',  ( 0.6410254037844388400, 0.3700961894323336300, -3.366666666666664900 ) ) ;
#391 = AXIS2_PLACEMENT_3D ( 'NONE', #3016, #583, #2517 ) ;
#392 = DIRECTION ( 'NONE',  ( 0.0000000000000000000, 1.000000000000000000, 0.0000000000000000000 ) ) ;
#393 = CARTESIAN_POINT ( 'NONE',  ( 0.4273502691896261500, 0.7401923788646680400, -2.083333333333330400 ) ) ;
#394 = CARTESIAN_POINT ( 'NONE',  ( -0.8660254037844393700, -0.5000000000000001100, -1.716666666666696100 ) ) ;
#395 = CARTESIAN_POINT ( 'NONE',  ( -0.4273502691896256500, 0.7401923788646683800, 1.533333333333335400 ) ) ;
#396 = EDGE_CURVE ( 'NONE', #1912, #2548, #1138, .T. ) ;
#397 = CC_DESIGN_APPROVAL ( #1941, ( #1752 ) ) ;
#398 =( BOUNDED_CURVE ( )  B_SPLINE_CURVE ( 2, ( #2957, #490, #2727, #1956, #727, #2935, #1722 ),
 .UNSPECIFIED., .F., .T. ) 
 B_SPLINE_CURVE_WITH_KNOTS ( ( 3, 2, 2, 3 ),
 ( 0.03571428571428569800, 0.04761904761904767200, 0.05952380952380953400, 0.07142857142857139700 ),
 .UNSPECIFIED. ) 
 CURVE ( )  GEOMETRIC_REPRESENTATION_ITEM ( )  RATIONAL_B_SPLINE_CURVE ( ( 1.000000000000000000, 0.8660254037844387100, 1.000000000000000000, 0.8660254037844387100, 1.000000000000000000, 0.8660254037844387100, 1.000000000000000000 ) ) 
 REPRESENTATION_ITEM ( '' )  );
#399 = CARTESIAN_POINT ( 'NONE',  ( -0.5773502691896264000, -1.000000000000000400, 1.066666666666699500 ) ) ;
#400 = DIRECTION ( 'NONE',  ( -0.0000000000000000000, -0.0000000000000000000, 1.000000000000000000 ) ) ;
#401 = CARTESIAN_POINT ( 'NONE',  ( -0.8547005383792514200, 5.233531392778349000E-017, -2.799999999999998500 ) ) ;
#402 = CARTESIAN_POINT ( 'NONE',  ( -0.7401923788788785700, 5.927878925093764900E-014, 1.250000000008202100 ) ) ;
#403 = CARTESIAN_POINT ( 'NONE',  ( -0.8547005383792514200, 5.233531392778349000E-017, -1.549999999999996900 ) ) ;
#404 = VECTOR ( 'NONE', #3150, 1000.000000000000000 ) ;
#405 = CARTESIAN_POINT ( 'NONE',  ( -0.4273502691896256000, 0.7401923788646683800, 0.3833333333333362500 ) ) ;
#406 = ORIENTED_EDGE ( 'NONE', *, *, #743, .T. ) ;
#407 = VERTEX_POINT ( 'NONE', #1757 ) ;
#408 = CARTESIAN_POINT ( 'NONE',  ( 0.0000000000000000000, 1.000000000000000700, -3.499999999999997800 ) ) ;
#409 = CARTESIAN_POINT ( 'NONE',  ( -1.224646799147354200E-016, -1.000000000000000700, -2.499999999999967600 ) ) ;
#410 = ORIENTED_EDGE ( 'NONE', *, *, #849, .F. ) ;
#411 = CARTESIAN_POINT ( 'NONE',  ( 0.0000000000000000000, 1.000000000000000700, -2.699999999999967800 ) ) ;
#412 = ORIENTED_EDGE ( 'NONE', *, *, #2557, .T. ) ;
#413 = CARTESIAN_POINT ( 'NONE',  ( 0.0000000000000000000, 0.7401923788646683800, 0.3000000000000016500 ) ) ;
#414 = CARTESIAN_POINT ( 'NONE',  ( 0.4273502691896261500, 0.7401923788646680400, -0.4833333333333299500 ) ) ;
#415 = AXIS2_PLACEMENT_3D ( 'NONE', #1026, #495, #1717 ) ;
#416 = ORIENTED_EDGE ( 'NONE', *, *, #754, .T. ) ;
#417 = CARTESIAN_POINT ( 'NONE',  ( 0.0000000000000000000, 0.7401923788646683800, 0.7500000000000032200 ) ) ;
#418 = CARTESIAN_POINT ( 'NONE',  ( -0.8660254037844392600, -0.5000000000000001100, 0.6333333333333660600 ) ) ;
#419 = CARTESIAN_POINT ( 'NONE',  ( 0.4273502691896254900, -0.7401923788646686000, -3.416666666666663900 ) ) ;
#420 = CARTESIAN_POINT ( 'NONE',  ( 0.0000000000000000000, -1.800000000000000000, 1.499999999999999600 ) ) ;
#421 = CARTESIAN_POINT ( 'NONE',  ( 0.6410254037844384000, -0.3700961894323345200, 0.5666666666666684300 ) ) ;
#422 = CARTESIAN_POINT ( 'NONE',  ( 0.4273502691896254900, -0.7401923788646686000, -0.2166666666666636200 ) ) ;
#423 = CARTESIAN_POINT ( 'NONE',  ( -0.4273502691896256000, 0.7401923788646683800, 1.183333333333336500 ) ) ;
#424 = CARTESIAN_POINT ( 'NONE',  ( -0.5773502691896264000, -1.000000000000000400, -1.333333333333300800 ) ) ;
#425 = CARTESIAN_POINT ( 'NONE',  ( 0.8660254037844397100, 0.4999999999999995600, -2.716666666666696100 ) ) ;
#426 = EDGE_CURVE ( 'NONE', #2638, #1716, #1019, .T. ) ;
#427 = CARTESIAN_POINT ( 'NONE',  ( -1.154700538379252600, 7.070501591499384000E-017, 1.049999999999970500 ) ) ;
#428 = CARTESIAN_POINT ( 'NONE',  ( -0.5186004454876513800, -0.5281461309801920300, -3.499999999999994200 ) ) ;
#429 = CARTESIAN_POINT ( 'NONE',  ( 0.8547005383792513100, -1.570059417833504600E-016, 1.000000000000001800 ) ) ;
#430 = CARTESIAN_POINT ( 'NONE',  ( -9.064742275298811100E-017, -0.7401923788646683800, 0.1500000000000029900 ) ) ;
#431 = CARTESIAN_POINT ( 'NONE',  ( -0.6410254037844386200, -0.3700961894323340200, 1.233333333333335400 ) ) ;
#432 = EDGE_CURVE ( 'NONE', #2403, #2638, #1935, .T. ) ;
#433 = CARTESIAN_POINT ( 'NONE',  ( 0.8660254037844397100, 0.4999999999999995600, -1.566666666666634000 ) ) ;
#434 = VECTOR ( 'NONE', #2493, 1000.000000000000100 ) ;
#435 = CARTESIAN_POINT ( 'NONE',  ( 0.0000000000000000000, 1.100000000000001400, 1.399999999999999200 ) ) ;
#436 = CARTESIAN_POINT ( 'NONE',  ( 1.224646799147354200E-016, -1.000000000000000700, -3.499999999999997800 ) ) ;
#437 = CARTESIAN_POINT ( 'NONE',  ( -0.6410254037844386200, -0.3700961894323340200, -2.716666666666663700 ) ) ;
#438 = FACE_OUTER_BOUND ( 'NONE', #2672, .T. ) ;
#439 = LINE ( 'NONE', #3058, #91 ) ;
#440 = CARTESIAN_POINT ( 'NONE',  ( 0.6410254037844388400, 0.3700961894323336300, 0.2833333333333368200 ) ) ;
#441 = CARTESIAN_POINT ( 'NONE',  ( -0.6410254037844385100, 0.3700961894323343000, -0.03333333333333139700 ) ) ;
#442 = VERTEX_POINT ( 'NONE', #769 ) ;
#443 = ORIENTED_EDGE ( 'NONE', *, *, #511, .F. ) ;
#444 = CARTESIAN_POINT ( 'NONE',  ( 0.4273502691896261500, 0.7401923788646681500, 0.3166666666666699800 ) ) ;
#445 = CARTESIAN_POINT ( 'NONE',  ( -0.5773502691896260600, 1.000000000000000700, 0.5333333333333657400 ) ) ;
#446 = CARTESIAN_POINT ( 'NONE',  ( 1.154700538379252600, -2.121150477449814600E-016, -1.599999999999967200 ) ) ;
#447 = ORIENTED_EDGE ( 'NONE', *, *, #2785, .F. ) ;
#448 = AXIS2_PLACEMENT_3D ( 'NONE', #1, #1201, #1210 ) ;
#449 = DIRECTION ( 'NONE',  ( 1.000000000000000000, -0.0000000000000000000, 0.0000000000000000000 ) ) ;
#450 = CARTESIAN_POINT ( 'NONE',  ( 0.8660254037844389300, -0.5000000000000007800, 0.01666666666663708200 ) ) ;
#451 = EDGE_LOOP ( 'NONE', ( #1328, #1635, #2947, #828 ) ) ;
#452 = CARTESIAN_POINT ( 'NONE',  ( 0.8660254037844389300, -0.5000000000000007800, -1.983333333333362900 ) ) ;
#453 = CARTESIAN_POINT ( 'NONE',  ( 0.0000000000000000000, 0.7401923788646683800, 1.150000000000003500 ) ) ;
#454 = CARTESIAN_POINT ( 'NONE',  ( 0.6410254037844384000, -0.3700961894323345200, -0.2333333333333314800 ) ) ;
#455 = EDGE_CURVE ( 'NONE', #1289, #1058, #3068, .T. ) ;
#456 = CARTESIAN_POINT ( 'NONE',  ( 0.0000000000000000000, 1.000000000000000700, -2.250000000000029800 ) ) ;
#457 = CALENDAR_DATE ( 2023, 11, 1 ) ;
#458 = CARTESIAN_POINT ( 'NONE',  ( -0.5773502691896264000, -1.000000000000000400, -2.933333333333301200 ) ) ;
#459 = FACE_OUTER_BOUND ( 'NONE', #3023, .T. ) ;
#460 = CARTESIAN_POINT ( 'NONE',  ( 1.197817546541295800E-011, -0.8584936490558308100, -3.381698729808836100 ) ) ;
#461 = DIRECTION ( 'NONE',  ( 0.0000000000000000000, 1.000000000000000000, 0.0000000000000000000 ) ) ;
#462 = CARTESIAN_POINT ( 'NONE',  ( -8.673617379884035500E-016, -0.8660254037844324900, 2.499999999999999600 ) ) ;
#463 = CARTESIAN_POINT ( 'NONE',  ( -0.8547005383792514200, 5.233531392778349000E-017, 0.05000000000000316000 ) ) ;
#464 = CARTESIAN_POINT ( 'NONE',  ( -0.8847754037844385300, -0.5108253175473052000, -3.729166666666698500 ) ) ;
#465 = DIRECTION ( 'NONE',  ( -0.0000000000000000000, 7.509974297776586600E-057, -1.000000000000000000 ) ) ;
#466 = DIRECTION ( 'NONE',  ( -0.5000000000000004400, 0.8660254037844384900, 0.0000000000000000000 ) ) ;
#467 = CARTESIAN_POINT ( 'NONE',  ( -0.8660254037844391500, 0.5000000000000004400, -2.583333333333362800 ) ) ;
#468 = AXIS2_PLACEMENT_3D ( 'NONE', #850, #2126, #2919 ) ;
#469 = ORIENTED_EDGE ( 'NONE', *, *, #432, .F. ) ;
#470 = CARTESIAN_POINT ( 'NONE',  ( -0.4273502691896256500, 0.7401923788646683800, -1.616666666666663400 ) ) ;
#471 = DIRECTION ( 'NONE',  ( 0.0000000000000000000, 1.000000000000000000, 0.0000000000000000000 ) ) ;
#472 = CARTESIAN_POINT ( 'NONE',  ( -2.727471064911115300E-011, 0.9566987298121836200, 1.375000000000810900 ) ) ;
#473 = CARTESIAN_POINT ( 'NONE',  ( -0.5898502691896260200, -1.021650635094610600, -2.095833333333364700 ) ) ;
#474 = CARTESIAN_POINT ( 'NONE',  ( 0.7499999999999997800, 0.4330127018922161900, 2.499999999999999600 ) ) ;
#475 = DIRECTION ( 'NONE',  ( 0.0000000000000000000, -1.224646799147350500E-016, 1.000000000000000000 ) ) ;
#476 = FACE_OUTER_BOUND ( 'NONE', #2111, .T. ) ;
#477 = ORIENTED_EDGE ( 'NONE', *, *, #3121, .T. ) ;
#478 = CARTESIAN_POINT ( 'NONE',  ( -9.064742275298811100E-017, -0.7401923788646683800, -1.449999999999996800 ) ) ;
#479 = DIRECTION ( 'NONE',  ( -0.0000000000000000000, 7.509974297776586600E-057, -1.000000000000000000 ) ) ;
#480 = LINE ( 'NONE', #1562, #3164 ) ;
#481 = ORIENTED_EDGE ( 'NONE', *, *, #2680, .T. ) ;
#482 = CARTESIAN_POINT ( 'NONE',  ( 0.8547005383792513100, -1.570059417833504600E-016, -1.749999999999997100 ) ) ;
#483 = CARTESIAN_POINT ( 'NONE',  ( 0.0000000000000000000, 1.000000000000000700, -1.050000000000029600 ) ) ;
#484 = DIRECTION ( 'NONE',  ( -0.0000000000000000000, 7.509974297776586600E-057, -1.000000000000000000 ) ) ;
#485 = CARTESIAN_POINT ( 'NONE',  ( -0.4273502691896256500, 0.7401923788646683800, 1.533333333333335400 ) ) ;
#486 = EDGE_CURVE ( 'NONE', #3134, #1251, #480, .T. ) ;
#487 = ORIENTED_EDGE ( 'NONE', *, *, #1464, .T. ) ;
#488 = CARTESIAN_POINT ( 'NONE',  ( 0.0000000000000000000, 7.509974297776402600E-058, 3.400000000000000400 ) ) ;
#489 = CARTESIAN_POINT ( 'NONE',  ( 0.7499999999999997800, -0.4330127018922127500, -0.7912878474779098100 ) ) ;
#490 = CARTESIAN_POINT ( 'NONE',  ( 0.5773502691896267300, 1.000000000000000200, 1.316666666666636900 ) ) ;
#491 = ORIENTED_EDGE ( 'NONE', *, *, #2797, .T. ) ;
#492 = CARTESIAN_POINT ( 'NONE',  ( -0.7499999999999962300, 0.2989532148376569100, 3.368018351188887000 ) ) ;
#493 = CARTESIAN_POINT ( 'NONE',  ( 0.6410254037844388400, 0.3700961894323336300, -2.916666666666663900 ) ) ;
#494 =( BOUNDED_CURVE ( )  B_SPLINE_CURVE ( 2, ( #2487, #801, #2497, #1766, #1033, #1778, #277 ),
 .UNSPECIFIED., .F., .T. ) 
 B_SPLINE_CURVE_WITH_KNOTS ( ( 3, 2, 2, 3 ),
 ( 0.4642857142857143000, 0.4761904761904761600, 0.4880952380952380800, 0.5000000000000000000 ),
 .UNSPECIFIED. ) 
 CURVE ( )  GEOMETRIC_REPRESENTATION_ITEM ( )  RATIONAL_B_SPLINE_CURVE ( ( 1.000000000000000000, 0.8660254037844387100, 1.000000000000000000, 0.8660254037844387100, 1.000000000000000000, 0.8660254037844387100, 1.000000000000000000 ) ) 
 REPRESENTATION_ITEM ( '' )  );
#495 = DIRECTION ( 'NONE',  ( -0.0000000000000000000, 7.509974297776586600E-057, -1.000000000000000000 ) ) ;
#496 = CARTESIAN_POINT ( 'NONE',  ( -0.5898502691896260200, -1.021650635094610600, -2.920833333333298800 ) ) ;
#497 = CARTESIAN_POINT ( 'NONE',  ( -0.8847754037844384200, 0.5108253175473055400, -2.995833333333365100 ) ) ;
#498 = EDGE_CURVE ( 'NONE', #3172, #3020, #2509, .T. ) ;
#499 = LINE ( 'NONE', #2127, #881 ) ;
#500 = CARTESIAN_POINT ( 'NONE',  ( 0.0000000000000000000, 1.000000000000000700, -1.450000000000029500 ) ) ;
#501 = CARTESIAN_POINT ( 'NONE',  ( -1.224646799147354200E-016, -1.000000000000000700, -2.850000000000029400 ) ) ;
#502 = CARTESIAN_POINT ( 'NONE',  ( -0.6410254037844386200, -0.3700961894323340200, -3.116666666666663600 ) ) ;
#503 = CARTESIAN_POINT ( 'NONE',  ( 0.6410254037844384000, -0.3700961894323345200, -0.1833333333333300500 ) ) ;
#504 = CARTESIAN_POINT ( 'NONE',  ( -0.8847754037844385300, -0.5108253175473052000, -2.154166666666632100 ) ) ;
#505 = CARTESIAN_POINT ( 'NONE',  ( 1.179700538379251400, -2.167074732417838900E-016, -3.162500000000031600 ) ) ;
#506 = CARTESIAN_POINT ( 'NONE',  ( 2.204364238465235600E-016, 1.800000000000000000, 1.499999999999999600 ) ) ;
#507 = CARTESIAN_POINT ( 'NONE',  ( 0.0000000000000000000, -2.628491004221804600E-056, 3.499999999999998700 ) ) ;
#508 = AXIS2_PLACEMENT_3D ( 'NONE', #1624, #2105, #2854 ) ;
#509 = CARTESIAN_POINT ( 'NONE',  ( 0.0000000000000000000, 5.256982008443607300E-056, -3.499999999999997800 ) ) ;
#510 = CARTESIAN_POINT ( 'NONE',  ( -0.8547005383792514200, 5.233531392778349000E-017, -2.749999999999997300 ) ) ;
#511 = EDGE_CURVE ( 'NONE', #2556, #1588, #1370, .T. ) ;
#512 = CARTESIAN_POINT ( 'NONE',  ( 0.8547005383792514200, -1.570059417833504600E-016, -0.1499999999999969400 ) ) ;
#513 = CARTESIAN_POINT ( 'NONE',  ( 1.179700538379251400, -2.167074732417838900E-016, -2.787499999999965400 ) ) ;
#514 = CARTESIAN_POINT ( 'NONE',  ( 0.5898502691896252400, -1.021650635094611100, -2.029166666666698300 ) ) ;
#515 = CYLINDRICAL_SURFACE ( 'NONE', #568, 1.000000000000000700 ) ;
#516 = CYLINDRICAL_SURFACE ( 'NONE', #415, 1.000000000000000700 ) ;
#517 = ADVANCED_FACE ( 'NONE', ( #1469 ), #2939, .T. ) ;
#518 = CARTESIAN_POINT ( 'NONE',  ( -0.4273502691896256500, 0.7401923788646683800, -3.666666666666665600 ) ) ;
#519 = ORIENTED_EDGE ( 'NONE', *, *, #972, .F. ) ;
#520 = ORIENTED_EDGE ( 'NONE', *, *, #455, .F. ) ;
#521 = CARTESIAN_POINT ( 'NONE',  ( -0.8660254037844392600, -0.5000000000000001100, -2.566666666666633600 ) ) ;
#522 = CARTESIAN_POINT ( 'NONE',  ( 0.0000000000000000000, 0.7401923788646683800, -0.8499999999999969800 ) ) ;
#523 = ORIENTED_EDGE ( 'NONE', *, *, #1261, .T. ) ;
#524 = ORIENTED_EDGE ( 'NONE', *, *, #206, .F. ) ;
#525 = CARTESIAN_POINT ( 'NONE',  ( 0.8547005383792513100, -1.570059417833504600E-016, -0.9499999999999968500 ) ) ;
#526 = ORIENTED_EDGE ( 'NONE', *, *, #2088, .T. ) ;
#527 = CARTESIAN_POINT ( 'NONE',  ( 0.4273502691896261500, 0.7401923788646680400, 0.7166666666666701200 ) ) ;
#528 = CARTESIAN_POINT ( 'NONE',  ( 0.7673932684904546400, -0.3711656115649136200, 1.310391560605185000 ) ) ;
#529 = CARTESIAN_POINT ( 'NONE',  ( 0.5898502691896262400, 1.021650635094610400, -0.7208333333332985800 ) ) ;
#530 = CARTESIAN_POINT ( 'NONE',  ( 0.5898502691896252400, -1.021650635094611100, -0.4291666666666983400 ) ) ;
#531 = EDGE_CURVE ( 'NONE', #2145, #2869, #817, .T. ) ;
#532 = CARTESIAN_POINT ( 'NONE',  ( -0.5773502691896264000, -1.000000000000000400, -1.283333333333362700 ) ) ;
#533 = CARTESIAN_POINT ( 'NONE',  ( 0.8547005383792514200, -1.570059417833504600E-016, -0.9499999999999968500 ) ) ;
#534 = CARTESIAN_POINT ( 'NONE',  ( 0.4273502691896254900, -0.7401923788646686000, 1.383333333333336200 ) ) ;
#535 = CARTESIAN_POINT ( 'NONE',  ( 0.0000000000000000000, 1.021650635094610800, -1.487499999999965400 ) ) ;
#536 = CARTESIAN_POINT ( 'NONE',  ( -1.179700538379251400, 7.223582441392798400E-017, -0.1625000000000315600 ) ) ;
#537 = EDGE_CURVE ( 'NONE', #1402, #1787, #884, .T. ) ;
#538 = CARTESIAN_POINT ( 'NONE',  ( 0.4273502691896254900, -0.7401923788646686000, -1.466666666666665000 ) ) ;
#539 = ORIENTED_EDGE ( 'NONE', *, *, #2201, .F. ) ;
#540 = CARTESIAN_POINT ( 'NONE',  ( -0.8547005383792514200, 5.233531392778349000E-017, -0.3499999999999970400 ) ) ;
#541 = DIRECTION ( 'NONE',  ( 0.0000000000000000000, 1.000000000000000000, 0.0000000000000000000 ) ) ;
#542 = CARTESIAN_POINT ( 'NONE',  ( 0.8847754037844383100, -0.5108253175473058700, -1.620833333333298700 ) ) ;
#543 = CARTESIAN_POINT ( 'NONE',  ( 0.8847754037844388600, 0.5108253175473046500, 0.07083333333330210600 ) ) ;
#544 =( BOUNDED_CURVE ( )  B_SPLINE_CURVE ( 2, ( #1971, #1689, #2664, #3155, #1720, #1235, #3165 ),
 .UNSPECIFIED., .F., .T. ) 
 B_SPLINE_CURVE_WITH_KNOTS ( ( 3, 2, 2, 3 ),
 ( 0.3214285714285714000, 0.3333333333333333700, 0.3452380952380952300, 0.3571428571428572100 ),
 .UNSPECIFIED. ) 
 CURVE ( )  GEOMETRIC_REPRESENTATION_ITEM ( )  RATIONAL_B_SPLINE_CURVE ( ( 1.000000000000000000, 0.8660254037844387100, 1.000000000000000000, 0.8660254037844387100, 1.000000000000000000, 0.8660254037844387100, 1.000000000000000000 ) ) 
 REPRESENTATION_ITEM ( '' )  );
#545 = DIRECTION ( 'NONE',  ( -0.0000000000000000000, 7.509974297776586600E-057, -1.000000000000000000 ) ) ;
#546 = CARTESIAN_POINT ( 'NONE',  ( -9.064742275298811100E-017, -0.7401923788646683800, -3.499999999999998200 ) ) ;
#547 = DIRECTION ( 'NONE',  ( 1.060575238724903800E-016, 0.8660254037844361500, 0.5000000000000044400 ) ) ;
#548 = CARTESIAN_POINT ( 'NONE',  ( -0.8547005383792514200, 5.233531392778349000E-017, -1.199999999999998200 ) ) ;
#549 = FACE_OUTER_BOUND ( 'NONE', #3053, .T. ) ;
#550 = ORIENTED_EDGE ( 'NONE', *, *, #864, .F. ) ;
#551 = ORIENTED_EDGE ( 'NONE', *, *, #1662, .T. ) ;
#552 = FACE_OUTER_BOUND ( 'NONE', #667, .T. ) ;
#553 = CARTESIAN_POINT ( 'NONE',  ( 0.8660254037844397100, 0.4999999999999995600, 0.8333333333333656800 ) ) ;
#554 = CARTESIAN_POINT ( 'NONE',  ( 0.0000000000000000000, 1.021650635094610800, 0.1125000000000348800 ) ) ;
#555 = CARTESIAN_POINT ( 'NONE',  ( -0.5898502691896260200, -1.021650635094610600, -1.295833333333364900 ) ) ;
#556 = ORIENTED_EDGE ( 'NONE', *, *, #149, .T. ) ;
#557 = CARTESIAN_POINT ( 'NONE',  ( 0.8547005383792514200, -1.570059417833504600E-016, -2.199999999999998800 ) ) ;
#558 = CARTESIAN_POINT ( 'NONE',  ( 0.6410254037844384000, -0.3700961894323345200, -3.433333333333331800 ) ) ;
#559 = VERTEX_POINT ( 'NONE', #572 ) ;
#560 = CARTESIAN_POINT ( 'NONE',  ( 0.5773502691896267300, 1.000000000000000200, 0.06666666666669936200 ) ) ;
#561 = CARTESIAN_POINT ( 'NONE',  ( 0.6410254037844388400, 0.3700961894323336300, -0.5666666666666649900 ) ) ;
#562 = VERTEX_POINT ( 'NONE', #76 ) ;
#563 = CARTESIAN_POINT ( 'NONE',  ( 0.4273502691896261500, 0.7401923788646681500, -0.8833333333333303100 ) ) ;
#564 = CARTESIAN_POINT ( 'NONE',  ( 0.4273502691896254900, -0.7401923788646686000, -1.016666666666663500 ) ) ;
#565 = CARTESIAN_POINT ( 'NONE',  ( -2.727471064911115300E-011, 0.9566987298121836200, 1.375000000000810900 ) ) ;
#566 = CARTESIAN_POINT ( 'NONE',  ( 0.5898502691896252400, -1.021650635094611100, 1.545833333333367800 ) ) ;
#567 = CARTESIAN_POINT ( 'NONE',  ( -0.5898502691896255800, 1.021650635094610800, 1.370833333333302000 ) ) ;
#568 = AXIS2_PLACEMENT_3D ( 'NONE', #1112, #154, #1156 ) ;
#569 = CARTESIAN_POINT ( 'NONE',  ( -0.4273502691896259900, -0.7401923788646680400, -0.7333333333333316200 ) ) ;
#570 = CARTESIAN_POINT ( 'NONE',  ( -0.8547005383792513100, 5.233531392778349000E-017, -2.399999999999998600 ) ) ;
#571 = CYLINDRICAL_SURFACE ( 'NONE', #2655, 1.000000000000000700 ) ;
#572 = CARTESIAN_POINT ( 'NONE',  ( -1.224646799147354200E-016, -1.000000000000000700, -2.450000000000029500 ) ) ;
#573 = CARTESIAN_POINT ( 'NONE',  ( 0.6410254037844384000, -0.3700961894323345200, -1.033333333333331400 ) ) ;
#574 = CARTESIAN_POINT ( 'NONE',  ( -0.4273502691896256000, 0.7401923788646683800, -0.8166666666666634300 ) ) ;
#575 = CARTESIAN_POINT ( 'NONE',  ( 0.0000000000000000000, 1.501994859555315300E-056, 1.499999999999999600 ) ) ;
#576 = CARTESIAN_POINT ( 'NONE',  ( 0.5898502691896252400, -1.021650635094611100, 0.3458333333333680800 ) ) ;
#577 = CARTESIAN_POINT ( 'NONE',  ( -1.251161180115475900E-016, -1.021650635094610800, 0.3374999999999688800 ) ) ;
#578 = CARTESIAN_POINT ( 'NONE',  ( -9.064742275298811100E-017, -0.7401923788646683800, -2.699999999999998400 ) ) ;
#579 = CARTESIAN_POINT ( 'NONE',  ( -0.4273502691896259300, -0.7401923788646681500, -0.3333333333333317600 ) ) ;
#580 = CARTESIAN_POINT ( 'NONE',  ( -9.064742275298811100E-017, -0.7401923788646683800, -1.099999999999998100 ) ) ;
#581 = CARTESIAN_POINT ( 'NONE',  ( 0.4273502691896254900, -0.7401923788646686000, -1.416666666666663600 ) ) ;
#582 = EDGE_CURVE ( 'NONE', #2248, #1182, #3091, .T. ) ;
#583 = DIRECTION ( 'NONE',  ( -0.0000000000000000000, 7.509974297776586600E-057, -1.000000000000000000 ) ) ;
#584 = CARTESIAN_POINT ( 'NONE',  ( 2.326828918379971400E-016, -1.899999999999999900, 3.400000000000000400 ) ) ;
#585 =( BOUNDED_CURVE ( )  B_SPLINE_CURVE ( 2, ( #989, #21, #2701, #8, #1730, #2976, #2230 ),
 .UNSPECIFIED., .F., .T. ) 
 B_SPLINE_CURVE_WITH_KNOTS ( ( 3, 2, 2, 3 ),
 ( 0.8214285714285714000, 0.8333333333333333700, 0.8452380952380952300, 0.8571428571428571000 ),
 .UNSPECIFIED. ) 
 CURVE ( )  GEOMETRIC_REPRESENTATION_ITEM ( )  RATIONAL_B_SPLINE_CURVE ( ( 1.000000000000000000, 0.8660254037844387100, 1.000000000000000000, 0.8660254037844387100, 1.000000000000000000, 0.8660254037844387100, 1.000000000000000000 ) ) 
 REPRESENTATION_ITEM ( '' )  );
#586 = CARTESIAN_POINT ( 'NONE',  ( -0.5898502691896255800, 1.021650635094610800, 0.5458333333333678100 ) ) ;
#587 = CARTESIAN_POINT ( 'NONE',  ( -0.8847754037844384200, 0.5108253175473055400, 0.2041666666666355200 ) ) ;
#588 = FACE_OUTER_BOUND ( 'NONE', #2508, .T. ) ;
#589 = CARTESIAN_POINT ( 'NONE',  ( 0.4273502691896254900, -0.7401923788646686000, -1.466666666666665000 ) ) ;
#590 = CARTESIAN_POINT ( 'NONE',  ( 0.0000000000000000000, 0.7401923788646683800, -2.099999999999998800 ) ) ;
#591 = AXIS2_PLACEMENT_3D ( 'NONE', #197, #2405, #1383 ) ;
#592 = CARTESIAN_POINT ( 'NONE',  ( 0.0000000000000000000, 1.426895116577549600E-056, 1.599999999999999900 ) ) ;
#593 = CARTESIAN_POINT ( 'NONE',  ( -0.6410254037844385100, 0.3700961894323343000, 1.566666666666668400 ) ) ;
#594 = ORIENTED_EDGE ( 'NONE', *, *, #2632, .T. ) ;
#595 = CYLINDRICAL_SURFACE ( 'NONE', #508, 1.000000000000000700 ) ;
#596 = EDGE_CURVE ( 'NONE', #1715, #369, #1393, .T. ) ;
#597 = ORIENTED_EDGE ( 'NONE', *, *, #2504, .F. ) ;
#598 = CARTESIAN_POINT ( 'NONE',  ( 0.0000000000000000000, 1.000000000000000700, 0.9000000000000327700 ) ) ;
#599 = CARTESIAN_POINT ( 'NONE',  ( 0.1047646092084483200, 0.8625643372991350600, -3.377628041562841200 ) ) ;
#600 = CARTESIAN_POINT ( 'NONE',  ( 1.179700538379251400, -2.167074732417838900E-016, 1.612500000000034900 ) ) ;
#601 = CARTESIAN_POINT ( 'NONE',  ( 0.0000000000000000000, 1.021650635094610800, 0.1374999999999683700 ) ) ;
#602 = ORIENTED_EDGE ( 'NONE', *, *, #1647, .T. ) ;
#603 = CARTESIAN_POINT ( 'NONE',  ( -0.6410254037844385100, 0.3700961894323343000, -1.633333333333331700 ) ) ;
#604 = CARTESIAN_POINT ( 'NONE',  ( -9.064742275298811100E-017, -0.7401923788646683800, -1.099999999999998100 ) ) ;
#605 = CARTESIAN_POINT ( 'NONE',  ( -0.6410254037844386200, -0.3700961894323340200, 1.633333333333335500 ) ) ;
#606 = ADVANCED_FACE ( 'NONE', ( #2699 ), #2208, .T. ) ;
#607 = PERSON_AND_ORGANIZATION ( #666, #1487 ) ;
#608 = CARTESIAN_POINT ( 'NONE',  ( -0.3871719869082506100, -0.6782570093263953200, 1.258674868720201000 ) ) ;
#609 = CARTESIAN_POINT ( 'NONE',  ( 0.8660254037844389300, -0.5000000000000007800, -2.033333333333300800 ) ) ;
#610 = CARTESIAN_POINT ( 'NONE',  ( 0.0000000000000000000, 0.7401923788646683800, -3.649999999999996800 ) ) ;
#611 = CARTESIAN_POINT ( 'NONE',  ( 0.6410254037844384000, -0.3700961894323345200, -3.033333333333331400 ) ) ;
#612 = AXIS2_PLACEMENT_3D ( 'NONE', #1162, #1657, #2659 ) ;
#613 = FACE_OUTER_BOUND ( 'NONE', #2592, .T. ) ;
#614 = CARTESIAN_POINT ( 'NONE',  ( 0.0000000000000000000, 0.7401923788646683800, -0.4999999999999982800 ) ) ;
#615 = CARTESIAN_POINT ( 'NONE',  ( 0.0000000000000000000, 0.7401923788646683800, -0.8999999999999984700 ) ) ;
#616 = CARTESIAN_POINT ( 'NONE',  ( 0.4273502691896254900, -0.7401923788646686000, -2.216666666666663700 ) ) ;
#617 = CARTESIAN_POINT ( 'NONE',  ( 0.0000000000000000000, 0.7401923788646683800, 0.7000000000000018400 ) ) ;
#618 = CARTESIAN_POINT ( 'NONE',  ( -2.727471064911115300E-011, 0.9566987298121836200, 1.375000000000810900 ) ) ;
#619 = CARTESIAN_POINT ( 'NONE',  ( 0.6410254037844388400, 0.3700961894323336300, -2.516666666666663500 ) ) ;
#620 = CARTESIAN_POINT ( 'NONE',  ( -0.4273502691896256500, 0.7401923788646683800, -2.866666666666665400 ) ) ;
#621 = CARTESIAN_POINT ( 'NONE',  ( 0.8547005383792514200, -1.570059417833504600E-016, 1.000000000000001800 ) ) ;
#622 = CARTESIAN_POINT ( 'NONE',  ( 0.6410254037844384000, -0.3700961894323345200, -2.233333333333332100 ) ) ;
#623 = CARTESIAN_POINT ( 'NONE',  ( -0.4273502691896259900, -0.7401923788646680400, -1.483333333333330500 ) ) ;
#624 = DIRECTION ( 'NONE',  ( -0.0000000000000000000, 7.509974297776586600E-057, -1.000000000000000000 ) ) ;
#625 = CARTESIAN_POINT ( 'NONE',  ( 0.6410254037844384000, -0.3700961894323345200, 0.5666666666666684300 ) ) ;
#626 =( BOUNDED_CURVE ( )  B_SPLINE_CURVE ( 2, ( #1633, #445, #165, #2643, #418, #1915, #3113 ),
 .UNSPECIFIED., .F., .T. ) 
 B_SPLINE_CURVE_WITH_KNOTS ( ( 3, 2, 2, 3 ),
 ( 0.7142857142857143000, 0.7261904761904761600, 0.7380952380952381400, 0.7500000000000000000 ),
 .UNSPECIFIED. ) 
 CURVE ( )  GEOMETRIC_REPRESENTATION_ITEM ( )  RATIONAL_B_SPLINE_CURVE ( ( 1.000000000000000000, 0.8660254037844387100, 1.000000000000000000, 0.8660254037844387100, 1.000000000000000000, 0.8660254037844387100, 1.000000000000000000 ) ) 
 REPRESENTATION_ITEM ( '' )  );
#627 = FACE_OUTER_BOUND ( 'NONE', #936, .T. ) ;
#628 = CARTESIAN_POINT ( 'NONE',  ( -1.154700538379252600, 7.070501591499384000E-017, 0.2499999999999707500 ) ) ;
#629 = ORIENTED_EDGE ( 'NONE', *, *, #814, .T. ) ;
#630 = CARTESIAN_POINT ( 'NONE',  ( -0.6410254037844386200, -0.3700961894323340200, -2.716666666666663700 ) ) ;
#631 = CARTESIAN_POINT ( 'NONE',  ( -0.6410254037844385100, 0.3700961894323343000, -3.233333333333332100 ) ) ;
#632 = ORIENTED_EDGE ( 'NONE', *, *, #1523, .T. ) ;
#633 = CYLINDRICAL_SURFACE ( 'NONE', #1826, 1.000000000000000700 ) ;
#634 = CARTESIAN_POINT ( 'NONE',  ( 0.1622252560040582700, -0.9867537516089915900, -3.240192378864666300 ) ) ;
#635 = CARTESIAN_POINT ( 'NONE',  ( -0.6410254037844385100, 0.3700961894323343000, -1.583333333333330200 ) ) ;
#636 = ORIENTED_EDGE ( 'NONE', *, *, #537, .T. ) ;
#637 = CARTESIAN_POINT ( 'NONE',  ( -0.4273502691896259900, -0.7401923788646680400, 0.4666666666666681700 ) ) ;
#638 = ORIENTED_EDGE ( 'NONE', *, *, #498, .F. ) ;
#639 = CARTESIAN_POINT ( 'NONE',  ( 0.8660254037844397100, 0.4999999999999995600, 0.4833333333333035300 ) ) ;
#640 = CARTESIAN_POINT ( 'NONE',  ( 0.8547005383792514200, -1.570059417833504600E-016, -3.399999999999998100 ) ) ;
#641 = ORIENTED_EDGE ( 'NONE', *, *, #2893, .F. ) ;
#642 = CARTESIAN_POINT ( 'NONE',  ( 0.6410254037844388400, 0.3700961894323336300, -1.316666666666663500 ) ) ;
#643 = CARTESIAN_POINT ( 'NONE',  ( 0.0000000000000000000, 5.256982008443607300E-056, -3.499999999999997800 ) ) ;
#644 = LINE ( 'NONE', #925, #2004 ) ;
#645 = EDGE_CURVE ( 'NONE', #700, #1402, #1585, .T. ) ;
#646 = CARTESIAN_POINT ( 'NONE',  ( 0.0000000000000000000, 1.000000000000000700, -0.2500000000000292500 ) ) ;
#647 = CARTESIAN_POINT ( 'NONE',  ( -0.4273502691896259300, -0.7401923788646681500, 0.8666666666666682500 ) ) ;
#648 = CARTESIAN_POINT ( 'NONE',  ( -0.4273502691896256500, 0.7401923788646683800, -1.616666666666663400 ) ) ;
#649 = CARTESIAN_POINT ( 'NONE',  ( -0.7401923788788785700, 5.927878925093764900E-014, 1.250000000008202100 ) ) ;
#650 = CARTESIAN_POINT ( 'NONE',  ( -1.224646799147354200E-016, -1.000000000000000700, -1.299999999999967200 ) ) ;
#651 = EDGE_CURVE ( 'NONE', #2512, #1443, #2431, .T. ) ;
#652 = CARTESIAN_POINT ( 'NONE',  ( 0.8660254037844389300, -0.5000000000000007800, -3.233333333333301000 ) ) ;
#653 = CARTESIAN_POINT ( 'NONE',  ( 0.8660254037844397100, 0.4999999999999995600, 0.08333333333330419900 ) ) ;
#654 = CARTESIAN_POINT ( 'NONE',  ( -0.5905835469186583300, -0.4574640483519825100, 1.241202265916659900 ) ) ;
#655 = CARTESIAN_POINT ( 'NONE',  ( -0.6410254037844385100, 0.3700961894323343000, 1.616666666666669800 ) ) ;
#656 = LINE ( 'NONE', #1004, #1006 ) ;
#657 = CARTESIAN_POINT ( 'NONE',  ( -0.6410254037844385100, 0.3700961894323343000, 1.216666666666669700 ) ) ;
#658 =( BOUNDED_CURVE ( )  B_SPLINE_CURVE ( 2, ( #2681, #2645, #425, #2461, #2433, #1964, #501 ),
 .UNSPECIFIED., .F., .T. ) 
 B_SPLINE_CURVE_WITH_KNOTS ( ( 3, 2, 2, 3 ),
 ( 0.7500000000000000000, 0.7619047619047618600, 0.7738095238095238400, 0.7857142857142857000 ),
 .UNSPECIFIED. ) 
 CURVE ( )  GEOMETRIC_REPRESENTATION_ITEM ( )  RATIONAL_B_SPLINE_CURVE ( ( 1.000000000000000000, 0.8660254037844387100, 1.000000000000000000, 0.8660254037844387100, 1.000000000000000000, 0.8660254037844387100, 1.000000000000000000 ) ) 
 REPRESENTATION_ITEM ( '' )  );
#659 = CARTESIAN_POINT ( 'NONE',  ( -0.9309773090682665900, 1.140118381629268700E-016, 3.499999999999998700 ) ) ;
#660 = ORIENTED_EDGE ( 'NONE', *, *, #1246, .T. ) ;
#661 = FACE_OUTER_BOUND ( 'NONE', #1882, .T. ) ;
#662 = ORIENTED_EDGE ( 'NONE', *, *, #486, .F. ) ;
#663 = CARTESIAN_POINT ( 'NONE',  ( 0.0000000000000000000, 5.256982008443607300E-056, -3.499999999999997800 ) ) ;
#664 = CARTESIAN_POINT ( 'NONE',  ( 0.2095224382613594700, 0.8381931425183792900, -3.382594975265779300 ) ) ;
#665 = ORIENTED_EDGE ( 'NONE', *, *, #103, .F. ) ;
#666 = PERSON ( 'UNSPECIFIED', 'UNSPECIFIED', 'UNSPECIFIED', ('UNSPECIFIED'), ('UNSPECIFIED'), ('UNSPECIFIED') ) ;
#667 = EDGE_LOOP ( 'NONE', ( #1399, #1411, #2061, #1756, #524, #1987, #1472 ) ) ;
#668 = CARTESIAN_POINT ( 'NONE',  ( -0.5186004454877136700, -0.5281461309801306300, 1.249999999999997100 ) ) ;
#669 = CARTESIAN_POINT ( 'NONE',  ( 0.0000000000000000000, 0.7401923788646683800, -0.4499999999999968500 ) ) ;
#670 = CARTESIAN_POINT ( 'NONE',  ( -0.4273502691896256500, 0.7401923788646683800, 1.183333333333336500 ) ) ;
#671 = CARTESIAN_POINT ( 'NONE',  ( -0.4273502691896259900, -0.7401923788646680400, 1.266666666666668600 ) ) ;
#672 = ORIENTED_EDGE ( 'NONE', *, *, #310, .F. ) ;
#673 = CARTESIAN_POINT ( 'NONE',  ( -0.6410254037844385100, 0.3700961894323343000, 0.8166666666666695400 ) ) ;
#674 = CARTESIAN_POINT ( 'NONE',  ( 0.8027956635296884500, -0.5962542432703760200, -3.240192378864666700 ) ) ;
#675 = CARTESIAN_POINT ( 'NONE',  ( -0.5773502691896260600, 1.000000000000000700, -2.616666666666696000 ) ) ;
#676 = DIRECTION ( 'NONE',  ( -0.0000000000000000000, 7.509974297776586600E-057, -1.000000000000000000 ) ) ;
#677 = DIRECTION ( 'NONE',  ( -0.0000000000000000000, 7.509974297776586600E-057, -1.000000000000000000 ) ) ;
#678 = CARTESIAN_POINT ( 'NONE',  ( -9.064742275298811100E-017, -0.7401923788646683800, -0.6499999999999969100 ) ) ;
#679 = CARTESIAN_POINT ( 'NONE',  ( -0.6410254037844385100, 0.3700961894323343000, -2.783333333333330600 ) ) ;
#680 = DATE_AND_TIME ( #2916, #2002 ) ;
#681 = CARTESIAN_POINT ( 'NONE',  ( -0.5763719186142772800, 0.6958154469446243800, -3.344899441609523000 ) ) ;
#682 = CARTESIAN_POINT ( 'NONE',  ( -0.4273502691896259900, -0.7401923788646680400, -0.2833333333333302700 ) ) ;
#683 = CARTESIAN_POINT ( 'NONE',  ( 0.8547005383792514200, -1.570059417833504600E-016, 1.400000000000001700 ) ) ;
#684 = LINE ( 'NONE', #1181, #1119 ) ;
#685 = CARTESIAN_POINT ( 'NONE',  ( -0.8547005383792513100, 5.233531392778349000E-017, 0.4500000000000033400 ) ) ;
#686 = DIRECTION ( 'NONE',  ( -0.0000000000000000000, 7.509974297776586600E-057, -1.000000000000000000 ) ) ;
#687 = EDGE_CURVE ( 'NONE', #903, #2144, #3161, .T. ) ;
#688 = CARTESIAN_POINT ( 'NONE',  ( -0.6410254037844385100, 0.3700961894323343000, -3.583333333333330400 ) ) ;
#689 = CARTESIAN_POINT ( 'NONE',  ( 0.7499999999999997800, -0.4330127018922127500, 3.435048094716167500 ) ) ;
#690 = B_SPLINE_CURVE_WITH_KNOTS ( 'NONE', 3,
 ( #2772, #1544, #3056, #3036 ),
 .UNSPECIFIED., .F., .F.,
 ( 4, 4 ),
 ( 0.0000000000000000000, 0.0005913589519961134000 ),
 .UNSPECIFIED. ) ;
#691 = DIRECTION ( 'NONE',  ( -0.0000000000000000000, 7.509974297776586600E-057, -1.000000000000000000 ) ) ;
#692 = ORIENTED_EDGE ( 'NONE', *, *, #1681, .T. ) ;
#693 = CARTESIAN_POINT ( 'NONE',  ( 0.0000000000000000000, 0.7401923788646683800, 1.550000000000003600 ) ) ;
#694 = CARTESIAN_POINT ( 'NONE',  ( 0.8547005383792514200, -1.570059417833504600E-016, 0.2000000000000018400 ) ) ;
#695 = CARTESIAN_POINT ( 'NONE',  ( 0.7499999999999997800, -1.047819327944827100E-020, 3.319022690931732600 ) ) ;
#696 = CARTESIAN_POINT ( 'NONE',  ( 0.0000000000000000000, 1.000000000000000700, -1.899999999999967300 ) ) ;
#697 = EDGE_CURVE ( 'NONE', #2031, #1872, #2062, .T. ) ;
#698 = CARTESIAN_POINT ( 'NONE',  ( -0.7499999999999964500, 0.4330127018922165800, 2.499999999999999600 ) ) ;
#699 = FACE_OUTER_BOUND ( 'NONE', #368, .T. ) ;
#700 = VERTEX_POINT ( 'NONE', #2805 ) ;
#701 = CARTESIAN_POINT ( 'NONE',  ( -0.2429900124060021500, -0.9614798891807018200, -3.255908694667659600 ) ) ;
#702 = CARTESIAN_POINT ( 'NONE',  ( 0.5898502691896262400, 1.021650635094610400, -2.720833333333298100 ) ) ;
#703 = CARTESIAN_POINT ( 'NONE',  ( 0.5898502691896262400, 1.021650635094610400, -3.095833333333365200 ) ) ;
#704 = ORIENTED_EDGE ( 'NONE', *, *, #159, .F. ) ;
#705 = CARTESIAN_POINT ( 'NONE',  ( -0.7499999999999953400, -0.4330127018922180200, 3.435048094716166100 ) ) ;
#706 = CARTESIAN_POINT ( 'NONE',  ( -1.224646799147354200E-016, -1.000000000000000700, -1.699999999999967100 ) ) ;
#707 = CARTESIAN_POINT ( 'NONE',  ( 0.0000000000000000000, 1.899999999999999900, 3.400000000000000400 ) ) ;
#708 = ORIENTED_EDGE ( 'NONE', *, *, #1161, .T. ) ;
#709 = AXIS2_PLACEMENT_3D ( 'NONE', #507, #767, #265 ) ;
#710 = CARTESIAN_POINT ( 'NONE',  ( -0.8547005383792514200, 5.233531392778349000E-017, -2.349999999999997000 ) ) ;
#711 = CARTESIAN_POINT ( 'NONE',  ( 0.0000000000000000000, 1.000000000000000700, 0.5000000000000326400 ) ) ;
#712 = ORIENTED_EDGE ( 'NONE', *, *, #2557, .F. ) ;
#713 = CARTESIAN_POINT ( 'NONE',  ( -0.8093042965908116000, -0.5184617312019141900, -3.286798464782087100 ) ) ;
#714 = CARTESIAN_POINT ( 'NONE',  ( -1.179700538379251400, 7.223582441392798400E-017, -2.987499999999965600 ) ) ;
#715 = CARTESIAN_POINT ( 'NONE',  ( 0.0000000000000000000, 0.7401923788646683800, 1.500000000000002200 ) ) ;
#716 = EDGE_CURVE ( 'NONE', #2031, #1009, #1359, .T. ) ;
#717 = CARTESIAN_POINT ( 'NONE',  ( 0.5773502691896267300, 1.000000000000000200, -2.283333333333363000 ) ) ;
#718 = CARTESIAN_POINT ( 'NONE',  ( -1.224646799147354200E-016, -1.000000000000000700, 0.7499999999999703600 ) ) ;
#719 =( LENGTH_UNIT ( ) NAMED_UNIT ( * ) SI_UNIT ( .MILLI., .METRE. ) );
#720 = CONICAL_SURFACE ( 'NONE', #1415, 1.800000000000000000, 0.7853981633974472800 ) ;
#721 = CARTESIAN_POINT ( 'NONE',  ( -0.6410254037844386200, -0.3700961894323340200, -2.716666666666663700 ) ) ;
#722 =( BOUNDED_CURVE ( )  B_SPLINE_CURVE ( 2, ( #546, #2021, #558, #1540, #1507, #2281, #1066, #778, #2013, #302, #1311, #2043, #2523, #1280, #1052, #2507, #2768, #1042, #3010, #1530, #810, #2531, #2249, #1021, #1301, #3022, #2032, #2273, #790, #2760, #768, #75, #1799, #570, #1127, #2302, #2837, #122, #622, #1846, #337, #1560, #590, #1336, #1372, #382, #3048, #2315, #836, #2804, #371, #873, #97, #2553, #2095, #1571, #1322, #856, #2824, #1551, #83, #111, #2586, #1832, #2084, #2335, #357, #1817, #3041, #344, #2075, #1084, #604, #2324, #1075, #2812, #1858, #845, #615, #132, #2563, #3072, #1098, #1347, #2576, #3061, #1580, #824, #1114, #1598, #1808, #2060, #2109, #1357, #2347, #579, #2538, #2793, #1891, #2601, #1158, #172, #2627, #1909, #1139, #3103, #882, #2357, #1880, #2146, #1151, #1652, #1165, #1174, #413, #1628, #2848, #1899, #3082, #1407, #2886, #2614, #421, #2375, #1611, #1381, #3118, #2856, #145, #909, #2132, #647, #184, #156, #3092, #429, #2156, #2870, #2121, #1394, #3110, #899, #1643, #654, #668 ),
 .UNSPECIFIED., .F., .T. ) 
 B_SPLINE_CURVE_WITH_KNOTS ( ( 3, 2, 2, 2, 2, 2, 2, 2, 2, 2, 2, 2, 2, 2, 2, 2, 2, 2, 2, 2, 2, 2, 2, 2, 2, 2, 2, 2, 2, 2, 2, 2, 2, 2, 2, 2, 2, 2, 2, 2, 2, 2, 2, 2, 2, 2, 2, 2, 2, 2, 2, 2, 2, 2, 2, 2, 2, 2, 2, 2, 2, 2, 2, 2, 2, 2, 2, 2, 2, 2, 2, 2, 3 ),
 ( 0.03571428571428571200, 0.04761904761904761600, 0.05952380952380952100, 0.07142857142857142500, 0.08333333333333332900, 0.09523809523809523300, 0.1071428571428571400, 0.1190476190476190400, 0.1309523809523809600, 0.1428571428571428500, 0.1547619047619047700, 0.1666666666666666300, 0.1785714285714285500, 0.1904761904761904700, 0.2023809523809523800, 0.2142857142857142500, 0.2261904761904761600, 0.2380952380952380800, 0.2500000000000000000, 0.2619047619047619200, 0.2738095238095238400, 0.2857142857142857000, 0.2976190476190476200, 0.3095238095238095300, 0.3214285714285714500, 0.3333333333333333100, 0.3452380952380952300, 0.3571428571428571500, 0.3690476190476190700, 0.3809523809523809300, 0.3928571428571429000, 0.4047619047619047700, 0.4166666666666666900, 0.4285714285714284900, 0.4404761904761904700, 0.4523809523809523800, 0.4642857142857143000, 0.4761904761904761600, 0.4880952380952380800, 0.5000000000000000000, 0.5119047619047619700, 0.5238095238095238400, 0.5357142857142857000, 0.5476190476190476700, 0.5595238095238095300, 0.5714285714285714000, 0.5833333333333333700, 0.5952380952380952300, 0.6071428571428571000, 0.6190476190476190700, 0.6309523809523809300, 0.6428571428571429000, 0.6547619047619047700, 0.6666666666666666300, 0.6785714285714286000, 0.6904761904761904700, 0.7023809523809523300, 0.7142857142857143000, 0.7261904761904761600, 0.7380952380952381400, 0.7500000000000001100, 0.7619047619047618600, 0.7738095238095238400, 0.7857142857142857000, 0.7976190476190476700, 0.8095238095238095300, 0.8214285714285712900, 0.8333333333333332600, 0.8452380952380952300, 0.8571428571428571000, 0.8690476190476190700, 0.8809523809523809300, 0.8840831392538010000 ),
 .UNSPECIFIED. ) 
 CURVE ( )  GEOMETRIC_REPRESENTATION_ITEM ( )  RATIONAL_B_SPLINE_CURVE ( ( 1.000000000000000000, 0.8660254037844387100, 1.000000000000000000, 0.8660254037844387100, 1.000000000000000000, 0.8660254037844387100, 1.000000000000000000, 0.8660254037844387100, 1.000000000000000000, 0.8660254037844387100, 1.000000000000000000, 0.8660254037844387100, 1.000000000000000000, 0.8660254037844387100, 1.000000000000000000, 0.8660254037844387100, 1.000000000000000000, 0.8660254037844387100, 1.000000000000000000, 0.8660254037844387100, 1.000000000000000000, 0.8660254037844387100, 1.000000000000000000, 0.8660254037844387100, 1.000000000000000000, 0.8660254037844387100, 1.000000000000000000, 0.8660254037844387100, 1.000000000000000000, 0.8660254037844387100, 1.000000000000000000, 0.8660254037844387100, 1.000000000000000000, 0.8660254037844387100, 1.000000000000000000, 0.8660254037844387100, 1.000000000000000000, 0.8660254037844387100, 1.000000000000000000, 0.8660254037844387100, 1.000000000000000000, 0.8660254037844387100, 1.000000000000000000, 0.8660254037844387100, 1.000000000000000000, 0.8660254037844387100, 1.000000000000000000, 0.8660254037844387100, 1.000000000000000000, 0.8660254037844387100, 1.000000000000000000, 0.8660254037844387100, 1.000000000000000000, 0.8660254037844387100, 1.000000000000000000, 0.8660254037844387100, 1.000000000000000000, 0.8660254037844387100, 1.000000000000000000, 0.8660254037844387100, 1.000000000000000000, 0.8660254037844387100, 1.000000000000000000, 0.8660254037844387100, 1.000000000000000000, 0.8660254037844387100, 1.000000000000000000, 0.8660254037844387100, 1.000000000000000000, 0.8660254037844387100, 1.000000000000000000, 0.8660254037844387100, 1.000000000000000000, 0.8660254037844387100, 1.000000000000000000, 0.8660254037844387100, 1.000000000000000000, 0.8660254037844387100, 1.000000000000000000, 0.8660254037844387100, 1.000000000000000000, 0.8660254037844387100, 1.000000000000000000, 0.8660254037844387100, 1.000000000000000000, 0.8660254037844387100, 1.000000000000000000, 0.8660254037844387100, 1.000000000000000000, 0.8660254037844387100, 1.000000000000000000, 0.8660254037844387100, 1.000000000000000000, 0.8660254037844387100, 1.000000000000000000, 0.8660254037844387100, 1.000000000000000000, 0.8660254037844387100, 1.000000000000000000, 0.8660254037844387100, 1.000000000000000000, 0.8660254037844387100, 1.000000000000000000, 0.8660254037844387100, 1.000000000000000000, 0.8660254037844387100, 1.000000000000000000, 0.8660254037844387100, 1.000000000000000000, 0.8660254037844387100, 1.000000000000000000, 0.8660254037844387100, 1.000000000000000000, 0.8660254037844387100, 1.000000000000000000, 0.8660254037844387100, 1.000000000000000000, 0.8660254037844387100, 1.000000000000000000, 0.8660254037844387100, 1.000000000000000000, 0.8660254037844387100, 1.000000000000000000, 0.8660254037844387100, 1.000000000000000000, 0.8660254037844387100, 1.000000000000000000, 0.8660254037844387100, 1.000000000000000000, 0.8660254037844387100, 1.000000000000000000, 0.8660254037844387100, 1.000000000000000000, 0.8660254037844387100, 1.000000000000000000, 0.8660254037844387100, 1.000000000000000000, 0.8660254037844387100, 1.000000000000000000, 0.8660254037844387100, 1.000000000000000000, 0.8660254037844387100, 1.000000000000000000, 0.9647668653403735900, 0.9480652107226206200 ) ) 
 REPRESENTATION_ITEM ( '' )  );
#723 = CARTESIAN_POINT ( 'NONE',  ( 0.5773502691896257300, -1.000000000000001100, -1.216666666666696300 ) ) ;
#724 = CARTESIAN_POINT ( 'NONE',  ( 0.5898502691896252400, -1.021650635094611100, -2.054166666666632100 ) ) ;
#725 = CARTESIAN_POINT ( 'NONE',  ( -9.064742275298811100E-017, -0.7401923788646683800, 1.700000000000002000 ) ) ;
#726 = CARTESIAN_POINT ( 'NONE',  ( -0.5073539086306182400, -0.5731044880621377600, 3.331350129109557700 ) ) ;
#727 = CARTESIAN_POINT ( 'NONE',  ( 0.8660254037844389300, -0.5000000000000007800, 1.216666666666637700 ) ) ;
#728 = CARTESIAN_POINT ( 'NONE',  ( -0.7499999999999963400, 0.4330127018922167400, 3.435048094716166600 ) ) ;
#729 = CARTESIAN_POINT ( 'NONE',  ( -0.8547005383792514200, 5.233531392778349000E-017, -1.549999999999996900 ) ) ;
#730 = AXIS2_PLACEMENT_3D ( 'NONE', #318, #3017, #2501 ) ;
#731 = CARTESIAN_POINT ( 'NONE',  ( -0.5898502691896255800, 1.021650635094610800, -2.654166666666632100 ) ) ;
#732 = CARTESIAN_POINT ( 'NONE',  ( -0.6410254037844386200, -0.3700961894323340200, 1.633333333333335500 ) ) ;
#733 = VECTOR ( 'NONE', #78, 1000.000000000000000 ) ;
#734 = ORIENTED_EDGE ( 'NONE', *, *, #2151, .T. ) ;
#735 = CARTESIAN_POINT ( 'NONE',  ( -0.4273502691896256500, 0.7401923788646683800, -2.416666666666663400 ) ) ;
#736 = VECTOR ( 'NONE', #1873, 1000.000000000000000 ) ;
#737 = ORIENTED_EDGE ( 'NONE', *, *, #206, .T. ) ;
#738 = EDGE_LOOP ( 'NONE', ( #1746, #1109, #1012, #1549, #86, #1467, #1862 ) ) ;
#739 = CARTESIAN_POINT ( 'NONE',  ( -0.6410254037844386200, -0.3700961894323340200, 0.08333333333333629900 ) ) ;
#740 = CARTESIAN_POINT ( 'NONE',  ( -1.154700538379252600, 7.070501591499384000E-017, -2.199999999999967800 ) ) ;
#741 = CARTESIAN_POINT ( 'NONE',  ( 0.0000000000000000000, 1.000000000000000700, -3.499999999999997800 ) ) ;
#742 = CARTESIAN_POINT ( 'NONE',  ( -1.179700538379251400, 7.223582441392798400E-017, -1.362500000000031800 ) ) ;
#743 = EDGE_CURVE ( 'NONE', #2869, #2069, #87, .T. ) ;
#744 = ORIENTED_EDGE ( 'NONE', *, *, #804, .T. ) ;
#745 = CARTESIAN_POINT ( 'NONE',  ( 0.0000000000000000000, 5.256982008443607300E-056, -3.499999999999997800 ) ) ;
#746 = ORIENTED_EDGE ( 'NONE', *, *, #687, .F. ) ;
#747 = CARTESIAN_POINT ( 'NONE',  ( 0.05387652482171159000, -0.9957665733199359000, -3.244425805544225700 ) ) ;
#748 = CARTESIAN_POINT ( 'NONE',  ( -0.6410254037844385100, 0.3700961894323343000, -1.583333333333330200 ) ) ;
#749 = ADVANCED_FACE ( 'NONE', ( #2625 ), #2464, .T. ) ;
#750 = CARTESIAN_POINT ( 'NONE',  ( 0.4273502691896261500, 0.7401923788646681500, -1.683333333333330000 ) ) ;
#751 = CARTESIAN_POINT ( 'NONE',  ( 0.0000000000000000000, 0.7401923788646683800, 0.3500000000000030900 ) ) ;
#752 = CARTESIAN_POINT ( 'NONE',  ( -0.5898502691896255800, 1.021650635094610800, -0.6541666666666319200 ) ) ;
#753 = CARTESIAN_POINT ( 'NONE',  ( -0.8847754037844385300, -0.5108253175473052000, -1.329166666666698100 ) ) ;
#754 = EDGE_CURVE ( 'NONE', #780, #1442, #2861, .T. ) ;
#755 = CARTESIAN_POINT ( 'NONE',  ( 0.0000000000000000000, 1.000000000000000700, -2.250000000000029800 ) ) ;
#756 = CARTESIAN_POINT ( 'NONE',  ( -0.8660254037844393700, -0.5000000000000001100, -1.316666666666696000 ) ) ;
#757 = DIRECTION ( 'NONE',  ( -0.0000000000000000000, 7.509974297776586600E-057, -1.000000000000000000 ) ) ;
#758 = LINE ( 'NONE', #2670, #1522 ) ;
#759 =( BOUNDED_CURVE ( )  B_SPLINE_CURVE ( 2, ( #1841, #2089, #609, #2330, #3067, #916, #201 ),
 .UNSPECIFIED., .F., .T. ) 
 B_SPLINE_CURVE_WITH_KNOTS ( ( 3, 2, 2, 3 ),
 ( 0.2500000000000000000, 0.2619047619047619200, 0.2738095238095238400, 0.2857142857142857000 ),
 .UNSPECIFIED. ) 
 CURVE ( )  GEOMETRIC_REPRESENTATION_ITEM ( )  RATIONAL_B_SPLINE_CURVE ( ( 1.000000000000000000, 0.8660254037844387100, 1.000000000000000000, 0.8660254037844387100, 1.000000000000000000, 0.8660254037844387100, 1.000000000000000000 ) ) 
 REPRESENTATION_ITEM ( '' )  );
#760 = CARTESIAN_POINT ( 'NONE',  ( -0.8660254037844392600, -0.5000000000000001100, 0.2333333333333658900 ) ) ;
#761 = CARTESIAN_POINT ( 'NONE',  ( 0.4273502691896254900, -0.7401923788646686000, -1.016666666666663700 ) ) ;
#762 = CARTESIAN_POINT ( 'NONE',  ( 0.4273502691896254900, -0.7401923788646686000, 0.9833333333333368300 ) ) ;
#763 = CARTESIAN_POINT ( 'NONE',  ( -0.5773502691896260600, 1.000000000000000700, -2.266666666666633700 ) ) ;
#764 = CARTESIAN_POINT ( 'NONE',  ( 0.8847754037844388600, 0.5108253175473046500, -0.7541666666666322300 ) ) ;
#765 = CARTESIAN_POINT ( 'NONE',  ( -1.251161180115475900E-016, -1.021650635094610800, -0.4625000000000314400 ) ) ;
#766 = ADVANCED_FACE ( 'NONE', ( #552 ), #1621, .F. ) ;
#767 = DIRECTION ( 'NONE',  ( 0.0000000000000000000, 0.0000000000000000000, 1.000000000000000000 ) ) ;
#768 = CARTESIAN_POINT ( 'NONE',  ( 0.0000000000000000000, 0.7401923788646683800, -2.499999999999998200 ) ) ;
#769 = CARTESIAN_POINT ( 'NONE',  ( 1.197817546541295800E-011, -0.8584936490558308100, -3.381698729808836100 ) ) ;
#770 = CARTESIAN_POINT ( 'NONE',  ( 0.4273502691896261500, 0.7401923788646680400, -0.8833333333333303100 ) ) ;
#771 = CARTESIAN_POINT ( 'NONE',  ( -0.4273502691896256500, 0.7401923788646683800, -0.4166666666666637400 ) ) ;
#772 = CARTESIAN_POINT ( 'NONE',  ( 0.7046252508970232100, -0.4684726238517557500, 1.306656004481523900 ) ) ;
#773 = CARTESIAN_POINT ( 'NONE',  ( -0.5898502691896260200, -1.021650635094610600, -1.720833333333298800 ) ) ;
#774 = CARTESIAN_POINT ( 'NONE',  ( -1.251161180115475900E-016, -1.021650635094610800, -0.06250000000003171100 ) ) ;
#775 = ORIENTED_EDGE ( 'NONE', *, *, #804, .F. ) ;
#776 =( BOUNDED_CURVE ( )  B_SPLINE_CURVE ( 2, ( #1566, #2070, #2308, #1078, #553, #68, #598 ),
 .UNSPECIFIED., .F., .F. ) 
 B_SPLINE_CURVE_WITH_KNOTS ( ( 3, 2, 2, 3 ),
 ( 0.7500000000000000000, 0.7619047619047618600, 0.7738095238095238400, 0.7857142857142857000 ),
 .UNSPECIFIED. ) 
 CURVE ( )  GEOMETRIC_REPRESENTATION_ITEM ( )  RATIONAL_B_SPLINE_CURVE ( ( 1.000000000000000000, 0.8660254037844387100, 1.000000000000000000, 0.8660254037844387100, 1.000000000000000000, 0.8660254037844387100, 1.000000000000000000 ) ) 
 REPRESENTATION_ITEM ( '' )  );
#777 = CARTESIAN_POINT ( 'NONE',  ( 0.8547005383792514200, -1.570059417833504600E-016, -3.399999999999998100 ) ) ;
#778 = CARTESIAN_POINT ( 'NONE',  ( -0.4273502691896256000, 0.7401923788646683800, -3.266666666666665300 ) ) ;
#779 = ORIENTED_EDGE ( 'NONE', *, *, #596, .T. ) ;
#780 = VERTEX_POINT ( 'NONE', #2578 ) ;
#781 = CARTESIAN_POINT ( 'NONE',  ( -1.154700538379252600, 7.070501591499384000E-017, -0.1999999999999674000 ) ) ;
#782 = CARTESIAN_POINT ( 'NONE',  ( -0.4273502691896256500, 0.7401923788646683800, -0.8666666666666649200 ) ) ;
#783 = ORIENTED_EDGE ( 'NONE', *, *, #2139, .F. ) ;
#784 = ORIENTED_EDGE ( 'NONE', *, *, #1574, .T. ) ;
#785 = CARTESIAN_POINT ( 'NONE',  ( -0.4273502691896256500, 0.7401923788646683800, -0.01666666666666353000 ) ) ;
#786 = CARTESIAN_POINT ( 'NONE',  ( -0.8847754037844385300, -0.5108253175473052000, -1.354166666666632100 ) ) ;
#787 = CARTESIAN_POINT ( 'NONE',  ( -0.8847754037844384200, 0.5108253175473055400, -1.395833333333364800 ) ) ;
#788 = ORIENTED_EDGE ( 'NONE', *, *, #582, .F. ) ;
#789 = CARTESIAN_POINT ( 'NONE',  ( 0.8660254037844389300, -0.5000000000000007800, -1.233333333333300800 ) ) ;
#790 = CARTESIAN_POINT ( 'NONE',  ( 0.6410254037844388400, 0.3700961894323336300, -2.566666666666665100 ) ) ;
#791 = CARTESIAN_POINT ( 'NONE',  ( 0.7499999999999997800, 0.2989532148376563600, 3.368018351188890100 ) ) ;
#792 = APPROVAL_PERSON_ORGANIZATION ( #1764, #1534, #800 ) ;
#793 = CARTESIAN_POINT ( 'NONE',  ( -0.6410254037844385100, 0.3700961894323343000, -0.8333333333333317100 ) ) ;
#794 = CONICAL_SURFACE ( 'NONE', #2542, 0.7401923788646683800, 0.7853981633974453900 ) ;
#795 = DIRECTION ( 'NONE',  ( -0.0000000000000000000, 7.509974297776586600E-057, -1.000000000000000000 ) ) ;
#796 = DIRECTION ( 'NONE',  ( -0.0000000000000000000, 7.509974297776586600E-057, -1.000000000000000000 ) ) ;
#797 = CARTESIAN_POINT ( 'NONE',  ( 0.8847754037844388600, 0.5108253175473046500, -0.3541666666666319900 ) ) ;
#798 = CARTESIAN_POINT ( 'NONE',  ( 0.5898502691896252400, -1.021650635094611100, 0.3708333333333019800 ) ) ;
#799 = CARTESIAN_POINT ( 'NONE',  ( -0.6410254037844386200, -0.3700961894323340200, -1.566666666666665100 ) ) ;
#800 = APPROVAL_ROLE ( '' ) ;
#801 = CARTESIAN_POINT ( 'NONE',  ( 0.5773502691896257300, -1.000000000000001100, -0.8666666666666338300 ) ) ;
#802 = CARTESIAN_POINT ( 'NONE',  ( 0.8660254037844397100, 0.4999999999999995600, 0.03333333333336622300 ) ) ;
#803 = CARTESIAN_POINT ( 'NONE',  ( 0.4273502691896261500, 0.7401923788646680400, -2.133333333333332000 ) ) ;
#804 = EDGE_CURVE ( 'NONE', #3080, #2556, #1245, .T. ) ;
#805 = DIRECTION ( 'NONE',  ( 0.0000000000000000000, 1.000000000000000000, 0.0000000000000000000 ) ) ;
#806 = DIRECTION ( 'NONE',  ( 8.659560562354908200E-017, 0.7071067811865454600, 0.7071067811865495700 ) ) ;
#807 = CARTESIAN_POINT ( 'NONE',  ( 0.6410254037844384000, -0.3700961894323345200, -3.383333333333330200 ) ) ;
#808 = CARTESIAN_POINT ( 'NONE',  ( -0.4273502691896259900, -0.7401923788646680400, -2.733333333333331600 ) ) ;
#809 = APPROVAL_ROLE ( '' ) ;
#810 = CARTESIAN_POINT ( 'NONE',  ( -0.6410254037844385100, 0.3700961894323343000, -2.833333333333331700 ) ) ;
#811 = DIRECTION ( 'NONE',  ( 0.0000000000000000000, -1.000000000000000000, -1.281975124255724200E-016 ) ) ;
#812 = CARTESIAN_POINT ( 'NONE',  ( 0.0000000000000000000, 0.7401923788646683800, -0.8999999999999984700 ) ) ;
#813 = CONICAL_SURFACE ( 'NONE', #2104, 0.9309773090682665900, 0.7853981633974500600 ) ;
#814 = EDGE_CURVE ( 'NONE', #2556, #1954, #3123, .T. ) ;
#815 = ORIENTED_EDGE ( 'NONE', *, *, #754, .F. ) ;
#816 = CARTESIAN_POINT ( 'NONE',  ( -0.6410254037844385100, 0.3700961894323343000, -0.7833333333333303300 ) ) ;
#817 = LINE ( 'NONE', #293, #240 ) ;
#818 = TOROIDAL_SURFACE ( 'NONE', #51, 1.100000000000001400, 0.1000000000000000500 ) ;
#819 = CARTESIAN_POINT ( 'NONE',  ( 0.0000000000000000000, 0.7401923788646683800, -3.249999999999996900 ) ) ;
#820 = EDGE_LOOP ( 'NONE', ( #2866, #2438, #539, #410 ) ) ;
#821 = CARTESIAN_POINT ( 'NONE',  ( 0.6410254037844388400, 0.3700961894323336300, -2.116666666666663600 ) ) ;
#822 = EDGE_LOOP ( 'NONE', ( #2115, #2872, #1552, #3013, #2180, #1797, #2908, #896, #1831, #2867, #2783, #98, #520, #2903, #3088, #2751, #2949, #641, #22, #712, #2600, #1434, #469, #2106, #1947, #2026, #1057, #2671 ) ) ;
#823 = CARTESIAN_POINT ( 'NONE',  ( 0.4273502691896261500, 0.7401923788646680400, -2.533333333333332300 ) ) ;
#824 = CARTESIAN_POINT ( 'NONE',  ( 0.8547005383792513100, -1.570059417833504600E-016, -0.5999999999999980900 ) ) ;
#825 = VERTEX_POINT ( 'NONE', #358 ) ;
#826 = DIRECTION ( 'NONE',  ( 0.0000000000000000000, -1.224646799147350500E-016, 1.000000000000000000 ) ) ;
#827 = CARTESIAN_POINT ( 'NONE',  ( -0.8547005383792514200, 5.233531392778349000E-017, -1.999999999999998200 ) ) ;
#828 = ORIENTED_EDGE ( 'NONE', *, *, #1662, .F. ) ;
#829 = ADVANCED_FACE ( 'NONE', ( #361 ), #2205, .T. ) ;
#830 = CARTESIAN_POINT ( 'NONE',  ( 0.0000000000000000000, 1.000000000000000700, -1.850000000000029600 ) ) ;
#831 = CARTESIAN_POINT ( 'NONE',  ( -0.8847754037844385300, -0.5108253175473052000, 1.445833333333368400 ) ) ;
#832 = CARTESIAN_POINT ( 'NONE',  ( 0.8847754037844388600, 0.5108253175473046500, 0.8708333333333016000 ) ) ;
#833 = AXIS2_PLACEMENT_3D ( 'NONE', #1809, #2274, #1067 ) ;
#834 = CARTESIAN_POINT ( 'NONE',  ( 0.8547005383792514200, -1.570059417833504600E-016, -2.599999999999997900 ) ) ;
#835 = DATE_TIME_ROLE ( 'classification_date' ) ;
#836 = CARTESIAN_POINT ( 'NONE',  ( -9.064742275298811100E-017, -0.7401923788646683800, -1.899999999999998400 ) ) ;
#837 = CIRCLE ( 'NONE', #2708, 1.800000000000000000 ) ;
#838 = CARTESIAN_POINT ( 'NONE',  ( -0.8660254037844393700, -0.5000000000000001100, 0.6833333333333040400 ) ) ;
#839 = CARTESIAN_POINT ( 'NONE',  ( 0.0000000000000000000, 0.7401923788646683800, 0.3000000000000016500 ) ) ;
#840 = CARTESIAN_POINT ( 'NONE',  ( 1.154700538379252600, -2.121150477449814600E-016, -3.150000000000029700 ) ) ;
#841 = CARTESIAN_POINT ( 'NONE',  ( -1.224646799147354200E-016, -1.000000000000000700, -0.05000000000002961100 ) ) ;
#842 = CARTESIAN_POINT ( 'NONE',  ( 1.179700538379251400, -2.167074732417838900E-016, 0.4125000000000347800 ) ) ;
#843 = CARTESIAN_POINT ( 'NONE',  ( 0.0000000000000000000, 0.7401923788646683800, -2.449999999999997100 ) ) ;
#844 = CARTESIAN_POINT ( 'NONE',  ( 0.4273502691896254900, -0.7401923788646686000, 0.1333333333333351400 ) ) ;
#845 = CARTESIAN_POINT ( 'NONE',  ( 0.4273502691896261500, 0.7401923788646681500, -0.9333333333333315700 ) ) ;
#846 = ADVANCED_FACE ( 'NONE', ( #1324 ), #1678, .F. ) ;
#847 = CARTESIAN_POINT ( 'NONE',  ( 0.8547005383792514200, -1.570059417833504600E-016, -2.149999999999996800 ) ) ;
#848 = CARTESIAN_POINT ( 'NONE',  ( -9.064742275298811100E-017, -0.7401923788646683800, 1.700000000000002000 ) ) ;
#849 = EDGE_CURVE ( 'NONE', #2978, #2069, #48, .T. ) ;
#850 = CARTESIAN_POINT ( 'NONE',  ( 0.0000000000000000000, 7.509974297776402600E-058, 3.400000000000000400 ) ) ;
#851 = DIRECTION ( 'NONE',  ( 1.000000000000000000, 0.0000000000000000000, 0.0000000000000000000 ) ) ;
#852 = CARTESIAN_POINT ( 'NONE',  ( -1.179700538379251400, 7.223582441392798400E-017, 1.012500000000035000 ) ) ;
#853 = CARTESIAN_POINT ( 'NONE',  ( -0.6410254037844386200, -0.3700961894323340200, -2.766666666666665300 ) ) ;
#854 = DIRECTION ( 'NONE',  ( -0.0000000000000000000, 7.509974297776586600E-057, -1.000000000000000000 ) ) ;
#855 = CARTESIAN_POINT ( 'NONE',  ( 0.6410254037844384000, -0.3700961894323345200, 0.1666666666666682700 ) ) ;
#856 = CARTESIAN_POINT ( 'NONE',  ( -0.8547005383792513100, 5.233531392778349000E-017, -1.599999999999998100 ) ) ;
#857 = CARTESIAN_POINT ( 'NONE',  ( -0.8547005383792514200, 5.233531392778349000E-017, -1.949999999999996800 ) ) ;
#858 = CIRCLE ( 'NONE', #1785, 1.000000000000001300 ) ;
#859 = ORIENTED_EDGE ( 'NONE', *, *, #3027, .T. ) ;
#860 = CARTESIAN_POINT ( 'NONE',  ( 0.8547005383792514200, -1.570059417833504600E-016, -0.1999999999999983500 ) ) ;
#861 = ORIENTED_EDGE ( 'NONE', *, *, #1422, .T. ) ;
#862 = ORIENTED_EDGE ( 'NONE', *, *, #1089, .F. ) ;
#863 = ADVANCED_FACE ( 'NONE', ( #549 ), #1968, .F. ) ;
#864 = EDGE_CURVE ( 'NONE', #1254, #700, #1976, .T. ) ;
#865 = CARTESIAN_POINT ( 'NONE',  ( -0.8547005383792513100, 5.233531392778349000E-017, -0.3499999999999970400 ) ) ;
#866 = ORIENTED_EDGE ( 'NONE', *, *, #1647, .F. ) ;
#867 = CARTESIAN_POINT ( 'NONE',  ( -1.224646799147354200E-016, -1.000000000000000700, -0.05000000000002961100 ) ) ;
#868 = CARTESIAN_POINT ( 'NONE',  ( 0.0000000000000000000, 1.000000000000000700, -3.499999999999997800 ) ) ;
#869 = CARTESIAN_POINT ( 'NONE',  ( -9.064742275298811100E-017, -0.7401923788646683800, -2.649999999999996800 ) ) ;
#870 = CARTESIAN_POINT ( 'NONE',  ( 0.4273502691896254900, -0.7401923788646686000, -3.066666666666665100 ) ) ;
#871 = EDGE_LOOP ( 'NONE', ( #1215, #2166, #1153, #2864 ) ) ;
#872 = CARTESIAN_POINT ( 'NONE',  ( 0.6410254037844388400, 0.3700961894323336300, 1.033333333333335000 ) ) ;
#873 = CARTESIAN_POINT ( 'NONE',  ( 0.8547005383792513100, -1.570059417833504600E-016, -1.799999999999998500 ) ) ;
#874 = CARTESIAN_POINT ( 'NONE',  ( 0.0000000000000000000, 0.7401923788646683800, -2.449999999999997100 ) ) ;
#875 = DIRECTION ( 'NONE',  ( 0.0000000000000000000, 1.000000000000000000, 0.0000000000000000000 ) ) ;
#876 = CARTESIAN_POINT ( 'NONE',  ( 0.6410254037844388400, 0.3700961894323336300, 1.033333333333335000 ) ) ;
#877 = CARTESIAN_POINT ( 'NONE',  ( 0.6410254037844384000, -0.3700961894323345200, -2.583333333333330400 ) ) ;
#878 = CARTESIAN_POINT ( 'NONE',  ( -0.4273502691896259900, -0.7401923788646680400, 1.716666666666670100 ) ) ;
#879 = AXIS2_PLACEMENT_3D ( 'NONE', #2895, #449, #40 ) ;
#880 = B_SPLINE_CURVE_WITH_KNOTS ( 'NONE', 3,
 ( #2604, #1615, #608, #1852 ),
 .UNSPECIFIED., .F., .F.,
 ( 4, 4 ),
 ( 0.003481777388197576200, 0.004070136557789341900 ),
 .UNSPECIFIED. ) ;
#881 = VECTOR ( 'NONE', #400, 1000.000000000000000 ) ;
#882 = CARTESIAN_POINT ( 'NONE',  ( -0.6410254037844386200, -0.3700961894323340200, 0.03333333333333486600 ) ) ;
#883 = CARTESIAN_POINT ( 'NONE',  ( 0.8547005383792514200, -1.570059417833504600E-016, -0.5499999999999967100 ) ) ;
#884 =( BOUNDED_CURVE ( )  B_SPLINE_CURVE ( 2, ( #1532, #2064, #84, #2022, #802, #560, #304 ),
 .UNSPECIFIED., .F., .T. ) 
 B_SPLINE_CURVE_WITH_KNOTS ( ( 3, 2, 2, 3 ),
 ( 0.6071428571428571000, 0.6190476190476190700, 0.6309523809523809300, 0.6428571428571429000 ),
 .UNSPECIFIED. ) 
 CURVE ( )  GEOMETRIC_REPRESENTATION_ITEM ( )  RATIONAL_B_SPLINE_CURVE ( ( 1.000000000000000000, 0.8660254037844387100, 1.000000000000000000, 0.8660254037844387100, 1.000000000000000000, 0.8660254037844387100, 1.000000000000000000 ) ) 
 REPRESENTATION_ITEM ( '' )  );
#885 = CARTESIAN_POINT ( 'NONE',  ( -0.4273502691896259900, -0.7401923788646680400, 0.8666666666666682500 ) ) ;
#886 = CARTESIAN_POINT ( 'NONE',  ( -0.8660254037844392600, -0.5000000000000001100, 1.033333333333366100 ) ) ;
#887 = CARTESIAN_POINT ( 'NONE',  ( 0.0000000000000000000, 1.800000000000000000, 3.499999999999999600 ) ) ;
#888 = ORIENTED_EDGE ( 'NONE', *, *, #2680, .F. ) ;
#889 = DIRECTION ( 'NONE',  ( -0.0000000000000000000, 7.509974297776586600E-057, -1.000000000000000000 ) ) ;
#890 = CARTESIAN_POINT ( 'NONE',  ( -9.064742275298811100E-017, -0.7401923788646683800, -1.049999999999996700 ) ) ;
#891 = CARTESIAN_POINT ( 'NONE',  ( -0.5045641449641220500, 0.5747151588659646900, 3.318702545239034000 ) ) ;
#892 = ADVANCED_FACE ( 'NONE', ( #2666 ), #214, .T. ) ;
#893 = CARTESIAN_POINT ( 'NONE',  ( -0.8660254037844393700, -0.5000000000000001100, -0.1166666666666963100 ) ) ;
#894 = CARTESIAN_POINT ( 'NONE',  ( 0.8057526865640951600, -0.05557600425436504100, -3.439497802544824600 ) ) ;
#895 = DIRECTION ( 'NONE',  ( -0.0000000000000000000, 7.509974297776586600E-057, -1.000000000000000000 ) ) ;
#896 = ORIENTED_EDGE ( 'NONE', *, *, #1476, .F. ) ;
#897 = VECTOR ( 'NONE', #1998, 1000.000000000000100 ) ;
#898 = VECTOR ( 'NONE', #1973, 1000.000000000000000 ) ;
#899 = CARTESIAN_POINT ( 'NONE',  ( -0.8547005383792513100, 5.233531392778349000E-017, 1.200000000000002000 ) ) ;
#900 = CARTESIAN_POINT ( 'NONE',  ( -0.4273502691896259900, -0.7401923788646680400, 0.9166666666666698500 ) ) ;
#901 = ORIENTED_EDGE ( 'NONE', *, *, #2391, .T. ) ;
#902 = AXIS2_PLACEMENT_3D ( 'NONE', #2544, #2756, #541 ) ;
#903 = VERTEX_POINT ( 'NONE', #2296 ) ;
#904 = CARTESIAN_POINT ( 'NONE',  ( 0.4273502691896254900, -0.7401923788646686000, -0.2166666666666636200 ) ) ;
#905 = CARTESIAN_POINT ( 'NONE',  ( -1.224646799147354200E-016, -1.000000000000000700, -0.09999999999996717100 ) ) ;
#906 = ORIENTED_EDGE ( 'NONE', *, *, #1017, .T. ) ;
#907 = CARTESIAN_POINT ( 'NONE',  ( 1.154700538379252600, -2.121150477449814600E-016, 0.04999999999997064400 ) ) ;
#908 = ORIENTED_EDGE ( 'NONE', *, *, #2139, .T. ) ;
#909 = CARTESIAN_POINT ( 'NONE',  ( -0.8547005383792513100, 5.233531392778349000E-017, 0.8000000000000020400 ) ) ;
#910 = CARTESIAN_POINT ( 'NONE',  ( -0.6410254037844385100, 0.3700961894323343000, 0.8166666666666695400 ) ) ;
#911 = DIRECTION ( 'NONE',  ( 0.0000000000000000000, 1.000000000000000000, 0.0000000000000000000 ) ) ;
#912 = PERSON_AND_ORGANIZATION ( #666, #1487 ) ;
#913 = CARTESIAN_POINT ( 'NONE',  ( 0.0000000000000000000, 1.000000000000000700, -3.099999999999967200 ) ) ;
#914 = EDGE_CURVE ( 'NONE', #825, #1018, #690, .T. ) ;
#915 = CARTESIAN_POINT ( 'NONE',  ( 0.8660254037844397100, 0.4999999999999995600, -3.166666666666634100 ) ) ;
#916 = CARTESIAN_POINT ( 'NONE',  ( 0.5773502691896267300, 1.000000000000000200, -1.933333333333300700 ) ) ;
#917 = AXIS2_PLACEMENT_3D ( 'NONE', #2153, #677, #1650 ) ;
#918 = CARTESIAN_POINT ( 'NONE',  ( -0.4273502691896256000, 0.7401923788646683800, -3.216666666666663700 ) ) ;
#919 = DIRECTION ( 'NONE',  ( 0.0000000000000000000, 1.000000000000000000, 0.0000000000000000000 ) ) ;
#920 = CARTESIAN_POINT ( 'NONE',  ( 0.0000000000000000000, 0.7401923788646683800, -0.04999999999999665800 ) ) ;
#921 = CARTESIAN_POINT ( 'NONE',  ( -9.064742275298811100E-017, -0.7401923788646683800, -0.6999999999999984000 ) ) ;
#922 = CARTESIAN_POINT ( 'NONE',  ( 0.6410254037844388400, 0.3700961894323336300, 0.2833333333333368200 ) ) ;
#923 = CARTESIAN_POINT ( 'NONE',  ( 0.0000000000000000000, 1.100000000000001400, 1.499999999999999600 ) ) ;
#924 = EDGE_CURVE ( 'NONE', #2288, #1512, #1433, .T. ) ;
#925 = CARTESIAN_POINT ( 'NONE',  ( 0.0000000000000000000, -0.7401923788646683800, -3.499999999999999600 ) ) ;
#926 = PRODUCT_RELATED_PRODUCT_CATEGORY ( 'detail', '', ( #1432 ) ) ;
#927 = CARTESIAN_POINT ( 'NONE',  ( -0.8660254037844393700, -0.5000000000000001100, 1.083333333333304200 ) ) ;
#928 = CARTESIAN_POINT ( 'NONE',  ( 0.0000000000000000000, 5.256982008443607300E-056, -3.499999999999997800 ) ) ;
#929 = CARTESIAN_POINT ( 'NONE',  ( 0.8547005383792513100, -1.570059417833504600E-016, -3.349999999999997000 ) ) ;
#930 = CARTESIAN_POINT ( 'NONE',  ( -0.4651257972215425700, -0.8642383928446949500, -3.266243378939009700 ) ) ;
#931 = CARTESIAN_POINT ( 'NONE',  ( 0.0000000000000000000, 0.7401923788646683800, 0.3500000000000030900 ) ) ;
#932 = CARTESIAN_POINT ( 'NONE',  ( -9.064742275298811100E-017, -0.7401923788646683800, 0.1000000000000015600 ) ) ;
#933 = CARTESIAN_POINT ( 'NONE',  ( -0.4273502691896256000, 0.7401923788646683800, 0.7833333333333364300 ) ) ;
#934 = CARTESIAN_POINT ( 'NONE',  ( -1.224646799147354200E-016, -1.000000000000000700, -1.699999999999967100 ) ) ;
#935 = LINE ( 'NONE', #3099, #2619 ) ;
#936 = EDGE_LOOP ( 'NONE', ( #331, #2742, #1250, #244 ) ) ;
#937 = VERTEX_POINT ( 'NONE', #89 ) ;
#938 = CARTESIAN_POINT ( 'NONE',  ( -0.8660254037844391500, 0.5000000000000004400, 1.016666666666637100 ) ) ;
#939 = CARTESIAN_POINT ( 'NONE',  ( 0.4993125792324487100, -0.5938991029859954600, -3.471381734277489100 ) ) ;
#940 = ORIENTED_EDGE ( 'NONE', *, *, #2247, .F. ) ;
#941 = CLOSED_SHELL ( 'NONE', ( #269, #1892, #146, #2099, #2796, #372, #30, #517, #1337, #43, #2737, #2261, #2242, #1636, #2813, #2982, #1859, #829, #2475, #349, #1351, #1088, #386, #2490, #749, #606, #1603, #766, #2351, #1739, #2830, #1839, #1031, #2863, #2318, #1903, #1262, #2587, #1564, #2720, #1491, #846, #863, #1581, #1373, #1818, #2336, #112, #1010, #290, #1386, #1759, #892 ) ) ;
#942 = CARTESIAN_POINT ( 'NONE',  ( 0.0000000000000000000, 1.000000000000000700, -1.850000000000029600 ) ) ;
#943 = CARTESIAN_POINT ( 'NONE',  ( -9.064742275298811100E-017, -0.7401923788646683800, -0.2499999999999967500 ) ) ;
#944 = CARTESIAN_POINT ( 'NONE',  ( 0.5898502691896252400, -1.021650635094611100, -3.629166666666698400 ) ) ;
#945 = AXIS2_PLACEMENT_3D ( 'NONE', #1701, #1214, #2417 ) ;
#946 = ORIENTED_EDGE ( 'NONE', *, *, #396, .T. ) ;
#947 = DIRECTION ( 'NONE',  ( -0.0000000000000000000, 7.509974297776586600E-057, -1.000000000000000000 ) ) ;
#948 = COORDINATED_UNIVERSAL_TIME_OFFSET ( 6, 0, .BEHIND. ) ;
#949 = CARTESIAN_POINT ( 'NONE',  ( -1.224646799147354200E-016, -1.000000000000000700, -1.650000000000029400 ) ) ;
#950 = CARTESIAN_POINT ( 'NONE',  ( 0.8847754037844388600, 0.5108253175473046500, -3.154166666666632100 ) ) ;
#951 = CARTESIAN_POINT ( 'NONE',  ( -0.8847754037844384200, 0.5108253175473055400, -2.595833333333364700 ) ) ;
#952 = FACE_OUTER_BOUND ( 'NONE', #1220, .T. ) ;
#953 = DIRECTION ( 'NONE',  ( 0.0000000000000000000, 1.000000000000000000, 0.0000000000000000000 ) ) ;
#954 = DIRECTION ( 'NONE',  ( -0.0000000000000000000, -0.0000000000000000000, 1.000000000000000000 ) ) ;
#955 = CARTESIAN_POINT ( 'NONE',  ( 0.0000000000000000000, 1.000000000000000700, -3.499999999999997800 ) ) ;
#956 = AXIS2_PLACEMENT_3D ( 'NONE', #745, #2705, #2 ) ;
#957 = CARTESIAN_POINT ( 'NONE',  ( 0.4273502691896254900, -0.7401923788646686000, -3.016666666666663500 ) ) ;
#958 = DIRECTION ( 'NONE',  ( -0.0000000000000000000, -0.0000000000000000000, 1.000000000000000000 ) ) ;
#959 =( BOUNDED_CURVE ( )  B_SPLINE_CURVE ( 2, ( #696, #1430, #2665, #3177, #1690, #233, #706 ),
 .UNSPECIFIED., .F., .T. ) 
 B_SPLINE_CURVE_WITH_KNOTS ( ( 3, 2, 2, 3 ),
 ( 0.2857142857142857000, 0.2976190476190476200, 0.3095238095238095300, 0.3214285714285714500 ),
 .UNSPECIFIED. ) 
 CURVE ( )  GEOMETRIC_REPRESENTATION_ITEM ( )  RATIONAL_B_SPLINE_CURVE ( ( 1.000000000000000000, 0.8660254037844387100, 1.000000000000000000, 0.8660254037844387100, 1.000000000000000000, 0.8660254037844387100, 1.000000000000000000 ) ) 
 REPRESENTATION_ITEM ( '' )  );
#960 = ORIENTED_EDGE ( 'NONE', *, *, #2725, .T. ) ;
#961 = CARTESIAN_POINT ( 'NONE',  ( 0.0000000000000000000, 1.021650635094610800, -2.287499999999965400 ) ) ;
#962 = CARTESIAN_POINT ( 'NONE',  ( 0.5898502691896262400, 1.021650635094610400, -2.295833333333364900 ) ) ;
#963 = CARTESIAN_POINT ( 'NONE',  ( -1.224646799147354200E-016, -1.000000000000000700, -1.250000000000029300 ) ) ;
#964 = CARTESIAN_POINT ( 'NONE',  ( -0.6410254037844385100, 0.3700961894323343000, -2.783333333333330600 ) ) ;
#965 = DIRECTION ( 'NONE',  ( -0.0000000000000000000, 7.509974297776586600E-057, -1.000000000000000000 ) ) ;
#966 = VECTOR ( 'NONE', #2276, 1000.000000000000000 ) ;
#967 = CARTESIAN_POINT ( 'NONE',  ( -0.8356620095623533700, 0.4382022809385034400, -3.328548200390482000 ) ) ;
#968 = CARTESIAN_POINT ( 'NONE',  ( 0.8847754037844383100, -0.5108253175473058700, -2.820833333333298700 ) ) ;
#969 = CARTESIAN_POINT ( 'NONE',  ( -0.8847754037844384200, 0.5108253175473055400, -3.395833333333365500 ) ) ;
#970 = ORIENTED_EDGE ( 'NONE', *, *, #498, .T. ) ;
#971 = FACE_OUTER_BOUND ( 'NONE', #2148, .T. ) ;
#972 = EDGE_CURVE ( 'NONE', #3128, #1912, #2171, .T. ) ;
#973 = CARTESIAN_POINT ( 'NONE',  ( 0.7499999999999997800, -0.2986886858037709500, 3.367886086671946000 ) ) ;
#974 = FACE_OUTER_BOUND ( 'NONE', #820, .T. ) ;
#975 = CARTESIAN_POINT ( 'NONE',  ( 0.7499999999999997800, -0.4330127018922127500, 2.499999999999999600 ) ) ;
#976 = ORIENTED_EDGE ( 'NONE', *, *, #1193, .T. ) ;
#977 = VERTEX_POINT ( 'NONE', #104 ) ;
#978 = CARTESIAN_POINT ( 'NONE',  ( 0.1622252560040582700, -0.9867537516089915900, -3.240192378864666300 ) ) ;
#979 = CARTESIAN_POINT ( 'NONE',  ( 0.0000000000000000000, 0.7401923788646683800, -3.249999999999996900 ) ) ;
#980 = ORIENTED_EDGE ( 'NONE', *, *, #2954, .T. ) ;
#981 = VERTEX_POINT ( 'NONE', #2047 ) ;
#982 = CARTESIAN_POINT ( 'NONE',  ( -9.064742275298811100E-017, -0.7401923788646683800, -1.849999999999996800 ) ) ;
#983 = CARTESIAN_POINT ( 'NONE',  ( 0.0000000000000000000, 1.021650635094610800, -2.687499999999965400 ) ) ;
#984 = CARTESIAN_POINT ( 'NONE',  ( -0.5898502691896260200, -1.021650635094610600, -2.495833333333365100 ) ) ;
#985 = EDGE_CURVE ( 'NONE', #1182, #937, #858, .T. ) ;
#986 = CARTESIAN_POINT ( 'NONE',  ( 0.0000000000000000000, 0.7401923788646683800, -3.499999999999998700 ) ) ;
#987 = ORIENTED_EDGE ( 'NONE', *, *, #3065, .T. ) ;
#988 = CARTESIAN_POINT ( 'NONE',  ( -1.154700538379252600, 7.070501591499384000E-017, -1.350000000000029800 ) ) ;
#989 = CARTESIAN_POINT ( 'NONE',  ( -1.224646799147354200E-016, -1.000000000000000700, 1.100000000000032300 ) ) ;
#990 = CARTESIAN_POINT ( 'NONE',  ( -1.154700538379252600, 7.070501591499384000E-017, 0.2000000000000327300 ) ) ;
#991 = CARTESIAN_POINT ( 'NONE',  ( -0.4273502691896259900, -0.7401923788646680400, -2.683333333333330000 ) ) ;
#992 = CARTESIAN_POINT ( 'NONE',  ( -0.6410254037844386200, -0.3700961894323340200, 0.4833333333333365000 ) ) ;
#993 = CARTESIAN_POINT ( 'NONE',  ( 0.8847754037844383100, -0.5108253175473058700, -3.220833333333298600 ) ) ;
#994 = CARTESIAN_POINT ( 'NONE',  ( -0.5898502691896255800, 1.021650635094610800, -1.029166666666698100 ) ) ;
#995 = CARTESIAN_POINT ( 'NONE',  ( 0.0000000000000000000, -6.162975822039154700E-030, 0.8226497308103670700 ) ) ;
#996 = AXIS2_PLACEMENT_3D ( 'NONE', #2316, #3074, #1101 ) ;
#997 = CARTESIAN_POINT ( 'NONE',  ( -1.224646799147354200E-016, -1.000000000000000700, -2.499999999999967600 ) ) ;
#998 = CARTESIAN_POINT ( 'NONE',  ( -0.4273502691896259900, -0.7401923788646680400, -1.483333333333330500 ) ) ;
#999 = ORIENTED_EDGE ( 'NONE', *, *, #1202, .F. ) ;
#1000 = CARTESIAN_POINT ( 'NONE',  ( 0.6410254037844384000, -0.3700961894323345200, 0.6166666666666699200 ) ) ;
#1001 = CARTESIAN_POINT ( 'NONE',  ( 2.326828918379971400E-016, 1.899999999999999900, 1.599999999999999900 ) ) ;
#1002 = CARTESIAN_POINT ( 'NONE',  ( -0.5898502691896260200, -1.021650635094610600, -0.1208333333332987800 ) ) ;
#1003 = CARTESIAN_POINT ( 'NONE',  ( 0.8847754037844383100, -0.5108253175473058700, -1.995833333333365100 ) ) ;
#1004 = CARTESIAN_POINT ( 'NONE',  ( 1.224646799147354200E-016, -1.000000000000000700, -3.499999999999997800 ) ) ;
#1005 = DIRECTION ( 'NONE',  ( 0.0000000000000000000, 1.000000000000000000, 0.0000000000000000000 ) ) ;
#1006 = VECTOR ( 'NONE', #545, 1000.000000000000000 ) ;
#1007 = CARTESIAN_POINT ( 'NONE',  ( -1.224646799147354200E-016, -1.000000000000000700, 0.3000000000000325700 ) ) ;
#1008 = CARTESIAN_POINT ( 'NONE',  ( -0.6410254037844386200, -0.3700961894323340200, -1.116666666666663400 ) ) ;
#1009 = VERTEX_POINT ( 'NONE', #830 ) ;
#1010 = ADVANCED_FACE ( 'NONE', ( #1871 ), #1363, .T. ) ;
#1011 = EDGE_LOOP ( 'NONE', ( #940, #1063, #523, #59, #1211 ) ) ;
#1012 = ORIENTED_EDGE ( 'NONE', *, *, #149, .F. ) ;
#1013 = CARTESIAN_POINT ( 'NONE',  ( 0.4273502691896261500, 0.7401923788646680400, 1.116666666666670200 ) ) ;
#1014 = CARTESIAN_POINT ( 'NONE',  ( 0.5302037825132516200, 0.7640538192568247000, 1.355578172837430300 ) ) ;
#1015 = CARTESIAN_POINT ( 'NONE',  ( 0.5898502691896252400, -1.021650635094611100, -0.4541666666666318600 ) ) ;
#1016 = CARTESIAN_POINT ( 'NONE',  ( 0.5898502691896262400, 1.021650635094610400, -1.495833333333364900 ) ) ;
#1017 = EDGE_CURVE ( 'NONE', #2145, #2978, #1784, .T. ) ;
#1018 = VERTEX_POINT ( 'NONE', #1315 ) ;
#1019 =( BOUNDED_CURVE ( )  B_SPLINE_CURVE ( 2, ( #997, #267, #2717, #2220, #34, #2239, #1497 ),
 .UNSPECIFIED., .F., .T. ) 
 B_SPLINE_CURVE_WITH_KNOTS ( ( 3, 2, 2, 3 ),
 ( 0.1785714285714285800, 0.1904761904761904700, 0.2023809523809523800, 0.2142857142857142700 ),
 .UNSPECIFIED. ) 
 CURVE ( )  GEOMETRIC_REPRESENTATION_ITEM ( )  RATIONAL_B_SPLINE_CURVE ( ( 1.000000000000000000, 0.8660254037844387100, 1.000000000000000000, 0.8660254037844387100, 1.000000000000000000, 0.8660254037844387100, 1.000000000000000000 ) ) 
 REPRESENTATION_ITEM ( '' )  );
#1020 = CARTESIAN_POINT ( 'NONE',  ( 0.0000000000000000000, 1.000000000000000700, -1.099999999999967000 ) ) ;
#1021 = CARTESIAN_POINT ( 'NONE',  ( -0.4273502691896259300, -0.7401923788646681500, -2.733333333333331600 ) ) ;
#1022 = ORIENTED_EDGE ( 'NONE', *, *, #2188, .F. ) ;
#1023 = CARTESIAN_POINT ( 'NONE',  ( 0.0000000000000000000, 1.000000000000000700, -3.050000000000029600 ) ) ;
#1024 = CARTESIAN_POINT ( 'NONE',  ( -0.6410254037844386200, -0.3700961894323340200, -0.7166666666666636800 ) ) ;
#1025 = CARTESIAN_POINT ( 'NONE',  ( 0.6410254037844384000, -0.3700961894323345200, 1.416666666666670300 ) ) ;
#1026 = CARTESIAN_POINT ( 'NONE',  ( 0.0000000000000000000, 5.256982008443607300E-056, -3.499999999999997800 ) ) ;
#1027 = CARTESIAN_POINT ( 'NONE',  ( -1.251161180115475900E-016, -1.021650635094610800, -1.687499999999965400 ) ) ;
#1028 = CARTESIAN_POINT ( 'NONE',  ( 0.8847754037844383100, -0.5108253175473058700, -1.595833333333365000 ) ) ;
#1029 = EDGE_CURVE ( 'NONE', #1095, #3020, #776, .T. ) ;
#1030 = DATE_AND_TIME ( #1848, #1684 ) ;
#1031 = ADVANCED_FACE ( 'NONE', ( #2024 ), #2058, .F. ) ;
#1032 = CARTESIAN_POINT ( 'NONE',  ( 0.6410254037844384000, -0.3700961894323345200, -3.033333333333331400 ) ) ;
#1033 = CARTESIAN_POINT ( 'NONE',  ( 0.8660254037844397100, 0.4999999999999995600, -0.7666666666666340800 ) ) ;
#1034 = VECTOR ( 'NONE', #388, 1000.000000000000100 ) ;
#1035 = CARTESIAN_POINT ( 'NONE',  ( -0.8660254037844392600, -0.5000000000000001100, -0.1666666666666338500 ) ) ;
#1036 = CARTESIAN_POINT ( 'NONE',  ( 0.4273502691896254900, -0.7401923788646686000, -2.266666666666664800 ) ) ;
#1037 = CARTESIAN_POINT ( 'NONE',  ( -9.064742275298811100E-017, -0.7401923788646683800, 0.5500000000000036000 ) ) ;
#1038 = CARTESIAN_POINT ( 'NONE',  ( -0.7499999999999963400, 0.4330127018922167400, 3.435048094716166600 ) ) ;
#1039 = CARTESIAN_POINT ( 'NONE',  ( -1.179700538379251400, 7.223582441392798400E-017, -0.1874999999999654700 ) ) ;
#1040 = CARTESIAN_POINT ( 'NONE',  ( 1.179700538379251400, -2.167074732417838900E-016, -0.7625000000000314900 ) ) ;
#1041 = CARTESIAN_POINT ( 'NONE',  ( -0.6410254037844386200, -0.3700961894323340200, -2.366666666666664900 ) ) ;
#1042 = CARTESIAN_POINT ( 'NONE',  ( 0.4273502691896261500, 0.7401923788646681500, -2.933333333333332200 ) ) ;
#1043 = CARTESIAN_POINT ( 'NONE',  ( 0.0000000000000000000, 1.000000000000000700, -3.499999999999997800 ) ) ;
#1044 = CARTESIAN_POINT ( 'NONE',  ( -0.6410254037844386200, -0.3700961894323340200, -0.7666666666666650500 ) ) ;
#1045 = CARTESIAN_POINT ( 'NONE',  ( 0.8547005383792513100, -1.570059417833504600E-016, -1.349999999999997000 ) ) ;
#1046 = CARTESIAN_POINT ( 'NONE',  ( -1.224646799147354200E-016, -1.000000000000000700, -0.4999999999999673600 ) ) ;
#1047 = CARTESIAN_POINT ( 'NONE',  ( 0.0000000000000000000, 5.256982008443607300E-056, -3.499999999999997800 ) ) ;
#1048 = CARTESIAN_POINT ( 'NONE',  ( 0.5898502691896262400, 1.021650635094610400, -1.520833333333298600 ) ) ;
#1049 = CARTESIAN_POINT ( 'NONE',  ( -0.8847754037844384200, 0.5108253175473055400, 0.6041666666666347700 ) ) ;
#1050 = CIRCLE ( 'NONE', #221, 1.100000000000001400 ) ;
#1051 = CARTESIAN_POINT ( 'NONE',  ( 0.4273502691896254900, -0.7401923788646686000, -1.066666666666665100 ) ) ;
#1052 = CARTESIAN_POINT ( 'NONE',  ( 0.6410254037844384000, -0.3700961894323345200, -3.033333333333331400 ) ) ;
#1053 = ORIENTED_EDGE ( 'NONE', *, *, #2964, .T. ) ;
#1054 = CYLINDRICAL_SURFACE ( 'NONE', #71, 1.000000000000000700 ) ;
#1055 = CARTESIAN_POINT ( 'NONE',  ( 0.0000000000000000000, 0.7401923788646683800, -0.4999999999999982800 ) ) ;
#1056 = ORIENTED_EDGE ( 'NONE', *, *, #1737, .F. ) ;
#1057 = ORIENTED_EDGE ( 'NONE', *, *, #1410, .F. ) ;
#1058 = VERTEX_POINT ( 'NONE', #1046 ) ;
#1059 = CARTESIAN_POINT ( 'NONE',  ( 0.5773502691896267300, 1.000000000000000200, -3.083333333333362800 ) ) ;
#1060 = CARTESIAN_POINT ( 'NONE',  ( 0.6410254037844388400, 0.3700961894323336300, -3.316666666666663300 ) ) ;
#1061 = CARTESIAN_POINT ( 'NONE',  ( -1.179700538379251400, 7.223582441392798400E-017, 0.2374999999999686300 ) ) ;
#1062 = CARTESIAN_POINT ( 'NONE',  ( -0.4273502691896259300, -0.7401923788646681500, -2.283333333333330600 ) ) ;
#1063 = ORIENTED_EDGE ( 'NONE', *, *, #2632, .F. ) ;
#1064 = CARTESIAN_POINT ( 'NONE',  ( 0.0000000000000000000, 0.7401923788646683800, -1.699999999999998400 ) ) ;
#1065 = PERSON_AND_ORGANIZATION_ROLE ( 'creator' ) ;
#1066 = CARTESIAN_POINT ( 'NONE',  ( 0.0000000000000000000, 0.7401923788646683800, -3.299999999999998000 ) ) ;
#1067 = DIRECTION ( 'NONE',  ( 0.0000000000000000000, 1.000000000000000000, 0.0000000000000000000 ) ) ;
#1068 = CARTESIAN_POINT ( 'NONE',  ( -0.6410254037844386200, -0.3700961894323340200, -0.3666666666666648600 ) ) ;
#1069 = AXIS2_PLACEMENT_3D ( 'NONE', #1079, #796, #2269 ) ;
#1070 = LOCAL_TIME ( 11, 16, 43.00000000000000000, #2839 ) ;
#1071 = CARTESIAN_POINT ( 'NONE',  ( -0.4273502691896256500, 0.7401923788646683800, -3.616666666666663600 ) ) ;
#1072 = CARTESIAN_POINT ( 'NONE',  ( 1.179700538379251400, -2.167074732417838900E-016, 0.4374999999999683000 ) ) ;
#1073 = CARTESIAN_POINT ( 'NONE',  ( 0.4273502691896254900, -0.7401923788646686000, -1.866666666666664900 ) ) ;
#1074 = APPROVAL_STATUS ( 'not_yet_approved' ) ;
#1075 = CARTESIAN_POINT ( 'NONE',  ( 0.6410254037844384000, -0.3700961894323345200, -1.033333333333331400 ) ) ;
#1076 = CARTESIAN_POINT ( 'NONE',  ( -0.4273502691896259900, -0.7401923788646680400, -1.533333333333331900 ) ) ;
#1077 = EDGE_CURVE ( 'NONE', #3026, #1058, #1396, .T. ) ;
#1078 = CARTESIAN_POINT ( 'NONE',  ( 1.154700538379252600, -2.121150477449814600E-016, 0.8000000000000324600 ) ) ;
#1079 = CARTESIAN_POINT ( 'NONE',  ( 0.0000000000000000000, 7.509974297776402600E-058, 3.400000000000000400 ) ) ;
#1080 = CARTESIAN_POINT ( 'NONE',  ( 0.8847754037844388600, 0.5108253175473046500, 0.8458333333333676300 ) ) ;
#1081 = CARTESIAN_POINT ( 'NONE',  ( -0.8847754037844384200, 0.5108253175473055400, 1.004166666666634900 ) ) ;
#1082 = CARTESIAN_POINT ( 'NONE',  ( -0.4273502691896256000, 0.7401923788646683800, -2.016666666666663500 ) ) ;
#1083 = CARTESIAN_POINT ( 'NONE',  ( -0.6410254037844385100, 0.3700961894323343000, -1.233333333333331600 ) ) ;
#1084 = CARTESIAN_POINT ( 'NONE',  ( -0.4273502691896259300, -0.7401923788646681500, -1.133333333333331700 ) ) ;
#1085 = CARTESIAN_POINT ( 'NONE',  ( -0.5773502691896260600, 1.000000000000000700, 0.5833333333333037300 ) ) ;
#1086 = CARTESIAN_POINT ( 'NONE',  ( 0.4273502691896254900, -0.7401923788646686000, 0.9333333333333354600 ) ) ;
#1087 = CARTESIAN_POINT ( 'NONE',  ( 0.4273502691896261500, 0.7401923788646681500, -1.283333333333330300 ) ) ;
#1088 = ADVANCED_FACE ( 'NONE', ( #321 ), #2740, .T. ) ;
#1089 = EDGE_CURVE ( 'NONE', #1009, #3101, #935, .T. ) ;
#1090 = LINE ( 'NONE', #2924, #1743 ) ;
#1091 = CARTESIAN_POINT ( 'NONE',  ( 0.0000000000000000000, 0.0000000000000000000, 1.399999999999999200 ) ) ;
#1092 = CARTESIAN_POINT ( 'NONE',  ( 0.5773502691896257300, -1.000000000000001100, 0.3833333333333041000 ) ) ;
#1093 = CIRCLE ( 'NONE', #2958, 0.7401923788646683800 ) ;
#1094 = CARTESIAN_POINT ( 'NONE',  ( 0.8847754037844383100, -0.5108253175473058700, 1.579166666666701700 ) ) ;
#1095 = VERTEX_POINT ( 'NONE', #2844 ) ;
#1096 = ORIENTED_EDGE ( 'NONE', *, *, #849, .T. ) ;
#1097 = CARTESIAN_POINT ( 'NONE',  ( -0.4273502691896259900, -0.7401923788646680400, 0.4666666666666681700 ) ) ;
#1098 = CARTESIAN_POINT ( 'NONE',  ( -0.6410254037844386200, -0.3700961894323340200, -0.7666666666666650500 ) ) ;
#1099 = CARTESIAN_POINT ( 'NONE',  ( 0.6410254037844388400, 0.3700961894323336300, -1.716666666666663700 ) ) ;
#1100 = ORIENTED_EDGE ( 'NONE', *, *, #432, .T. ) ;
#1101 = DIRECTION ( 'NONE',  ( 1.000000000000000000, 0.0000000000000000000, 0.0000000000000000000 ) ) ;
#1102 = CARTESIAN_POINT ( 'NONE',  ( 0.6410254037844384000, -0.3700961894323345200, -0.2333333333333314800 ) ) ;
#1103 = ORIENTED_EDGE ( 'NONE', *, *, #455, .T. ) ;
#1104 = ORIENTED_EDGE ( 'NONE', *, *, #3185, .F. ) ;
#1105 =( BOUNDED_CURVE ( )  B_SPLINE_CURVE ( 2, ( #1183, #2143, #653, #907, #450, #3138, #3116 ),
 .UNSPECIFIED., .F., .T. ) 
 B_SPLINE_CURVE_WITH_KNOTS ( ( 3, 2, 2, 3 ),
 ( 0.2500000000000000000, 0.2619047619047619700, 0.2738095238095238400, 0.2857142857142857000 ),
 .UNSPECIFIED. ) 
 CURVE ( )  GEOMETRIC_REPRESENTATION_ITEM ( )  RATIONAL_B_SPLINE_CURVE ( ( 1.000000000000000000, 0.8660254037844387100, 1.000000000000000000, 0.8660254037844387100, 1.000000000000000000, 0.8660254037844387100, 1.000000000000000000 ) ) 
 REPRESENTATION_ITEM ( '' )  );
#1106 = CARTESIAN_POINT ( 'NONE',  ( -0.3830953900047162100, -0.6905107375712519200, -3.457333349338815900 ) ) ;
#1107 = CARTESIAN_POINT ( 'NONE',  ( 0.0000000000000000000, 5.256982008443608200E-056, -3.499999999999999600 ) ) ;
#1108 = CARTESIAN_POINT ( 'NONE',  ( -0.8847754037844385300, -0.5108253175473052000, 1.045833333333368300 ) ) ;
#1109 = ORIENTED_EDGE ( 'NONE', *, *, #362, .F. ) ;
#1110 = CARTESIAN_POINT ( 'NONE',  ( 0.6410254037844384000, -0.3700961894323345200, -3.433333333333331800 ) ) ;
#1111 = AXIS2_PLACEMENT_3D ( 'NONE', #2172, #676, #1936 ) ;
#1112 = CARTESIAN_POINT ( 'NONE',  ( 0.0000000000000000000, 5.256982008443607300E-056, -3.499999999999997800 ) ) ;
#1113 = CARTESIAN_POINT ( 'NONE',  ( -0.4273502691896256500, 0.7401923788646683800, -0.4666666666666651800 ) ) ;
#1114 = CARTESIAN_POINT ( 'NONE',  ( 0.6410254037844388400, 0.3700961894323336300, -0.5666666666666649900 ) ) ;
#1115 = CARTESIAN_POINT ( 'NONE',  ( 0.6410254037844384000, -0.3700961894323345200, -2.183333333333330500 ) ) ;
#1116 = LINE ( 'NONE', #1248, #2485 ) ;
#1117 = DIRECTION ( 'NONE',  ( 0.0000000000000000000, -7.509974297776586600E-057, 1.000000000000000000 ) ) ;
#1118 = CARTESIAN_POINT ( 'NONE',  ( -0.6410254037844385100, 0.3700961894323343000, -0.03333333333333139700 ) ) ;
#1119 = VECTOR ( 'NONE', #1168, 1000.000000000000000 ) ;
#1120 = AXIS2_PLACEMENT_3D ( 'NONE', #928, #2896, #229 ) ;
#1121 = CARTESIAN_POINT ( 'NONE',  ( -0.1261839711518028300, 0.9632934898513370000, 1.378807486486756800 ) ) ;
#1122 = DIRECTION ( 'NONE',  ( 0.0000000000000000000, -7.509974297776586600E-057, 1.000000000000000000 ) ) ;
#1123 = CARTESIAN_POINT ( 'NONE',  ( 0.8547005383792514200, -1.570059417833504600E-016, -2.949999999999997100 ) ) ;
#1124 = CARTESIAN_POINT ( 'NONE',  ( 0.4273502691896261500, 0.7401923788646680400, -2.533333333333332300 ) ) ;
#1125 = CARTESIAN_POINT ( 'NONE',  ( 0.0000000000000000000, 1.000000000000000700, -1.050000000000029600 ) ) ;
#1126 = CARTESIAN_POINT ( 'NONE',  ( -0.8547005383792514200, 5.233531392778349000E-017, 1.734723475976807100E-015 ) ) ;
#1127 = CARTESIAN_POINT ( 'NONE',  ( -0.6410254037844386200, -0.3700961894323340200, -2.366666666666664900 ) ) ;
#1128 = CARTESIAN_POINT ( 'NONE',  ( -0.4273502691896259900, -0.7401923788646680400, -2.283333333333330600 ) ) ;
#1129 =( BOUNDED_CURVE ( )  B_SPLINE_CURVE ( 2, ( #428, #2650, #2622, #1164, #2877, #929, #1672, #2155, #1651, #918, #2397, #2639, #182, #1659, #2383, #1898, #1906, #1171, #2885, #3129, #192, #1921, #679, #1185, #437, #2897, #1425, #3139, #1641, #354, #2082, #2300, #843, #1299, #81, #72, #2529, #1062, #2312, #1806, #1828, #1786, #821, #1320, #2549, #1082, #108, #2093, #2606, #1216, #982, #1231, #14, #482, #2943, #750, #2468, #250, #1256, #2007, #1811, #2513, #102, #581, #1820, #1045, #2754, #1087, #1350, #1341, #1285, #2744, #271, #2515, #2255, #564, #2006, #525, #1275, #563, #1305, #574, #816, #2068, #1024, #1772, #678, #2660, #44, #295, #1412, #185, #669, #1988, #2400, #865, #1714, #2169, #3112, #904, #2377, #2610, #1925, #3105, #1189, #1883, #1160, #1429, #1154, #2616, #1389, #164, #2404, #1632, #922, #444, #1179, #405, #2890, #685, #2873, #1894, #158, #2858, #2881, #1397, #1645, #176, #417, #933, #673, #2656, #2135, #2905, #1901, #2131, #2159, #2149, #3147, #3120, #1420, #423, #657, #1654, #649 ),
 .UNSPECIFIED., .F., .T. ) 
 B_SPLINE_CURVE_WITH_KNOTS ( ( 3, 2, 2, 2, 2, 2, 2, 2, 2, 2, 2, 2, 2, 2, 2, 2, 2, 2, 2, 2, 2, 2, 2, 2, 2, 2, 2, 2, 2, 2, 2, 2, 2, 2, 2, 2, 2, 2, 2, 2, 2, 2, 2, 2, 2, 2, 2, 2, 2, 2, 2, 2, 2, 2, 2, 2, 2, 2, 2, 2, 2, 2, 2, 2, 2, 2, 2, 2, 2, 2, 2, 2, 3 ),
 ( 0.02694028211094507900, 0.03571428571428571200, 0.04761904761904761600, 0.05952380952380952100, 0.07142857142857141100, 0.08333333333333332900, 0.09523809523809523300, 0.1071428571428571200, 0.1190476190476190400, 0.1309523809523809600, 0.1428571428571428500, 0.1547619047619047700, 0.1666666666666666600, 0.1785714285714285800, 0.1904761904761904700, 0.2023809523809524100, 0.2142857142857142700, 0.2261904761904761900, 0.2380952380952381100, 0.2500000000000000000, 0.2619047619047619200, 0.2738095238095238400, 0.2857142857142857000, 0.2976190476190476200, 0.3095238095238095300, 0.3214285714285714500, 0.3333333333333333100, 0.3452380952380952300, 0.3571428571428571500, 0.3690476190476191200, 0.3809523809523808800, 0.3928571428571428500, 0.4047619047619047700, 0.4166666666666666900, 0.4285714285714285500, 0.4404761904761905200, 0.4523809523809523800, 0.4642857142857143000, 0.4761904761904761600, 0.4880952380952380800, 0.5000000000000001100, 0.5119047619047618600, 0.5238095238095238400, 0.5357142857142857000, 0.5476190476190476700, 0.5595238095238095300, 0.5714285714285714000, 0.5833333333333333700, 0.5952380952380952300, 0.6071428571428571000, 0.6190476190476190700, 0.6309523809523809300, 0.6428571428571429000, 0.6547619047619047700, 0.6666666666666667400, 0.6785714285714286000, 0.6904761904761904700, 0.7023809523809523300, 0.7142857142857143000, 0.7261904761904762800, 0.7380952380952381400, 0.7500000000000000000, 0.7619047619047618600, 0.7738095238095238400, 0.7857142857142858100, 0.7976190476190476700, 0.8095238095238095300, 0.8214285714285714000, 0.8333333333333333700, 0.8452380952380952300, 0.8571428571428571000, 0.8690476190476190700, 0.8750000000000101000 ),
 .UNSPECIFIED. ) 
 CURVE ( )  GEOMETRIC_REPRESENTATION_ITEM ( )  RATIONAL_B_SPLINE_CURVE ( ( 0.9480652107226076300, 0.9012585384440788800, 1.000000000000000000, 0.8660254037844387100, 1.000000000000000000, 0.8660254037844387100, 1.000000000000000000, 0.8660254037844387100, 1.000000000000000000, 0.8660254037844387100, 1.000000000000000000, 0.8660254037844387100, 1.000000000000000000, 0.8660254037844387100, 1.000000000000000000, 0.8660254037844387100, 1.000000000000000000, 0.8660254037844387100, 1.000000000000000000, 0.8660254037844387100, 1.000000000000000000, 0.8660254037844387100, 1.000000000000000000, 0.8660254037844387100, 1.000000000000000000, 0.8660254037844387100, 1.000000000000000000, 0.8660254037844387100, 1.000000000000000000, 0.8660254037844387100, 1.000000000000000000, 0.8660254037844387100, 1.000000000000000000, 0.8660254037844387100, 1.000000000000000000, 0.8660254037844387100, 1.000000000000000000, 0.8660254037844387100, 1.000000000000000000, 0.8660254037844387100, 1.000000000000000000, 0.8660254037844387100, 1.000000000000000000, 0.8660254037844387100, 1.000000000000000000, 0.8660254037844387100, 1.000000000000000000, 0.8660254037844387100, 1.000000000000000000, 0.8660254037844387100, 1.000000000000000000, 0.8660254037844387100, 1.000000000000000000, 0.8660254037844387100, 1.000000000000000000, 0.8660254037844387100, 1.000000000000000000, 0.8660254037844387100, 1.000000000000000000, 0.8660254037844387100, 1.000000000000000000, 0.8660254037844387100, 1.000000000000000000, 0.8660254037844387100, 1.000000000000000000, 0.8660254037844387100, 1.000000000000000000, 0.8660254037844387100, 1.000000000000000000, 0.8660254037844387100, 1.000000000000000000, 0.8660254037844387100, 1.000000000000000000, 0.8660254037844387100, 1.000000000000000000, 0.8660254037844387100, 1.000000000000000000, 0.8660254037844387100, 1.000000000000000000, 0.8660254037844387100, 1.000000000000000000, 0.8660254037844387100, 1.000000000000000000, 0.8660254037844387100, 1.000000000000000000, 0.8660254037844387100, 1.000000000000000000, 0.8660254037844387100, 1.000000000000000000, 0.8660254037844387100, 1.000000000000000000, 0.8660254037844387100, 1.000000000000000000, 0.8660254037844387100, 1.000000000000000000, 0.8660254037844387100, 1.000000000000000000, 0.8660254037844387100, 1.000000000000000000, 0.8660254037844387100, 1.000000000000000000, 0.8660254037844387100, 1.000000000000000000, 0.8660254037844387100, 1.000000000000000000, 0.8660254037844387100, 1.000000000000000000, 0.8660254037844387100, 1.000000000000000000, 0.8660254037844387100, 1.000000000000000000, 0.8660254037844387100, 1.000000000000000000, 0.8660254037844387100, 1.000000000000000000, 0.8660254037844387100, 1.000000000000000000, 0.8660254037844387100, 1.000000000000000000, 0.8660254037844387100, 1.000000000000000000, 0.8660254037844387100, 1.000000000000000000, 0.8660254037844387100, 1.000000000000000000, 0.8660254037844387100, 1.000000000000000000, 0.8660254037844387100, 1.000000000000000000, 0.8660254037844387100, 1.000000000000000000, 0.8660254037844387100, 1.000000000000000000, 0.8660254037844387100, 1.000000000000000000, 0.8660254037844387100, 1.000000000000000000, 0.8660254037844387100, 1.000000000000000000, 0.8660254037844387100, 1.000000000000000000, 0.8660254037844387100, 1.000000000000000000, 0.9330127018921057200, 0.9330127018922194100 ) ) 
 REPRESENTATION_ITEM ( '' )  );
#1130 = DIRECTION ( 'NONE',  ( -0.0000000000000000000, 7.509974297776586600E-057, -1.000000000000000000 ) ) ;
#1131 = ORIENTED_EDGE ( 'NONE', *, *, #1352, .T. ) ;
#1132 = CARTESIAN_POINT ( 'NONE',  ( 0.0000000000000000000, 0.7401923788646683800, -0.09999999999999809000 ) ) ;
#1133 = AXIS2_PLACEMENT_3D ( 'NONE', #1813, #2533, #805 ) ;
#1134 = CARTESIAN_POINT ( 'NONE',  ( 0.7499999999999997800, 0.4330127018922161900, 2.499999999999999600 ) ) ;
#1135 = CARTESIAN_POINT ( 'NONE',  ( 0.0000000000000000000, 5.256982008443607300E-056, -3.499999999999997800 ) ) ;
#1136 = CARTESIAN_POINT ( 'NONE',  ( -0.4273502691896256500, 0.7401923788646683800, -2.816666666666663300 ) ) ;
#1137 = CARTESIAN_POINT ( 'NONE',  ( -0.8547005383792514200, 5.233531392778349000E-017, -3.199999999999998400 ) ) ;
#1138 = B_SPLINE_CURVE_WITH_KNOTS ( 'NONE', 3,
 ( #978, #1482, #747, #2462 ),
 .UNSPECIFIED., .F., .F.,
 ( 4, 4 ),
 ( 1.452226484281965800E-017, 0.0001618406094080282800 ),
 .UNSPECIFIED. ) ;
#1139 = CARTESIAN_POINT ( 'NONE',  ( -0.6410254037844385100, 0.3700961894323343000, -0.03333333333333139700 ) ) ;
#1140 = CARTESIAN_POINT ( 'NONE',  ( -0.4273502691896259900, -0.7401923788646680400, -1.083333333333330400 ) ) ;
#1141 = ORIENTED_EDGE ( 'NONE', *, *, #88, .F. ) ;
#1142 = DIRECTION ( 'NONE',  ( 1.001543065824777700E-015, -1.000000000000000000, -7.509974297776586600E-057 ) ) ;
#1143 = CARTESIAN_POINT ( 'NONE',  ( 0.2929618549119602500, -0.8699680236233849900, -3.333711188210334100 ) ) ;
#1144 = ORIENTED_EDGE ( 'NONE', *, *, #1410, .T. ) ;
#1145 = VECTOR ( 'NONE', #264, 999.9999999999998900 ) ;
#1146 = ORIENTED_EDGE ( 'NONE', *, *, #1770, .T. ) ;
#1147 = CARTESIAN_POINT ( 'NONE',  ( -0.5773502691896264000, -1.000000000000000400, -0.08333333333336275000 ) ) ;
#1148 = CARTESIAN_POINT ( 'NONE',  ( 0.2127139010983681000, -0.7280823305206934900, -3.488939323193687200 ) ) ;
#1149 = CARTESIAN_POINT ( 'NONE',  ( 0.5773502691896267300, 1.000000000000000200, -2.733333333333300500 ) ) ;
#1150 = ORIENTED_EDGE ( 'NONE', *, *, #1306, .F. ) ;
#1151 = CARTESIAN_POINT ( 'NONE',  ( 0.6410254037844384000, -0.3700961894323345200, 0.1666666666666682700 ) ) ;
#1152 = CARTESIAN_POINT ( 'NONE',  ( 0.6410254037844384000, -0.3700961894323345200, -1.783333333333330300 ) ) ;
#1153 = ORIENTED_EDGE ( 'NONE', *, *, #2893, .T. ) ;
#1154 = CARTESIAN_POINT ( 'NONE',  ( -0.6410254037844386200, -0.3700961894323340200, 0.08333333333333629900 ) ) ;
#1155 = EDGE_CURVE ( 'NONE', #1673, #2031, #2597, .T. ) ;
#1156 = DIRECTION ( 'NONE',  ( 0.0000000000000000000, 1.000000000000000000, 0.0000000000000000000 ) ) ;
#1157 = FACE_OUTER_BOUND ( 'NONE', #451, .T. ) ;
#1158 = CARTESIAN_POINT ( 'NONE',  ( 0.6410254037844388400, 0.3700961894323336300, -0.1666666666666648000 ) ) ;
#1159 = CARTESIAN_POINT ( 'NONE',  ( -0.6410254037844385100, 0.3700961894323343000, 1.216666666666669700 ) ) ;
#1160 = CARTESIAN_POINT ( 'NONE',  ( -0.6410254037844385100, 0.3700961894323343000, 0.01666666666667003500 ) ) ;
#1161 = EDGE_CURVE ( 'NONE', #10, #2250, #1945, .T. ) ;
#1162 = CARTESIAN_POINT ( 'NONE',  ( 0.7499999999999997800, 0.4330127018922161900, -0.7912878474779098100 ) ) ;
#1163 = CARTESIAN_POINT ( 'NONE',  ( -9.773698237423904300E-016, -0.8660254037844323800, 3.435048094716164800 ) ) ;
#1164 = CARTESIAN_POINT ( 'NONE',  ( 0.4273502691896254900, -0.7401923788646686000, -3.416666666666663900 ) ) ;
#1165 = CARTESIAN_POINT ( 'NONE',  ( 0.6410254037844388400, 0.3700961894323336300, 0.2333333333333353900 ) ) ;
#1166 = CARTESIAN_POINT ( 'NONE',  ( 0.8547005383792514200, -1.570059417833504600E-016, 0.6500000000000031300 ) ) ;
#1167 = DIRECTION ( 'NONE',  ( 1.000000000000000000, 0.0000000000000000000, 0.0000000000000000000 ) ) ;
#1168 = DIRECTION ( 'NONE',  ( -0.0000000000000000000, -0.0000000000000000000, 1.000000000000000000 ) ) ;
#1169 = AXIS2_PLACEMENT_3D ( 'NONE', #2840, #3063, #875 ) ;
#1170 = CARTESIAN_POINT ( 'NONE',  ( 0.4899963346944336600, 0.6927472259787999000, -3.398219738698572600 ) ) ;
#1171 = CARTESIAN_POINT ( 'NONE',  ( 0.8547005383792513100, -1.570059417833504600E-016, -2.949999999999997100 ) ) ;
#1172 = FACE_OUTER_BOUND ( 'NONE', #2419, .T. ) ;
#1173 = CYLINDRICAL_SURFACE ( 'NONE', #1664, 1.000000000000000700 ) ;
#1174 = CARTESIAN_POINT ( 'NONE',  ( 0.4273502691896261500, 0.7401923788646681500, 0.2666666666666684900 ) ) ;
#1175 = CARTESIAN_POINT ( 'NONE',  ( 0.8547005383792514200, -1.570059417833504600E-016, 1.050000000000003200 ) ) ;
#1176 = CARTESIAN_POINT ( 'NONE',  ( 0.4273502691896254900, -0.7401923788646686000, 1.333333333333334600 ) ) ;
#1177 = VERTEX_POINT ( 'NONE', #1822 ) ;
#1178 = ORIENTED_EDGE ( 'NONE', *, *, #1362, .F. ) ;
#1179 = CARTESIAN_POINT ( 'NONE',  ( 0.0000000000000000000, 0.7401923788646683800, 0.3500000000000030900 ) ) ;
#1180 = CARTESIAN_POINT ( 'NONE',  ( -0.5186004454876513800, -0.5281461309801920300, -3.499999999999994200 ) ) ;
#1181 = CARTESIAN_POINT ( 'NONE',  ( -9.823663185709716600E-016, -0.8660254037844323800, -0.7912878474779098100 ) ) ;
#1182 = VERTEX_POINT ( 'NONE', #151 ) ;
#1183 = CARTESIAN_POINT ( 'NONE',  ( 0.0000000000000000000, 1.000000000000000700, 0.1499999999999704600 ) ) ;
#1184 = ORIENTED_EDGE ( 'NONE', *, *, #166, .T. ) ;
#1185 = CARTESIAN_POINT ( 'NONE',  ( -0.8547005383792513100, 5.233531392778349000E-017, -2.749999999999997300 ) ) ;
#1186 = CARTESIAN_POINT ( 'NONE',  ( 0.6914021854061449500, 0.4668441659219019800, 3.401216630686484200 ) ) ;
#1187 = CARTESIAN_POINT ( 'NONE',  ( 0.4273502691896254900, -0.7401923788646686000, 0.9833333333333368300 ) ) ;
#1188 = CARTESIAN_POINT ( 'NONE',  ( -0.4273502691896256500, 0.7401923788646683800, 0.7333333333333349500 ) ) ;
#1189 = CARTESIAN_POINT ( 'NONE',  ( 0.0000000000000000000, 0.7401923788646683800, -0.04999999999999665800 ) ) ;
#1190 = CARTESIAN_POINT ( 'NONE',  ( 0.0000000000000000000, 1.000000000000000700, -0.2999999999999672900 ) ) ;
#1191 = APPROVAL_PERSON_ORGANIZATION ( #3141, #2570, #809 ) ;
#1192 = CARTESIAN_POINT ( 'NONE',  ( 0.0000000000000000000, 1.000000000000000700, -1.499999999999967400 ) ) ;
#1193 = EDGE_CURVE ( 'NONE', #3020, #3055, #2035, .T. ) ;
#1194 = VECTOR ( 'NONE', #1431, 1000.000000000000000 ) ;
#1195 = CARTESIAN_POINT ( 'NONE',  ( -0.8547005383792514200, 5.233531392778349000E-017, -3.549999999999997200 ) ) ;
#1196 = B_SPLINE_CURVE_WITH_KNOTS ( 'NONE', 3,
 ( #2439, #1186, #1226, #215, #1416, #223, #1444, #2661 ),
 .UNSPECIFIED., .F., .F.,
 ( 4, 2, 2, 4 ),
 ( 2.544428341988100200E-007, 0.0002238954966069355300, 0.0004475365503796722400, 0.0008948186579251453800 ),
 .UNSPECIFIED. ) ;
#1197 = CARTESIAN_POINT ( 'NONE',  ( -1.224646799147354200E-016, -1.000000000000000700, -1.250000000000029300 ) ) ;
#1198 = CARTESIAN_POINT ( 'NONE',  ( -0.6410254037844386200, -0.3700961894323340200, 0.8833333333333366300 ) ) ;
#1199 = CARTESIAN_POINT ( 'NONE',  ( -1.251161180115475900E-016, -1.021650635094610800, -3.662500000000031600 ) ) ;
#1200 = CARTESIAN_POINT ( 'NONE',  ( -0.6321118099071244600, 0.5010754801766143000, 3.366985316430568500 ) ) ;
#1201 = DIRECTION ( 'NONE',  ( -0.0000000000000000000, 7.509974297776586600E-057, -1.000000000000000000 ) ) ;
#1202 = EDGE_CURVE ( 'NONE', #2291, #2248, #3140, .T. ) ;
#1203 = CARTESIAN_POINT ( 'NONE',  ( 0.0000000000000000000, 1.000000000000000700, -3.499999999999997800 ) ) ;
#1204 = EDGE_LOOP ( 'NONE', ( #1992, #737, #779, #270, #662 ) ) ;
#1205 = CARTESIAN_POINT ( 'NONE',  ( -9.064742275298811100E-017, -0.7401923788646683800, -3.449999999999997100 ) ) ;
#1206 = DIRECTION ( 'NONE',  ( 0.0000000000000000000, 1.000000000000000000, 0.0000000000000000000 ) ) ;
#1207 = CARTESIAN_POINT ( 'NONE',  ( 0.0000000000000000000, 1.021650635094610800, -1.887499999999965300 ) ) ;
#1208 = CARTESIAN_POINT ( 'NONE',  ( 1.179700538379251400, -2.167074732417838900E-016, -2.362500000000031800 ) ) ;
#1209 = EDGE_CURVE ( 'NONE', #407, #825, #880, .T. ) ;
#1210 = DIRECTION ( 'NONE',  ( 0.0000000000000000000, 1.000000000000000000, 0.0000000000000000000 ) ) ;
#1211 = ORIENTED_EDGE ( 'NONE', *, *, #2030, .T. ) ;
#1212 = EDGE_LOOP ( 'NONE', ( #1223, #1144, #2478, #946 ) ) ;
#1213 = CARTESIAN_POINT ( 'NONE',  ( 0.6410254037844384000, -0.3700961894323345200, -1.383333333333330200 ) ) ;
#1214 = DIRECTION ( 'NONE',  ( -0.0000000000000000000, 7.509974297776586600E-057, -1.000000000000000000 ) ) ;
#1215 = ORIENTED_EDGE ( 'NONE', *, *, #1155, .T. ) ;
#1216 = CARTESIAN_POINT ( 'NONE',  ( -0.4273502691896259300, -0.7401923788646681500, -1.883333333333330000 ) ) ;
#1217 = CARTESIAN_POINT ( 'NONE',  ( 2.272506612639041600E-011, 0.8669872981068111900, -3.373205080757854200 ) ) ;
#1218 = CARTESIAN_POINT ( 'NONE',  ( -0.5898502691896260200, -1.021650635094610600, -2.120833333333298900 ) ) ;
#1219 = CARTESIAN_POINT ( 'NONE',  ( -0.5898502691896255800, 1.021650635094610800, -3.829166666666698600 ) ) ;
#1220 = EDGE_LOOP ( 'NONE', ( #491, #1511 ) ) ;
#1221 = CARTESIAN_POINT ( 'NONE',  ( -0.7499999999999963400, 0.4330127018922167400, 3.435048094716166600 ) ) ;
#1222 = CARTESIAN_POINT ( 'NONE',  ( 0.0000000000000000000, -1.768687320083342300E-071, 3.499999999999999600 ) ) ;
#1223 = ORIENTED_EDGE ( 'NONE', *, *, #2906, .F. ) ;
#1224 = CARTESIAN_POINT ( 'NONE',  ( -9.064742275298811100E-017, -0.7401923788646683800, -2.249999999999996900 ) ) ;
#1225 = DIRECTION ( 'NONE',  ( 0.7071067811865487900, 0.0000000000000000000, 0.7071067811865463500 ) ) ;
#1226 = CARTESIAN_POINT ( 'NONE',  ( 0.6314821731370087200, 0.5014390011353333500, 3.372451086626322400 ) ) ;
#1227 = CARTESIAN_POINT ( 'NONE',  ( -1.179700538379251400, 7.223582441392798400E-017, -3.387499999999965500 ) ) ;
#1228 = CARTESIAN_POINT ( 'NONE',  ( -1.251161180115475900E-016, -1.021650635094610800, -3.262500000000031700 ) ) ;
#1229 = CARTESIAN_POINT ( 'NONE',  ( -1.154700538379252600, 7.070501591499384000E-017, -2.950000000000029000 ) ) ;
#1230 = CARTESIAN_POINT ( 'NONE',  ( 0.4273502691896254900, -0.7401923788646686000, -2.616666666666664000 ) ) ;
#1231 = CARTESIAN_POINT ( 'NONE',  ( 0.4273502691896254900, -0.7401923788646686000, -1.816666666666663500 ) ) ;
#1232 = CARTESIAN_POINT ( 'NONE',  ( 0.8522447170979651200, -0.1591850865365061800, 1.318862349035995000 ) ) ;
#1233 = CARTESIAN_POINT ( 'NONE',  ( 0.5898502691896252400, -1.021650635094611100, -2.454166666666632400 ) ) ;
#1234 = CARTESIAN_POINT ( 'NONE',  ( -0.8847754037844385300, -0.5108253175473052000, -2.529166666666698300 ) ) ;
#1235 = CARTESIAN_POINT ( 'NONE',  ( 0.5773502691896257300, -1.000000000000001100, -0.4166666666666962700 ) ) ;
#1236 = CARTESIAN_POINT ( 'NONE',  ( 0.0000000000000000000, 1.899999999999999900, 3.400000000000000400 ) ) ;
#1237 = DIRECTION ( 'NONE',  ( -0.0000000000000000000, 7.509974297776586600E-057, -1.000000000000000000 ) ) ;
#1238 = DIRECTION ( 'NONE',  ( -0.0000000000000000000, 7.509974297776586600E-057, -1.000000000000000000 ) ) ;
#1239 = CARTESIAN_POINT ( 'NONE',  ( -0.4273502691896259900, -0.7401923788646680400, -2.283333333333330600 ) ) ;
#1240 = LINE ( 'NONE', #1794, #2780 ) ;
#1241 = CARTESIAN_POINT ( 'NONE',  ( 0.8547005383792514200, -1.570059417833504600E-016, -0.5499999999999967100 ) ) ;
#1242 = CARTESIAN_POINT ( 'NONE',  ( -1.224646799147354200E-016, -1.000000000000000700, -0.4500000000000293800 ) ) ;
#1243 = CARTESIAN_POINT ( 'NONE',  ( 1.179700538379251400, -2.167074732417838900E-016, -3.187499999999965400 ) ) ;
#1244 = CARTESIAN_POINT ( 'NONE',  ( -1.251161180115475900E-016, -1.021650635094610800, -0.8625000000000316900 ) ) ;
#1245 = LINE ( 'NONE', #1835, #1821 ) ;
#1246 = EDGE_CURVE ( 'NONE', #2466, #1254, #311, .T. ) ;
#1247 = CARTESIAN_POINT ( 'NONE',  ( -0.8660254037844391500, 0.5000000000000004400, -2.183333333333362400 ) ) ;
#1248 = CARTESIAN_POINT ( 'NONE',  ( 1.224646799147354200E-016, -1.000000000000000700, -3.499999999999997800 ) ) ;
#1249 = VERTEX_POINT ( 'NONE', #387 ) ;
#1250 = ORIENTED_EDGE ( 'NONE', *, *, #263, .F. ) ;
#1251 = VERTEX_POINT ( 'NONE', #1134 ) ;
#1252 = CARTESIAN_POINT ( 'NONE',  ( -0.8660254037844391500, 0.5000000000000004400, -2.633333333333300400 ) ) ;
#1253 = CARTESIAN_POINT ( 'NONE',  ( -0.6410254037844385100, 0.3700961894323343000, -2.383333333333330200 ) ) ;
#1254 = VERTEX_POINT ( 'NONE', #646 ) ;
#1255 = VERTEX_POINT ( 'NONE', #2865 ) ;
#1256 = CARTESIAN_POINT ( 'NONE',  ( -0.6410254037844385100, 0.3700961894323343000, -1.583333333333330200 ) ) ;
#1257 = CARTESIAN_POINT ( 'NONE',  ( 0.4273502691896254900, -0.7401923788646686000, 0.5833333333333368100 ) ) ;
#1258 = CARTESIAN_POINT ( 'NONE',  ( 0.5773502691896267300, 1.000000000000000200, -0.6833333333333625500 ) ) ;
#1259 = CARTESIAN_POINT ( 'NONE',  ( -0.8847754037844385300, -0.5108253175473052000, 0.2458333333333678500 ) ) ;
#1260 = CARTESIAN_POINT ( 'NONE',  ( -0.5898502691896260200, -1.021650635094610600, -0.8958333333333647900 ) ) ;
#1261 = EDGE_CURVE ( 'NONE', #1442, #442, #1642, .T. ) ;
#1262 = ADVANCED_FACE ( 'NONE', ( #1702 ), #2899, .T. ) ;
#1263 = CARTESIAN_POINT ( 'NONE',  ( 0.7499999999999997800, -1.047819327944827100E-020, 3.319022690931732600 ) ) ;
#1264 = CARTESIAN_POINT ( 'NONE',  ( 0.0000000000000000000, 1.000000000000000700, -3.050000000000029600 ) ) ;
#1265 = CARTESIAN_POINT ( 'NONE',  ( -9.064742275298811100E-017, -0.7401923788646683800, -0.6499999999999969100 ) ) ;
#1266 = CONICAL_SURFACE ( 'NONE', #1837, 1732.050807568857200, 1.047197551196592700 ) ;
#1267 = CARTESIAN_POINT ( 'NONE',  ( 0.6410254037844384000, -0.3700961894323345200, 1.016666666666670200 ) ) ;
#1268 = CARTESIAN_POINT ( 'NONE',  ( 0.8734671529772040100, -0.04436206926484098000, 1.323331912993455500 ) ) ;
#1269 = CARTESIAN_POINT ( 'NONE',  ( -0.8847754037844384200, 0.5108253175473055400, -1.420833333333298800 ) ) ;
#1270 = CARTESIAN_POINT ( 'NONE',  ( 0.8847754037844388600, 0.5108253175473046500, -0.3291666666666980800 ) ) ;
#1271 = CARTESIAN_POINT ( 'NONE',  ( 0.5773502691896267300, 1.000000000000000200, -1.133333333333300700 ) ) ;
#1272 = DIRECTION ( 'NONE',  ( 0.0000000000000000000, 1.000000000000000000, 7.509974297776586600E-057 ) ) ;
#1273 = CARTESIAN_POINT ( 'NONE',  ( -0.8660254037844391500, 0.5000000000000004400, -2.983333333333363100 ) ) ;
#1274 = CARTESIAN_POINT ( 'NONE',  ( -0.8547005383792514200, 5.233531392778349000E-017, -1.599999999999998100 ) ) ;
#1275 = CARTESIAN_POINT ( 'NONE',  ( 0.6410254037844388400, 0.3700961894323336300, -0.9166666666666637400 ) ) ;
#1276 = CARTESIAN_POINT ( 'NONE',  ( -0.4273502691896256500, 0.7401923788646683800, 0.3833333333333362500 ) ) ;
#1277 = CARTESIAN_POINT ( 'NONE',  ( 0.5898502691896252400, -1.021650635094611100, -0.8541666666666319900 ) ) ;
#1278 = CARTESIAN_POINT ( 'NONE',  ( 0.8847754037844383100, -0.5108253175473058700, 0.004166666666634982800 ) ) ;
#1279 = CARTESIAN_POINT ( 'NONE',  ( 0.0000000000000000000, 1.000000000000000700, -2.299999999999967400 ) ) ;
#1280 = CARTESIAN_POINT ( 'NONE',  ( 0.4273502691896254900, -0.7401923788646686000, -3.066666666666665100 ) ) ;
#1281 = CARTESIAN_POINT ( 'NONE',  ( 0.7499999999999996700, 0.4330127018922162500, 3.435048094716169200 ) ) ;
#1282 = CARTESIAN_POINT ( 'NONE',  ( -0.6410254037844386200, -0.3700961894323340200, -1.566666666666665100 ) ) ;
#1283 = ORIENTED_EDGE ( 'NONE', *, *, #426, .T. ) ;
#1284 = ORIENTED_EDGE ( 'NONE', *, *, #3008, .F. ) ;
#1285 = CARTESIAN_POINT ( 'NONE',  ( -0.6410254037844385100, 0.3700961894323343000, -1.183333333333330000 ) ) ;
#1286 = CARTESIAN_POINT ( 'NONE',  ( 0.4273502691896261500, 0.7401923788646680400, 0.3166666666666699800 ) ) ;
#1287 = CARTESIAN_POINT ( 'NONE',  ( -1.251161180115475900E-016, -1.021650635094610800, -0.08749999999996521700 ) ) ;
#1288 = CARTESIAN_POINT ( 'NONE',  ( -0.5898502691896255800, 1.021650635094610800, -0.6291666666666984000 ) ) ;
#1289 = VERTEX_POINT ( 'NONE', #2395 ) ;
#1290 = CARTESIAN_POINT ( 'NONE',  ( 0.4273502691896261500, 0.7401923788646680400, -2.133333333333332000 ) ) ;
#1291 = DIRECTION ( 'NONE',  ( -0.0000000000000000000, 7.509974297776586600E-057, -1.000000000000000000 ) ) ;
#1292 = ORIENTED_EDGE ( 'NONE', *, *, #2151, .F. ) ;
#1293 = DIRECTION ( 'NONE',  ( -0.0000000000000000000, 7.509974297776586600E-057, -1.000000000000000000 ) ) ;
#1294 = CARTESIAN_POINT ( 'NONE',  ( -0.4273502691896259900, -0.7401923788646680400, -0.7333333333333316200 ) ) ;
#1295 = EDGE_LOOP ( 'NONE', ( #2256, #1509 ) ) ;
#1296 = DIRECTION ( 'NONE',  ( 0.0000000000000000000, 1.000000000000000000, 7.509974297776586600E-057 ) ) ;
#1297 = CARTESIAN_POINT ( 'NONE',  ( 0.8847754037844388600, 0.5108253175473046500, 0.04583333333336818400 ) ) ;
#1298 = CARTESIAN_POINT ( 'NONE',  ( 0.5898502691896252400, -1.021650635094611100, 0.7708333333333022800 ) ) ;
#1299 = CARTESIAN_POINT ( 'NONE',  ( -0.4273502691896256000, 0.7401923788646683800, -2.416666666666663400 ) ) ;
#1300 = CARTESIAN_POINT ( 'NONE',  ( 0.0000000000000000000, 0.7401923788646683800, -2.499999999999998200 ) ) ;
#1301 = CARTESIAN_POINT ( 'NONE',  ( -9.064742275298811100E-017, -0.7401923788646683800, -2.699999999999998400 ) ) ;
#1302 = CIRCLE ( 'NONE', #1920, 1.800000000000000000 ) ;
#1303 = CARTESIAN_POINT ( 'NONE',  ( -0.8660254037844392600, -0.5000000000000001100, -0.5666666666666340100 ) ) ;
#1304 = CARTESIAN_POINT ( 'NONE',  ( -0.4273502691896256500, 0.7401923788646683800, -2.466666666666664600 ) ) ;
#1305 = CARTESIAN_POINT ( 'NONE',  ( 0.0000000000000000000, 0.7401923788646683800, -0.8499999999999969800 ) ) ;
#1306 = EDGE_CURVE ( 'NONE', #52, #1375, #1583, .T. ) ;
#1307 = CARTESIAN_POINT ( 'NONE',  ( -0.7006292692223442500, 0.7135254915621213100, 1.399999999999999200 ) ) ;
#1308 = CARTESIAN_POINT ( 'NONE',  ( 0.8847754037844383100, -0.5108253175473058700, 1.179166666666701600 ) ) ;
#1309 = CARTESIAN_POINT ( 'NONE',  ( -0.5898502691896255800, 1.021650635094610800, 0.9708333333333019100 ) ) ;
#1310 = CARTESIAN_POINT ( 'NONE',  ( -9.064742275298811100E-017, -0.7401923788646683800, -2.299999999999998000 ) ) ;
#1311 = CARTESIAN_POINT ( 'NONE',  ( -0.6410254037844386200, -0.3700961894323340200, -3.166666666666664700 ) ) ;
#1312 = CARTESIAN_POINT ( 'NONE',  ( -0.8660254037844391500, 0.5000000000000004400, -0.2333333333333005600 ) ) ;
#1313 = CARTESIAN_POINT ( 'NONE',  ( 0.6410254037844388400, 0.3700961894323336300, -1.766666666666665100 ) ) ;
#1314 = EDGE_CURVE ( 'NONE', #2294, #3172, #2929, .T. ) ;
#1315 = CARTESIAN_POINT ( 'NONE',  ( -0.7401923788788785700, 5.927878925093764900E-014, 1.250000000008202100 ) ) ;
#1316 = DIRECTION ( 'NONE',  ( 0.0000000000000000000, -1.000000000000000000, 0.0000000000000000000 ) ) ;
#1317 = CARTESIAN_POINT ( 'NONE',  ( -0.4273502691896256500, 0.7401923788646683800, -3.216666666666663700 ) ) ;
#1318 = CARTESIAN_POINT ( 'NONE',  ( -1.251161180115475900E-016, -1.021650635094610800, 1.537499999999968600 ) ) ;
#1319 = CONICAL_SURFACE ( 'NONE', #2583, 1732.050807568857200, 1.047197551196592700 ) ;
#1320 = CARTESIAN_POINT ( 'NONE',  ( 0.4273502691896261500, 0.7401923788646681500, -2.083333333333330400 ) ) ;
#1321 = CARTESIAN_POINT ( 'NONE',  ( 0.4273502691896261500, 0.7401923788646680400, -1.733333333333331400 ) ) ;
#1322 = CARTESIAN_POINT ( 'NONE',  ( -0.6410254037844385100, 0.3700961894323343000, -1.633333333333331700 ) ) ;
#1323 = ORIENTED_EDGE ( 'NONE', *, *, #2201, .T. ) ;
#1324 = FACE_OUTER_BOUND ( 'NONE', #3163, .T. ) ;
#1325 = LINE ( 'NONE', #1458, #898 ) ;
#1326 = CARTESIAN_POINT ( 'NONE',  ( -1.224646799147354200E-016, -1.000000000000000700, -2.499999999999967600 ) ) ;
#1327 = CARTESIAN_POINT ( 'NONE',  ( -0.8547005383792514200, 5.233531392778349000E-017, 0.4000000000000019100 ) ) ;
#1328 = ORIENTED_EDGE ( 'NONE', *, *, #3054, .T. ) ;
#1329 = CIRCLE ( 'NONE', #1504, 1.000000000000001300 ) ;
#1330 = VERTEX_POINT ( 'NONE', #200 ) ;
#1331 = CARTESIAN_POINT ( 'NONE',  ( -0.5898502691896260200, -1.021650635094610600, 1.879166666666701700 ) ) ;
#1332 = CARTESIAN_POINT ( 'NONE',  ( 0.5898502691896262400, 1.021650635094610400, 0.1041666666666352400 ) ) ;
#1333 = AXIS2_PLACEMENT_3D ( 'NONE', #3095, #1117, #2566 ) ;
#1334 = EDGE_LOOP ( 'NONE', ( #239, #906, #1096, #2704 ) ) ;
#1335 = CARTESIAN_POINT ( 'NONE',  ( 0.8547005383792514200, -1.570059417833504600E-016, -0.9999999999999982200 ) ) ;
#1336 = CARTESIAN_POINT ( 'NONE',  ( -0.4273502691896256000, 0.7401923788646683800, -2.066666666666665100 ) ) ;
#1337 = ADVANCED_FACE ( 'NONE', ( #208 ), #2695, .T. ) ;
#1338 = CARTESIAN_POINT ( 'NONE',  ( -0.5773502691896264000, -1.000000000000000400, -1.683333333333363100 ) ) ;
#1339 = CARTESIAN_POINT ( 'NONE',  ( 0.6410254037844388400, 0.3700961894323336300, 1.433333333333335100 ) ) ;
#1340 = AXIS2_PLACEMENT_3D ( 'NONE', #2596, #1342, #851 ) ;
#1341 = CARTESIAN_POINT ( 'NONE',  ( -0.4273502691896256000, 0.7401923788646683800, -1.216666666666663500 ) ) ;
#1342 = DIRECTION ( 'NONE',  ( 0.0000000000000000000, 0.0000000000000000000, 1.000000000000000000 ) ) ;
#1343 = CARTESIAN_POINT ( 'NONE',  ( 0.0000000000000000000, 1.021650635094610800, 1.312500000000035100 ) ) ;
#1344 = PLANE ( 'NONE',  #879 ) ;
#1345 = FACE_OUTER_BOUND ( 'NONE', #2590, .T. ) ;
#1346 = CARTESIAN_POINT ( 'NONE',  ( 0.6410254037844388400, 0.3700961894323336300, 0.6333333333333347500 ) ) ;
#1347 = CARTESIAN_POINT ( 'NONE',  ( -0.4273502691896259300, -0.7401923788646681500, -0.7333333333333315100 ) ) ;
#1348 = CARTESIAN_POINT ( 'NONE',  ( -0.4273502691896256500, 0.7401923788646683800, -0.4166666666666637400 ) ) ;
#1349 = DIRECTION ( 'NONE',  ( 0.8660254037844393700, -0.4999999999999985600, -3.754987148888283100E-057 ) ) ;
#1350 = CARTESIAN_POINT ( 'NONE',  ( 0.0000000000000000000, 0.7401923788646683800, -1.249999999999996700 ) ) ;
#1351 = ADVANCED_FACE ( 'NONE', ( #699 ), #2589, .T. ) ;
#1352 = EDGE_CURVE ( 'NONE', #1625, #213, #2393, .T. ) ;
#1353 = CARTESIAN_POINT ( 'NONE',  ( -0.2053391641737107900, -0.8037081982635172500, -3.417141867738135100 ) ) ;
#1354 = CARTESIAN_POINT ( 'NONE',  ( 0.8847754037844388600, 0.5108253175473046500, 1.245833333333367800 ) ) ;
#1355 = CARTESIAN_POINT ( 'NONE',  ( 0.4273502691896261500, 0.7401923788646680400, -3.333333333333331700 ) ) ;
#1356 = CARTESIAN_POINT ( 'NONE',  ( 0.8547005383792514200, -1.570059417833504600E-016, 0.6000000000000015300 ) ) ;
#1357 = CARTESIAN_POINT ( 'NONE',  ( -0.8547005383792513100, 5.233531392778349000E-017, -0.3999999999999984100 ) ) ;
#1358 = CARTESIAN_POINT ( 'NONE',  ( -0.8547005383792514200, 5.233531392778349000E-017, -1.149999999999996800 ) ) ;
#1359 =( BOUNDED_CURVE ( )  B_SPLINE_CURVE ( 2, ( #3051, #1338, #394, #1572, #2850, #345, #2815 ),
 .UNSPECIFIED., .F., .T. ) 
 B_SPLINE_CURVE_WITH_KNOTS ( ( 3, 2, 2, 3 ),
 ( 0.5714285714285714000, 0.5833333333333333700, 0.5952380952380952300, 0.6071428571428572100 ),
 .UNSPECIFIED. ) 
 CURVE ( )  GEOMETRIC_REPRESENTATION_ITEM ( )  RATIONAL_B_SPLINE_CURVE ( ( 1.000000000000000000, 0.8660254037844387100, 1.000000000000000000, 0.8660254037844387100, 1.000000000000000000, 0.8660254037844387100, 1.000000000000000000 ) ) 
 REPRESENTATION_ITEM ( '' )  );
#1360 = CARTESIAN_POINT ( 'NONE',  ( 0.0000000000000000000, 1.000000000000000700, 0.5499999999999706200 ) ) ;
#1361 = CARTESIAN_POINT ( 'NONE',  ( 0.6410254037844388400, 0.3700961894323336300, 0.6333333333333347500 ) ) ;
#1362 = EDGE_CURVE ( 'NONE', #1249, #2184, #236, .T. ) ;
#1363 = CYLINDRICAL_SURFACE ( 'NONE', #1133, 1.000000000000000700 ) ;
#1364 = CARTESIAN_POINT ( 'NONE',  ( -1.154700538379252600, 7.070501591499384000E-017, -0.1500000000000294200 ) ) ;
#1365 = VERTEX_POINT ( 'NONE', #2416 ) ;
#1366 = CARTESIAN_POINT ( 'NONE',  ( -0.4273502691896259900, -0.7401923788646680400, -3.083333333333330400 ) ) ;
#1367 = CARTESIAN_POINT ( 'NONE',  ( 0.0000000000000000000, 0.7401923788646683800, -2.499999999999998200 ) ) ;
#1368 = CARTESIAN_POINT ( 'NONE',  ( 0.0000000000000000000, 1.577094602533081600E-056, 1.399999999999999200 ) ) ;
#1369 = EDGE_LOOP ( 'NONE', ( #1917, #2753, #329, #1131 ) ) ;
#1370 = LINE ( 'NONE', #3011, #325 ) ;
#1371 = CARTESIAN_POINT ( 'NONE',  ( -0.4273502691896256500, 0.7401923788646683800, 1.133333333333335300 ) ) ;
#1372 = CARTESIAN_POINT ( 'NONE',  ( -0.6410254037844385100, 0.3700961894323343000, -2.033333333333331400 ) ) ;
#1373 = ADVANCED_FACE ( 'NONE', ( #627 ), #1403, .F. ) ;
#1374 = CARTESIAN_POINT ( 'NONE',  ( -0.8547005383792514200, 5.233531392778349000E-017, -2.349999999999997000 ) ) ;
#1375 = VERTEX_POINT ( 'NONE', #2620 ) ;
#1376 = CARTESIAN_POINT ( 'NONE',  ( 0.0000000000000000000, 5.256982008443608200E-056, -3.499999999999999600 ) ) ;
#1377 = CARTESIAN_POINT ( 'NONE',  ( -0.6410254037844385100, 0.3700961894323343000, 1.166666666666668300 ) ) ;
#1378 = EDGE_CURVE ( 'NONE', #1182, #1478, #2817, .T. ) ;
#1379 = ORIENTED_EDGE ( 'NONE', *, *, #376, .T. ) ;
#1380 = CARTESIAN_POINT ( 'NONE',  ( 0.8547005383792514200, -1.570059417833504600E-016, -2.999999999999998200 ) ) ;
#1381 = CARTESIAN_POINT ( 'NONE',  ( 0.4273502691896261500, 0.7401923788646681500, 0.6666666666666687400 ) ) ;
#1382 = CARTESIAN_POINT ( 'NONE',  ( -0.4273502691896259900, -0.7401923788646680400, -1.883333333333330200 ) ) ;
#1383 = DIRECTION ( 'NONE',  ( 0.8660254037844387100, 0.4999999999999998900, 0.0000000000000000000 ) ) ;
#1384 = CIRCLE ( 'NONE', #917, 0.7401923788646683800 ) ;
#1385 = AXIS2_PLACEMENT_3D ( 'NONE', #2238, #2482, #1683 ) ;
#1386 = ADVANCED_FACE ( 'NONE', ( #476 ), #351, .T. ) ;
#1387 = DIRECTION ( 'NONE',  ( -0.0000000000000000000, 7.509974297776586600E-057, -1.000000000000000000 ) ) ;
#1388 = CARTESIAN_POINT ( 'NONE',  ( -0.6410254037844386200, -0.3700961894323340200, -1.916666666666663600 ) ) ;
#1389 = CARTESIAN_POINT ( 'NONE',  ( -9.064742275298811100E-017, -0.7401923788646683800, 0.1500000000000029900 ) ) ;
#1390 = CARTESIAN_POINT ( 'NONE',  ( 0.8660254037844397100, 0.4999999999999995600, 0.4333333333333663800 ) ) ;
#1391 = CARTESIAN_POINT ( 'NONE',  ( -0.5773502691896260600, 1.000000000000000700, -0.2166666666666961200 ) ) ;
#1392 = CARTESIAN_POINT ( 'NONE',  ( 0.2426460913693784500, -0.7259336176145108100, 3.331350129109555500 ) ) ;
#1393 = B_SPLINE_CURVE_WITH_KNOTS ( 'NONE', 3,
 ( #314, #2305, #791, #1281 ),
 .UNSPECIFIED., .F., .F.,
 ( 4, 4 ),
 ( 0.001017869341677566900, 0.001467059238283078100 ),
 .UNSPECIFIED. ) ;
#1394 = CARTESIAN_POINT ( 'NONE',  ( -0.4273502691896256000, 0.7401923788646683800, 1.133333333333335300 ) ) ;
#1395 = CARTESIAN_POINT ( 'NONE',  ( -9.064742275298811100E-017, -0.7401923788646683800, 1.750000000000003300 ) ) ;
#1396 = LINE ( 'NONE', #317, #733 ) ;
#1397 = CARTESIAN_POINT ( 'NONE',  ( 0.8547005383792513100, -1.570059417833504600E-016, 0.6500000000000031300 ) ) ;
#1398 = PLANE ( 'NONE',  #591 ) ;
#1399 = ORIENTED_EDGE ( 'NONE', *, *, #1851, .F. ) ;
#1400 = VECTOR ( 'NONE', #1293, 1000.000000000000000 ) ;
#1401 = CIRCLE ( 'NONE', #2794, 1.800000000000000000 ) ;
#1402 = VERTEX_POINT ( 'NONE', #905 ) ;
#1403 = PLANE ( 'NONE',  #612 ) ;
#1404 = DIRECTION ( 'NONE',  ( 0.0000000000000000000, -0.7071067811865468000, 0.7071067811865483500 ) ) ;
#1405 = ORIENTED_EDGE ( 'NONE', *, *, #1306, .T. ) ;
#1406 = ORIENTED_EDGE ( 'NONE', *, *, #1980, .T. ) ;
#1407 = CARTESIAN_POINT ( 'NONE',  ( -0.4273502691896259300, -0.7401923788646681500, 0.4666666666666681700 ) ) ;
#1408 = CARTESIAN_POINT ( 'NONE',  ( -9.064742275298811100E-017, -0.7401923788646683800, 1.350000000000003200 ) ) ;
#1409 = ORIENTED_EDGE ( 'NONE', *, *, #1017, .F. ) ;
#1410 = EDGE_CURVE ( 'NONE', #442, #1625, #3117, .T. ) ;
#1411 = ORIENTED_EDGE ( 'NONE', *, *, #651, .T. ) ;
#1412 = CARTESIAN_POINT ( 'NONE',  ( 0.6410254037844388400, 0.3700961894323336300, -0.5166666666666635000 ) ) ;
#1413 = CARTESIAN_POINT ( 'NONE',  ( 0.0000000000000000000, 1.000000000000000700, -3.099999999999967200 ) ) ;
#1414 = CARTESIAN_POINT ( 'NONE',  ( 0.1062695957044491200, -0.7454474142836204900, -3.494744964581046000 ) ) ;
#1415 = AXIS2_PLACEMENT_3D ( 'NONE', #575, #3029, #1316 ) ;
#1416 = CARTESIAN_POINT ( 'NONE',  ( 0.4418558714824434300, 0.6109197974410293100, 3.319185312303927200 ) ) ;
#1417 = CARTESIAN_POINT ( 'NONE',  ( -0.4273502691896256500, 0.7401923788646683800, 0.3833333333333362500 ) ) ;
#1418 = CARTESIAN_POINT ( 'NONE',  ( 0.6410254037844384000, -0.3700961894323345200, 1.366666666666668900 ) ) ;
#1419 = FACE_OUTER_BOUND ( 'NONE', #1542, .T. ) ;
#1420 = CARTESIAN_POINT ( 'NONE',  ( 0.0000000000000000000, 0.7401923788646683800, 1.150000000000003500 ) ) ;
#1421 = CARTESIAN_POINT ( 'NONE',  ( 0.5773502691896257300, -1.000000000000001100, 0.3333333333333661200 ) ) ;
#1422 = EDGE_CURVE ( 'NONE', #2818, #1095, #626, .T. ) ;
#1423 = CARTESIAN_POINT ( 'NONE',  ( -1.577419970297798500E-016, 0.8660254037844341600, 3.435048094716166600 ) ) ;
#1424 = CARTESIAN_POINT ( 'NONE',  ( 0.0000000000000000000, 1.000000000000000700, -3.499999999999997800 ) ) ;
#1425 = CARTESIAN_POINT ( 'NONE',  ( -9.064742275298811100E-017, -0.7401923788646683800, -2.649999999999996800 ) ) ;
#1426 = CARTESIAN_POINT ( 'NONE',  ( 0.0000000000000000000, 5.256982008443608200E-056, -3.499999999999999600 ) ) ;
#1427 = CARTESIAN_POINT ( 'NONE',  ( 0.6410254037844384000, -0.3700961894323345200, -0.1833333333333300500 ) ) ;
#1428 = CARTESIAN_POINT ( 'NONE',  ( -0.4273502691896259900, -0.7401923788646680400, 0.8666666666666682500 ) ) ;
#1429 = CARTESIAN_POINT ( 'NONE',  ( -0.8547005383792513100, 5.233531392778349000E-017, 0.05000000000000316700 ) ) ;
#1430 = CARTESIAN_POINT ( 'NONE',  ( -0.5773502691896260600, 1.000000000000000700, -1.866666666666633800 ) ) ;
#1431 = DIRECTION ( 'NONE',  ( -0.0000000000000000000, 7.509974297776586600E-057, -1.000000000000000000 ) ) ;
#1432 = PRODUCT ( '91290A012_Alloy Steel Socket Head Screw', '91290A012_Alloy Steel Socket Head Screw', '', ( #2560 ) ) ;
#1433 = LINE ( 'NONE', #2079, #966 ) ;
#1434 = ORIENTED_EDGE ( 'NONE', *, *, #426, .F. ) ;
#1435 = CARTESIAN_POINT ( 'NONE',  ( -0.6410254037844386200, -0.3700961894323340200, 1.683333333333337100 ) ) ;
#1436 = CARTESIAN_POINT ( 'NONE',  ( 0.5898502691896262400, 1.021650635094610400, -3.495833333333364700 ) ) ;
#1437 = ORIENTED_EDGE ( 'NONE', *, *, #125, .F. ) ;
#1438 = ORIENTED_EDGE ( 'NONE', *, *, #2449, .T. ) ;
#1439 = CARTESIAN_POINT ( 'NONE',  ( -0.2454358550358748400, -0.7243229468106852100, 3.318702545239033500 ) ) ;
#1440 = CARTESIAN_POINT ( 'NONE',  ( 0.8660254037844397100, 0.4999999999999995600, -0.3666666666666339400 ) ) ;
#1441 = CARTESIAN_POINT ( 'NONE',  ( -0.5773502691896264000, -1.000000000000000400, -2.483333333333363100 ) ) ;
#1442 = VERTEX_POINT ( 'NONE', #1180 ) ;
#1443 = VERTEX_POINT ( 'NONE', #659 ) ;
#1444 = CARTESIAN_POINT ( 'NONE',  ( 0.1178881900928728900, 0.7979626255000368300, 3.366985316430568500 ) ) ;
#1445 = CARTESIAN_POINT ( 'NONE',  ( 0.0000000000000000000, 1.021650635094610800, -3.087499999999965300 ) ) ;
#1446 = CARTESIAN_POINT ( 'NONE',  ( -0.5898502691896260200, -1.021650635094610600, -3.295833333333364900 ) ) ;
#1447 = DIRECTION ( 'NONE',  ( -0.0000000000000000000, -0.0000000000000000000, 1.000000000000000000 ) ) ;
#1448 = COORDINATED_UNIVERSAL_TIME_OFFSET ( 6, 0, .BEHIND. ) ;
#1449 = DIRECTION ( 'NONE',  ( 0.0000000000000000000, 1.000000000000000000, 0.0000000000000000000 ) ) ;
#1450 =( BOUNDED_CURVE ( )  B_SPLINE_CURVE ( 2, ( #1731, #1768, #2001, #990, #760, #278, #1007 ),
 .UNSPECIFIED., .F., .T. ) 
 B_SPLINE_CURVE_WITH_KNOTS ( ( 3, 2, 2, 3 ),
 ( 0.6428571428571429000, 0.6547619047619047700, 0.6666666666666666300, 0.6785714285714286000 ),
 .UNSPECIFIED. ) 
 CURVE ( )  GEOMETRIC_REPRESENTATION_ITEM ( )  RATIONAL_B_SPLINE_CURVE ( ( 1.000000000000000000, 0.8660254037844387100, 1.000000000000000000, 0.8660254037844387100, 1.000000000000000000, 0.8660254037844387100, 1.000000000000000000 ) ) 
 REPRESENTATION_ITEM ( '' )  );
#1451 = CIRCLE ( 'NONE', #2983, 0.1000000000000000500 ) ;
#1452 = CARTESIAN_POINT ( 'NONE',  ( -0.6410254037844386200, -0.3700961894323340200, -1.916666666666663600 ) ) ;
#1453 = DIRECTION ( 'NONE',  ( 0.0000000000000000000, -1.000000000000000000, 0.0000000000000000000 ) ) ;
#1454 = CARTESIAN_POINT ( 'NONE',  ( 0.5773502691896257300, -1.000000000000001100, -2.016666666666695900 ) ) ;
#1455 = CARTESIAN_POINT ( 'NONE',  ( 0.0000000000000000000, 0.7401923788646683800, 1.550000000000003600 ) ) ;
#1456 = CARTESIAN_POINT ( 'NONE',  ( 0.5898502691896262400, 1.021650635094610400, -2.695833333333365300 ) ) ;
#1457 = DIRECTION ( 'NONE',  ( -0.8660254037844393700, 0.4999999999999988900, 3.754987148888284800E-057 ) ) ;
#1458 = CARTESIAN_POINT ( 'NONE',  ( 0.0000000000000000000, 1.000000000000000700, -3.499999999999997800 ) ) ;
#1459 =( NAMED_UNIT ( * ) PLANE_ANGLE_UNIT ( ) SI_UNIT ( $, .RADIAN. ) );
#1460 = CARTESIAN_POINT ( 'NONE',  ( 0.6410254037844388400, 0.3700961894323336300, -1.316666666666663500 ) ) ;
#1461 = CARTESIAN_POINT ( 'NONE',  ( 0.4436000300039484900, -0.6932814125520223600, 1.293248208405990900 ) ) ;
#1462 = CARTESIAN_POINT ( 'NONE',  ( 0.8847754037844388600, 0.5108253175473046500, -2.754166666666632200 ) ) ;
#1463 = CARTESIAN_POINT ( 'NONE',  ( -0.8547005383792514200, 5.233531392778349000E-017, 1.600000000000001600 ) ) ;
#1464 = EDGE_CURVE ( 'NONE', #977, #562, #1919, .T. ) ;
#1465 = DIRECTION ( 'NONE',  ( -0.0000000000000000000, 7.509974297776586600E-057, -1.000000000000000000 ) ) ;
#1466 = CARTESIAN_POINT ( 'NONE',  ( -0.5773502691896260600, 1.000000000000000700, -2.666666666666634100 ) ) ;
#1467 = ORIENTED_EDGE ( 'NONE', *, *, #2843, .T. ) ;
#1468 = CARTESIAN_POINT ( 'NONE',  ( -9.064742275298811100E-017, -0.7401923788646683800, -3.049999999999997200 ) ) ;
#1469 = FACE_OUTER_BOUND ( 'NONE', #871, .T. ) ;
#1470 = VECTOR ( 'NONE', #806, 1000.000000000000000 ) ;
#1471 = ORIENTED_EDGE ( 'NONE', *, *, #347, .T. ) ;
#1472 = ORIENTED_EDGE ( 'NONE', *, *, #166, .F. ) ;
#1473 = CARTESIAN_POINT ( 'NONE',  ( -1.162290413363968500E-016, 0.8660254037844341600, 2.499999999999999600 ) ) ;
#1474 = CARTESIAN_POINT ( 'NONE',  ( 0.8847754037844383100, -0.5108253175473058700, -2.420833333333298800 ) ) ;
#1475 = CARTESIAN_POINT ( 'NONE',  ( 0.5898502691896252400, -1.021650635094611100, -2.429166666666698200 ) ) ;
#1476 = EDGE_CURVE ( 'NONE', #2184, #2818, #2203, .T. ) ;
#1477 = CC_DESIGN_SECURITY_CLASSIFICATION ( #1752, ( #2458 ) ) ;
#1478 = VERTEX_POINT ( 'NONE', #923 ) ;
#1479 = CARTESIAN_POINT ( 'NONE',  ( 0.8660254037844397100, 0.4999999999999995600, -2.316666666666696200 ) ) ;
#1480 = CARTESIAN_POINT ( 'NONE',  ( -0.4273502691896256500, 0.7401923788646683800, -3.266666666666665300 ) ) ;
#1481 = EDGE_LOOP ( 'NONE', ( #2499, #1379, #987, #1053 ) ) ;
#1482 = CARTESIAN_POINT ( 'NONE',  ( 0.1079486811871734300, -0.9934867906273932000, -3.242353558598219700 ) ) ;
#1483 = CARTESIAN_POINT ( 'NONE',  ( 0.4273502691896254900, -0.7401923788646686000, -1.816666666666663500 ) ) ;
#1484 = CARTESIAN_POINT ( 'NONE',  ( 0.4273502691896254900, -0.7401923788646686000, 0.1833333333333365400 ) ) ;
#1485 = DIRECTION ( 'NONE',  ( -1.000000000000000000, -1.001543065824777700E-015, 0.0000000000000000000 ) ) ;
#1486 = CARTESIAN_POINT ( 'NONE',  ( -0.8847754037844385300, -0.5108253175473052000, -1.729166666666698300 ) ) ;
#1487 = ORGANIZATION ( 'UNSPECIFIED', 'UNSPECIFIED', '' ) ;
#1488 = CARTESIAN_POINT ( 'NONE',  ( -1.224646799147354200E-016, -1.000000000000000700, -2.850000000000029400 ) ) ;
#1489 = PERSON_AND_ORGANIZATION_ROLE ( 'design_owner' ) ;
#1490 = CARTESIAN_POINT ( 'NONE',  ( 0.6410254037844384000, -0.3700961894323345200, -2.183333333333330500 ) ) ;
#1491 = ADVANCED_FACE ( 'NONE', ( #2776 ), #1398, .F. ) ;
#1492 = CARTESIAN_POINT ( 'NONE',  ( -0.4273502691896259900, -0.7401923788646680400, 0.1166666666666698500 ) ) ;
#1493 = CARTESIAN_POINT ( 'NONE',  ( 0.8660254037844397100, 0.4999999999999995600, -0.7166666666666962100 ) ) ;
#1494 = CARTESIAN_POINT ( 'NONE',  ( -0.8847754037844385300, -0.5108253175473052000, -1.754166666666632000 ) ) ;
#1495 = CARTESIAN_POINT ( 'NONE',  ( 0.5898502691896252400, -1.021650635094611100, -0.8291666666666980300 ) ) ;
#1496 = CARTESIAN_POINT ( 'NONE',  ( 0.4273502691896261500, 0.7401923788646680400, -3.333333333333331700 ) ) ;
#1497 = CARTESIAN_POINT ( 'NONE',  ( 0.0000000000000000000, 1.000000000000000700, -2.299999999999967400 ) ) ;
#1498 = CARTESIAN_POINT ( 'NONE',  ( 0.0000000000000000000, 0.7401923788646683800, -1.249999999999996700 ) ) ;
#1499 = CARTESIAN_POINT ( 'NONE',  ( -0.4273502691896256500, 0.7401923788646683800, 1.183333333333336500 ) ) ;
#1500 = CARTESIAN_POINT ( 'NONE',  ( -1.224646799147354200E-016, -1.000000000000000700, -0.8500000000000295100 ) ) ;
#1501 = CARTESIAN_POINT ( 'NONE',  ( 0.5898502691896252400, -1.021650635094611100, -1.254166666666632000 ) ) ;
#1502 = CARTESIAN_POINT ( 'NONE',  ( 0.0000000000000000000, 1.021650635094610800, -1.462500000000031400 ) ) ;
#1503 = VECTOR ( 'NONE', #1387, 1000.000000000000000 ) ;
#1504 = AXIS2_PLACEMENT_3D ( 'NONE', #1368, #895, #2613 ) ;
#1505 = ORIENTED_EDGE ( 'NONE', *, *, #3114, .T. ) ;
#1506 = CARTESIAN_POINT ( 'NONE',  ( 0.0000000000000000000, 1.000000000000000700, -1.450000000000029500 ) ) ;
#1507 = CARTESIAN_POINT ( 'NONE',  ( 0.6410254037844388400, 0.3700961894323336300, -3.366666666666664900 ) ) ;
#1508 = EDGE_LOOP ( 'NONE', ( #2709, #2940, #551, #1100 ) ) ;
#1509 = ORIENTED_EDGE ( 'NONE', *, *, #2391, .F. ) ;
#1510 = CARTESIAN_POINT ( 'NONE',  ( 0.6410254037844388400, 0.3700961894323336300, -1.366666666666664900 ) ) ;
#1511 = ORIENTED_EDGE ( 'NONE', *, *, #2785, .T. ) ;
#1512 = VERTEX_POINT ( 'NONE', #3106 ) ;
#1513 = CARTESIAN_POINT ( 'NONE',  ( -0.8547005383792514200, 5.233531392778349000E-017, 0.4500000000000033400 ) ) ;
#1514 = CARTESIAN_POINT ( 'NONE',  ( -1.251161180115475900E-016, -1.021650635094610800, -0.4874999999999654100 ) ) ;
#1515 = CARTESIAN_POINT ( 'NONE',  ( 0.0000000000000000000, 1.021650635094610800, -1.862500000000031600 ) ) ;
#1516 = EDGE_CURVE ( 'NONE', #1478, #1711, #1050, .T. ) ;
#1517 = CARTESIAN_POINT ( 'NONE',  ( 0.6410254037844388400, 0.3700961894323336300, -3.366666666666664900 ) ) ;
#1518 = DIRECTION ( 'NONE',  ( 0.0000000000000000000, 1.000000000000000000, 0.0000000000000000000 ) ) ;
#1519 = CARTESIAN_POINT ( 'NONE',  ( -0.5773502691896260600, 1.000000000000000700, -0.6666666666666338800 ) ) ;
#1520 = SHAPE_DEFINITION_REPRESENTATION ( #2086, #3148 ) ;
#1521 = CARTESIAN_POINT ( 'NONE',  ( 0.6410254037844384000, -0.3700961894323345200, -2.233333333333332100 ) ) ;
#1522 = VECTOR ( 'NONE', #958, 1000.000000000000000 ) ;
#1523 = EDGE_CURVE ( 'NONE', #178, #562, #3086, .T. ) ;
#1524 = CARTESIAN_POINT ( 'NONE',  ( -0.4273502691896259900, -0.7401923788646680400, -0.2833333333333302700 ) ) ;
#1525 = CARTESIAN_POINT ( 'NONE',  ( 0.0000000000000000000, -1.224646799147350500E-013, 1000.822649730810300 ) ) ;
#1526 =( BOUNDED_CURVE ( )  B_SPLINE_CURVE ( 2, ( #483, #2198, #1932, #1938, #2176, #723, #1197 ),
 .UNSPECIFIED., .F., .T. ) 
 B_SPLINE_CURVE_WITH_KNOTS ( ( 3, 2, 2, 3 ),
 ( 0.4642857142857143000, 0.4761904761904762200, 0.4880952380952381400, 0.5000000000000000000 ),
 .UNSPECIFIED. ) 
 CURVE ( )  GEOMETRIC_REPRESENTATION_ITEM ( )  RATIONAL_B_SPLINE_CURVE ( ( 1.000000000000000000, 0.8660254037844387100, 1.000000000000000000, 0.8660254037844387100, 1.000000000000000000, 0.8660254037844387100, 1.000000000000000000 ) ) 
 REPRESENTATION_ITEM ( '' )  );
#1527 = CARTESIAN_POINT ( 'NONE',  ( 0.5898502691896262400, 1.021650635094610400, -1.120833333333298900 ) ) ;
#1528 = CARTESIAN_POINT ( 'NONE',  ( 0.5898502691896262400, 1.021650635094610400, -1.895833333333364600 ) ) ;
#1529 = CARTESIAN_POINT ( 'NONE',  ( -0.6410254037844386200, -0.3700961894323340200, -1.966666666666665200 ) ) ;
#1530 = CARTESIAN_POINT ( 'NONE',  ( -0.4273502691896256000, 0.7401923788646683800, -2.866666666666665400 ) ) ;
#1531 = AXIS2_PLACEMENT_3D ( 'NONE', #1755, #2052, #1518 ) ;
#1532 = CARTESIAN_POINT ( 'NONE',  ( -1.224646799147354200E-016, -1.000000000000000700, -0.09999999999996717100 ) ) ;
#1533 = CARTESIAN_POINT ( 'NONE',  ( 0.4273502691896254900, -0.7401923788646686000, -0.6666666666666647400 ) ) ;
#1534 = APPROVAL ( #74, 'UNSPECIFIED' ) ;
#1535 = DIRECTION ( 'NONE',  ( 0.0000000000000000000, 1.000000000000000000, 0.0000000000000000000 ) ) ;
#1536 = CARTESIAN_POINT ( 'NONE',  ( -0.5898502691896260200, -1.021650635094610600, -1.320833333333298900 ) ) ;
#1537 = CARTESIAN_POINT ( 'NONE',  ( -0.8847754037844385300, -0.5108253175473052000, 1.470833333333302400 ) ) ;
#1538 = CARTESIAN_POINT ( 'NONE',  ( 0.6410254037844388400, 0.3700961894323336300, -1.766666666666665100 ) ) ;
#1539 = DATE_TIME_ROLE ( 'creation_date' ) ;
#1540 = CARTESIAN_POINT ( 'NONE',  ( 0.8547005383792513100, -1.570059417833504600E-016, -3.399999999999998600 ) ) ;
#1541 = CARTESIAN_POINT ( 'NONE',  ( 0.6410254037844384000, -0.3700961894323345200, -1.833333333333331700 ) ) ;
#1542 = EDGE_LOOP ( 'NONE', ( #1406, #2668, #2860, #1656, #744, #629 ) ) ;
#1543 = FACE_OUTER_BOUND ( 'NONE', #2333, .T. ) ;
#1544 = CARTESIAN_POINT ( 'NONE',  ( -0.6595738244179038000, -0.3897206975126357200, 1.249999999999997100 ) ) ;
#1545 = DIRECTION ( 'NONE',  ( -0.0000000000000000000, 7.509974297776586600E-057, -1.000000000000000000 ) ) ;
#1546 = CARTESIAN_POINT ( 'NONE',  ( -0.8847754037844384200, 0.5108253175473055400, 0.5791666666667018000 ) ) ;
#1547 = CARTESIAN_POINT ( 'NONE',  ( 1.179700538379251400, -2.167074732417838900E-016, 0.8374999999999684900 ) ) ;
#1548 = ORIENTED_EDGE ( 'NONE', *, *, #2036, .F. ) ;
#1549 = ORIENTED_EDGE ( 'NONE', *, *, #2019, .F. ) ;
#1550 = CARTESIAN_POINT ( 'NONE',  ( -0.8547005383792514200, 5.233531392778349000E-017, -1.199999999999998200 ) ) ;
#1551 = CARTESIAN_POINT ( 'NONE',  ( -0.4273502691896259300, -0.7401923788646681500, -1.533333333333331900 ) ) ;
#1552 = ORIENTED_EDGE ( 'NONE', *, *, #2236, .F. ) ;
#1553 = CARTESIAN_POINT ( 'NONE',  ( 0.6410254037844384000, -0.3700961894323345200, -1.433333333333331600 ) ) ;
#1554 = AXIS2_PLACEMENT_3D ( 'NONE', #1135, #105, #2845 ) ;
#1555 = ORIENTED_EDGE ( 'NONE', *, *, #687, .T. ) ;
#1556 = CARTESIAN_POINT ( 'NONE',  ( 0.0000000000000000000, 1.000000000000000700, -3.050000000000029600 ) ) ;
#1557 = CARTESIAN_POINT ( 'NONE',  ( -0.6410254037844385100, 0.3700961894323343000, -3.183333333333330500 ) ) ;
#1558 = CARTESIAN_POINT ( 'NONE',  ( 0.0000000000000000000, 1.021650635094610800, 0.9374999999999686900 ) ) ;
#1559 = CARTESIAN_POINT ( 'NONE',  ( 0.6410254037844384000, -0.3700961894323345200, -2.633333333333331500 ) ) ;
#1560 = CARTESIAN_POINT ( 'NONE',  ( 0.4273502691896261500, 0.7401923788646681500, -2.133333333333331500 ) ) ;
#1561 = PERSON_AND_ORGANIZATION ( #666, #1487 ) ;
#1562 = CARTESIAN_POINT ( 'NONE',  ( 0.7499999999999997800, -0.4330127018922127500, 2.499999999999999600 ) ) ;
#1563 = CARTESIAN_POINT ( 'NONE',  ( -0.6410254037844385100, 0.3700961894323343000, 0.3666666666666688100 ) ) ;
#1564 = ADVANCED_FACE ( 'NONE', ( #2174 ), #813, .F. ) ;
#1565 = EDGE_CURVE ( 'NONE', #1058, #700, #1972, .T. ) ;
#1566 = CARTESIAN_POINT ( 'NONE',  ( -1.224646799147354200E-016, -1.000000000000000700, 0.7000000000000331500 ) ) ;
#1567 = CARTESIAN_POINT ( 'NONE',  ( -1.251161180115475900E-016, -1.021650635094610800, 1.112500000000034500 ) ) ;
#1568 = CARTESIAN_POINT ( 'NONE',  ( 0.8847754037844383100, -0.5108253175473058700, 0.8041666666666353900 ) ) ;
#1569 = CARTESIAN_POINT ( 'NONE',  ( 0.6410254037844388400, 0.3700961894323336300, -0.9666666666666651200 ) ) ;
#1570 = PERSON_AND_ORGANIZATION_ROLE ( 'design_supplier' ) ;
#1571 = CARTESIAN_POINT ( 'NONE',  ( -0.4273502691896256000, 0.7401923788646683800, -1.666666666666664700 ) ) ;
#1572 = CARTESIAN_POINT ( 'NONE',  ( -1.154700538379252600, 7.070501591499384000E-017, -1.750000000000029300 ) ) ;
#1573 = CARTESIAN_POINT ( 'NONE',  ( -0.8547005383792514200, 5.233531392778349000E-017, 1.734723475976807100E-015 ) ) ;
#1574 = EDGE_CURVE ( 'NONE', #2466, #1402, #2134, .T. ) ;
#1575 = CC_DESIGN_DATE_AND_TIME_ASSIGNMENT ( #680, #1539, ( #1886 ) ) ;
#1576 = CARTESIAN_POINT ( 'NONE',  ( 1.347111479062090200E-016, -1.100000000000001400, 1.399999999999999200 ) ) ;
#1577 = CARTESIAN_POINT ( 'NONE',  ( -0.8847754037844385300, -0.5108253175473052000, 1.845833333333368500 ) ) ;
#1578 = CARTESIAN_POINT ( 'NONE',  ( -0.8847754037844385300, -0.5108253175473052000, 0.2708333333333017800 ) ) ;
#1579 = CARTESIAN_POINT ( 'NONE',  ( 0.8547005383792514200, -1.570059417833504600E-016, -0.1999999999999983500 ) ) ;
#1580 = CARTESIAN_POINT ( 'NONE',  ( 0.6410254037844384000, -0.3700961894323345200, -0.6333333333333316400 ) ) ;
#1581 = ADVANCED_FACE ( 'NONE', ( #167 ), #227, .F. ) ;
#1582 = CARTESIAN_POINT ( 'NONE',  ( -0.8547005383792514200, 5.233531392778349000E-017, -0.3499999999999970400 ) ) ;
#1583 = LINE ( 'NONE', #1424, #404 ) ;
#1584 = ORIENTED_EDGE ( 'NONE', *, *, #2030, .F. ) ;
#1585 =( BOUNDED_CURVE ( )  B_SPLINE_CURVE ( 2, ( #2053, #2539, #1312, #781, #1035, #3001, #2349 ),
 .UNSPECIFIED., .F., .T. ) 
 B_SPLINE_CURVE_WITH_KNOTS ( ( 3, 2, 2, 3 ),
 ( 0.5714285714285714000, 0.5833333333333333700, 0.5952380952380952300, 0.6071428571428571000 ),
 .UNSPECIFIED. ) 
 CURVE ( )  GEOMETRIC_REPRESENTATION_ITEM ( )  RATIONAL_B_SPLINE_CURVE ( ( 1.000000000000000000, 0.8660254037844387100, 1.000000000000000000, 0.8660254037844387100, 1.000000000000000000, 0.8660254037844387100, 1.000000000000000000 ) ) 
 REPRESENTATION_ITEM ( '' )  );
#1586 = CARTESIAN_POINT ( 'NONE',  ( 1.224646799147354200E-016, -1.000000000000000700, -3.499999999999997800 ) ) ;
#1587 = CARTESIAN_POINT ( 'NONE',  ( 0.8547005383792514200, -1.570059417833504600E-016, 0.2000000000000018400 ) ) ;
#1588 = VERTEX_POINT ( 'NONE', #2194 ) ;
#1589 = ORIENTED_EDGE ( 'NONE', *, *, #3114, .F. ) ;
#1590 = VERTEX_POINT ( 'NONE', #3156 ) ;
#1591 = CARTESIAN_POINT ( 'NONE',  ( -0.7006292692223442500, 0.7135254915621213100, 1.399999999999999200 ) ) ;
#1592 = CARTESIAN_POINT ( 'NONE',  ( 0.0000000000000000000, 1.501994859555315300E-056, 1.499999999999999600 ) ) ;
#1593 = CARTESIAN_POINT ( 'NONE',  ( -0.6410254037844386200, -0.3700961894323340200, -3.516666666666663500 ) ) ;
#1594 = CARTESIAN_POINT ( 'NONE',  ( -9.064742275298811100E-017, -0.7401923788646683800, -2.699999999999998400 ) ) ;
#1595 = ORIENTED_EDGE ( 'NONE', *, *, #2687, .T. ) ;
#1596 = ORIENTED_EDGE ( 'NONE', *, *, #3015, .T. ) ;
#1597 = CARTESIAN_POINT ( 'NONE',  ( 0.4273502691896254900, -0.7401923788646686000, 0.5333333333333353200 ) ) ;
#1598 = CARTESIAN_POINT ( 'NONE',  ( 0.4273502691896261500, 0.7401923788646681500, -0.5333333333333314400 ) ) ;
#1599 = CARTESIAN_POINT ( 'NONE',  ( -0.6410254037844385100, 0.3700961894323343000, -1.983333333333330100 ) ) ;
#1600 = CARTESIAN_POINT ( 'NONE',  ( -0.5773502691896264000, -1.000000000000000400, 0.7166666666666372500 ) ) ;
#1601 = CARTESIAN_POINT ( 'NONE',  ( -0.6410254037844385100, 0.3700961894323343000, 0.7666666666666680500 ) ) ;
#1602 = EDGE_CURVE ( 'NONE', #3101, #1872, #959, .T. ) ;
#1603 = ADVANCED_FACE ( 'NONE', ( #1663 ), #1319, .T. ) ;
#1604 = PERSON_AND_ORGANIZATION ( #666, #1487 ) ;
#1605 = CARTESIAN_POINT ( 'NONE',  ( -0.7499999999999954500, -0.4330127018922178600, 2.499999999999999600 ) ) ;
#1606 = CARTESIAN_POINT ( 'NONE',  ( 0.4273502691896261500, 0.7401923788646680400, -2.883333333333330200 ) ) ;
#1607 = CARTESIAN_POINT ( 'NONE',  ( -0.6410254037844386200, -0.3700961894323340200, -3.566666666666665100 ) ) ;
#1608 = DIRECTION ( 'NONE',  ( 0.0000000000000000000, -1.000000000000000000, 0.0000000000000000000 ) ) ;
#1609 = LINE ( 'NONE', #436, #2378 ) ;
#1610 = CARTESIAN_POINT ( 'NONE',  ( -0.6410254037844386200, -0.3700961894323340200, 0.03333333333333486600 ) ) ;
#1611 = CARTESIAN_POINT ( 'NONE',  ( 0.6410254037844388400, 0.3700961894323336300, 0.6333333333333347500 ) ) ;
#1612 = CARTESIAN_POINT ( 'NONE',  ( 0.8547005383792514200, -1.570059417833504600E-016, -0.9499999999999968500 ) ) ;
#1613 = CARTESIAN_POINT ( 'NONE',  ( 0.6410254037844384000, -0.3700961894323345200, 1.366666666666668900 ) ) ;
#1614 = AXIS2_PLACEMENT_3D ( 'NONE', #120, #854, #1844 ) ;
#1615 = CARTESIAN_POINT ( 'NONE',  ( -0.1960585439984805500, -0.7709818345592975900, 1.267776300529642300 ) ) ;
#1616 = CARTESIAN_POINT ( 'NONE',  ( -0.8660254037844393700, -0.5000000000000001100, 0.2833333333333038500 ) ) ;
#1617 = CARTESIAN_POINT ( 'NONE',  ( 0.6410254037844388400, 0.3700961894323336300, -2.966666666666665000 ) ) ;
#1618 = CARTESIAN_POINT ( 'NONE',  ( 0.0000000000000000000, 5.256982008443607300E-056, -3.499999999999997800 ) ) ;
#1619 = CARTESIAN_POINT ( 'NONE',  ( -0.6410254037844386200, -0.3700961894323340200, -2.316666666666663300 ) ) ;
#1620 = CARTESIAN_POINT ( 'NONE',  ( 0.0000000000000000000, -2.628491004221804600E-056, 3.499999999999998700 ) ) ;
#1621 = CONICAL_SURFACE ( 'NONE', #996, 0.9309773090682665900, 0.7853981633974500600 ) ;
#1622 = CARTESIAN_POINT ( 'NONE',  ( 0.8660254037844397100, 0.4999999999999995600, -1.516666666666696100 ) ) ;
#1623 = DIRECTION ( 'NONE',  ( 0.0000000000000000000, 1.000000000000000000, 7.509974297776586600E-057 ) ) ;
#1624 = CARTESIAN_POINT ( 'NONE',  ( 0.0000000000000000000, 5.256982008443607300E-056, -3.499999999999997800 ) ) ;
#1625 = VERTEX_POINT ( 'NONE', #2187 ) ;
#1626 = FACE_OUTER_BOUND ( 'NONE', #1204, .T. ) ;
#1627 =( BOUNDED_CURVE ( )  B_SPLINE_CURVE ( 2, ( #1680, #1441, #207, #2415, #467, #675, #3122 ),
 .UNSPECIFIED., .F., .T. ) 
 B_SPLINE_CURVE_WITH_KNOTS ( ( 3, 2, 2, 3 ),
 ( 0.7142857142857143000, 0.7261904761904762800, 0.7380952380952381400, 0.7500000000000000000 ),
 .UNSPECIFIED. ) 
 CURVE ( )  GEOMETRIC_REPRESENTATION_ITEM ( )  RATIONAL_B_SPLINE_CURVE ( ( 1.000000000000000000, 0.8660254037844387100, 1.000000000000000000, 0.8660254037844387100, 1.000000000000000000, 0.8660254037844387100, 1.000000000000000000 ) ) 
 REPRESENTATION_ITEM ( '' )  );
#1628 = CARTESIAN_POINT ( 'NONE',  ( -0.4273502691896256000, 0.7401923788646683800, 0.3333333333333348100 ) ) ;
#1629 = CARTESIAN_POINT ( 'NONE',  ( -0.8547005383792514200, 5.233531392778349000E-017, -0.7499999999999967800 ) ) ;
#1630 = ORIENTED_EDGE ( 'NONE', *, *, #2514, .T. ) ;
#1631 = VERTEX_POINT ( 'NONE', #2414 ) ;
#1632 = CARTESIAN_POINT ( 'NONE',  ( 0.8547005383792513100, -1.570059417833504600E-016, 0.2500000000000032800 ) ) ;
#1633 = CARTESIAN_POINT ( 'NONE',  ( 0.0000000000000000000, 1.000000000000000700, 0.5000000000000326400 ) ) ;
#1634 = EDGE_CURVE ( 'NONE', #3134, #1365, #2974, .T. ) ;
#1635 = ORIENTED_EDGE ( 'NONE', *, *, #1696, .T. ) ;
#1636 = ADVANCED_FACE ( 'NONE', ( #3050 ), #1908, .T. ) ;
#1637 = CARTESIAN_POINT ( 'NONE',  ( -1.154700538379252600, 7.070501591499384000E-017, 1.000000000000033100 ) ) ;
#1638 = ORIENTED_EDGE ( 'NONE', *, *, #1314, .T. ) ;
#1639 = ORIENTED_EDGE ( 'NONE', *, *, #1927, .F. ) ;
#1640 = AXIS2_PLACEMENT_3D ( 'NONE', #2975, #2229, #2486 ) ;
#1641 = CARTESIAN_POINT ( 'NONE',  ( 0.6410254037844384000, -0.3700961894323345200, -2.583333333333330400 ) ) ;
#1642 = B_SPLINE_CURVE_WITH_KNOTS ( 'NONE', 3,
 ( #2595, #3109, #1106, #1353, #2408, #460 ),
 .UNSPECIFIED., .F., .F.,
 ( 4, 2, 4 ),
 ( 3.701387457346053100E-017, 0.0003201648568597615900, 0.0006403297137194861000 ),
 .UNSPECIFIED. ) ;
#1643 = CARTESIAN_POINT ( 'NONE',  ( -0.6410254037844386200, -0.3700961894323340200, 1.233333333333335400 ) ) ;
#1644 = CARTESIAN_POINT ( 'NONE',  ( 0.6410254037844384000, -0.3700961894323345200, 1.016666666666670200 ) ) ;
#1645 = CARTESIAN_POINT ( 'NONE',  ( 0.6410254037844388400, 0.3700961894323336300, 0.6833333333333361200 ) ) ;
#1646 = CARTESIAN_POINT ( 'NONE',  ( 1.154700538379252600, -2.121150477449814600E-016, 0.4000000000000328300 ) ) ;
#1647 = EDGE_CURVE ( 'NONE', #3172, #903, #54, .T. ) ;
#1648 = LOCAL_TIME ( 11, 16, 43.00000000000000000, #1448 ) ;
#1649 = CARTESIAN_POINT ( 'NONE',  ( 0.5773502691896267300, 1.000000000000000200, -3.133333333333300900 ) ) ;
#1650 = DIRECTION ( 'NONE',  ( 0.0000000000000000000, 1.000000000000000000, 0.0000000000000000000 ) ) ;
#1651 = CARTESIAN_POINT ( 'NONE',  ( 0.0000000000000000000, 0.7401923788646683800, -3.249999999999996900 ) ) ;
#1652 = CARTESIAN_POINT ( 'NONE',  ( 0.8547005383792513100, -1.570059417833504600E-016, 0.2000000000000018200 ) ) ;
#1653 = CARTESIAN_POINT ( 'NONE',  ( -0.8547005383792514200, 5.233531392778349000E-017, 0.4500000000000033400 ) ) ;
#1654 = CARTESIAN_POINT ( 'NONE',  ( -0.7401923788648487900, 0.1983339501601471000, 1.232136720504622800 ) ) ;
#1655 = CARTESIAN_POINT ( 'NONE',  ( 0.5773502691896267300, 1.000000000000000200, 0.4666666666666996500 ) ) ;
#1656 = ORIENTED_EDGE ( 'NONE', *, *, #2078, .T. ) ;
#1657 = DIRECTION ( 'NONE',  ( 0.4999999999999987800, 0.8660254037844393700, 0.0000000000000000000 ) ) ;
#1658 = CARTESIAN_POINT ( 'NONE',  ( 0.05859781459385411000, -0.8321939397547464300, 3.401216630686479300 ) ) ;
#1659 = CARTESIAN_POINT ( 'NONE',  ( -0.4273502691896259300, -0.7401923788646681500, -3.083333333333330400 ) ) ;
#1660 = CARTESIAN_POINT ( 'NONE',  ( 0.6410254037844388400, 0.3700961894323336300, -0.1166666666666633700 ) ) ;
#1661 = CARTESIAN_POINT ( 'NONE',  ( -0.4273502691896259900, -0.7401923788646680400, -0.3333333333333317600 ) ) ;
#1662 = EDGE_CURVE ( 'NONE', #248, #2403, #1325, .T. ) ;
#1663 = FACE_OUTER_BOUND ( 'NONE', #2623, .T. ) ;
#1664 = AXIS2_PLACEMENT_3D ( 'NONE', #1047, #1774, #2297 ) ;
#1665 = CARTESIAN_POINT ( 'NONE',  ( -1.577419970297798500E-016, 0.8660254037844341600, 3.435048094716166600 ) ) ;
#1666 = CARTESIAN_POINT ( 'NONE',  ( 0.1440709480456608100, -0.8814180556798599800, -3.358774323183296900 ) ) ;
#1667 = VECTOR ( 'NONE', #484, 1000.000000000000000 ) ;
#1668 = FACE_OUTER_BOUND ( 'NONE', #2634, .T. ) ;
#1669 = ORIENTED_EDGE ( 'NONE', *, *, #1246, .F. ) ;
#1670 = ORIENTED_EDGE ( 'NONE', *, *, #2449, .F. ) ;
#1671 = ORIENTED_EDGE ( 'NONE', *, *, #1523, .F. ) ;
#1672 = CARTESIAN_POINT ( 'NONE',  ( 0.6410254037844388400, 0.3700961894323336300, -3.316666666666663300 ) ) ;
#1673 = VERTEX_POINT ( 'NONE', #500 ) ;
#1674 = CARTESIAN_POINT ( 'NONE',  ( 0.8660254037844397100, 0.4999999999999995600, -1.916666666666696300 ) ) ;
#1675 = CARTESIAN_POINT ( 'NONE',  ( 0.4273502691896254900, -0.7401923788646686000, 0.1833333333333365400 ) ) ;
#1676 = CARTESIAN_POINT ( 'NONE',  ( -0.6410254037844386200, -0.3700961894323340200, -0.3666666666666648600 ) ) ;
#1677 = EDGE_LOOP ( 'NONE', ( #134, #2698, #1283, #1705 ) ) ;
#1678 = PLANE ( 'NONE',  #2874 ) ;
#1679 = CARTESIAN_POINT ( 'NONE',  ( 0.0000000000000000000, 1.000000000000000700, 0.9499999999999708700 ) ) ;
#1680 = CARTESIAN_POINT ( 'NONE',  ( -1.224646799147354200E-016, -1.000000000000000700, -2.450000000000029500 ) ) ;
#1681 = EDGE_CURVE ( 'NONE', #562, #1375, #2811, .T. ) ;
#1682 = CARTESIAN_POINT ( 'NONE',  ( -1.224646799147354200E-016, -1.000000000000000700, 1.149999999999970600 ) ) ;
#1683 = DIRECTION ( 'NONE',  ( 1.000000000000000000, 0.0000000000000000000, 0.0000000000000000000 ) ) ;
#1684 = LOCAL_TIME ( 11, 16, 43.00000000000000000, #948 ) ;
#1685 = DIRECTION ( 'NONE',  ( 0.0000000000000000000, 1.000000000000000000, 0.0000000000000000000 ) ) ;
#1686 = CARTESIAN_POINT ( 'NONE',  ( -9.064742275298811100E-017, -0.7401923788646683800, 0.9500000000000029500 ) ) ;
#1687 = CARTESIAN_POINT ( 'NONE',  ( 0.8847754037844383100, -0.5108253175473058700, -3.195833333333364800 ) ) ;
#1688 = LINE ( 'NONE', #198, #384 ) ;
#1689 = CARTESIAN_POINT ( 'NONE',  ( 0.5773502691896267300, 1.000000000000000200, -0.2833333333333628600 ) ) ;
#1690 = CARTESIAN_POINT ( 'NONE',  ( -0.8660254037844392600, -0.5000000000000001100, -1.766666666666634000 ) ) ;
#1691 = EDGE_CURVE ( 'NONE', #178, #1673, #2678, .T. ) ;
#1692 =( BOUNDED_CURVE ( )  B_SPLINE_CURVE ( 2, ( #2129, #2584, #2868 ),
 .UNSPECIFIED., .F., .T. ) 
 B_SPLINE_CURVE_WITH_KNOTS ( ( 3, 3 ),
 ( 0.02694028211093979500, 0.03571428571428569800 ),
 .UNSPECIFIED. ) 
 CURVE ( )  GEOMETRIC_REPRESENTATION_ITEM ( )  RATIONAL_B_SPLINE_CURVE ( ( 0.9480652107226641400, 0.9012585384440192600, 1.000000000000000000 ) ) 
 REPRESENTATION_ITEM ( '' )  );
#1693 = DIRECTION ( 'NONE',  ( 0.0000000000000000000, 1.000000000000000000, 0.0000000000000000000 ) ) ;
#1694 = CARTESIAN_POINT ( 'NONE',  ( -0.8847754037844384200, 0.5108253175473055400, -1.820833333333298700 ) ) ;
#1695 = CARTESIAN_POINT ( 'NONE',  ( -0.5898502691896255800, 1.021650635094610800, -3.429166666666698700 ) ) ;
#1696 = EDGE_CURVE ( 'NONE', #324, #101, #656, .T. ) ;
#1697 = DIRECTION ( 'NONE',  ( -0.0000000000000000000, 7.509974297776586600E-057, -1.000000000000000000 ) ) ;
#1698 = DIRECTION ( 'NONE',  ( -0.0000000000000000000, 7.509974297776586600E-057, -1.000000000000000000 ) ) ;
#1699 = AXIS2_PLACEMENT_3D ( 'NONE', #435, #2163, #2648 ) ;
#1700 = CARTESIAN_POINT ( 'NONE',  ( -9.064742275298811100E-017, -0.7401923788646683800, -2.649999999999996800 ) ) ;
#1701 = CARTESIAN_POINT ( 'NONE',  ( 0.0000000000000000000, 1.577094602533081600E-056, 1.399999999999999200 ) ) ;
#1702 = FACE_OUTER_BOUND ( 'NONE', #212, .T. ) ;
#1703 = CARTESIAN_POINT ( 'NONE',  ( 0.5898502691896262400, 1.021650635094610400, -2.320833333333299100 ) ) ;
#1704 = CARTESIAN_POINT ( 'NONE',  ( -0.8847754037844385300, -0.5108253175473052000, -3.329166666666698100 ) ) ;
#1705 = ORIENTED_EDGE ( 'NONE', *, *, #2266, .F. ) ;
#1706 = FACE_OUTER_BOUND ( 'NONE', #2101, .T. ) ;
#1707 = CARTESIAN_POINT ( 'NONE',  ( 0.0000000000000000000, 1.000000000000000700, -2.650000000000029700 ) ) ;
#1708 = CARTESIAN_POINT ( 'NONE',  ( 1.154700538379252600, -2.121150477449814600E-016, -0.3999999999999671000 ) ) ;
#1709 = CARTESIAN_POINT ( 'NONE',  ( -0.5773502691896264000, -1.000000000000000400, -0.8833333333333628400 ) ) ;
#1710 = EDGE_LOOP ( 'NONE', ( #1596, #218, #375, #2467 ) ) ;
#1711 = VERTEX_POINT ( 'NONE', #2716 ) ;
#1712 = CARTESIAN_POINT ( 'NONE',  ( 0.6410254037844388400, 0.3700961894323336300, -3.316666666666663300 ) ) ;
#1713 = ORIENTED_EDGE ( 'NONE', *, *, #1691, .F. ) ;
#1714 = CARTESIAN_POINT ( 'NONE',  ( -0.6410254037844386200, -0.3700961894323340200, -0.3166666666666634300 ) ) ;
#1715 = VERTEX_POINT ( 'NONE', #1263 ) ;
#1716 = VERTEX_POINT ( 'NONE', #1279 ) ;
#1717 = DIRECTION ( 'NONE',  ( 0.0000000000000000000, 1.000000000000000000, 0.0000000000000000000 ) ) ;
#1718 = CARTESIAN_POINT ( 'NONE',  ( 0.0000000000000000000, 1.899999999999999900, -3.499999999999997800 ) ) ;
#1719 = CARTESIAN_POINT ( 'NONE',  ( 0.0000000000000000000, 1.021650635094610800, -3.462500000000031400 ) ) ;
#1720 = CARTESIAN_POINT ( 'NONE',  ( 0.8660254037844389300, -0.5000000000000007800, -0.3833333333333626700 ) ) ;
#1721 = CARTESIAN_POINT ( 'NONE',  ( 1.154700538379252600, -2.121150477449814600E-016, 0.8499999999999705600 ) ) ;
#1722 = CARTESIAN_POINT ( 'NONE',  ( -1.224646799147354200E-016, -1.000000000000000700, 1.149999999999970600 ) ) ;
#1723 = CARTESIAN_POINT ( 'NONE',  ( -0.8660254037844393700, -0.5000000000000001100, -2.916666666666695800 ) ) ;
#1724 = CARTESIAN_POINT ( 'NONE',  ( 0.4273502691896261500, 0.7401923788646680400, -2.883333333333330200 ) ) ;
#1725 = CARTESIAN_POINT ( 'NONE',  ( 0.8458336163022476300, 0.2975417422886803600, 1.336178311357429700 ) ) ;
#1726 = CARTESIAN_POINT ( 'NONE',  ( 1.179700538379251400, -2.167074732417838900E-016, -2.387499999999965100 ) ) ;
#1727 = CARTESIAN_POINT ( 'NONE',  ( 0.8847754037844388600, 0.5108253175473046500, -2.329166666666698100 ) ) ;
#1728 =( BOUNDED_CURVE ( )  B_SPLINE_CURVE ( 2, ( #2460, #3039, #2775, #80, #3031, #1805, #334 ),
 .UNSPECIFIED., .F., .T. ) 
 B_SPLINE_CURVE_WITH_KNOTS ( ( 3, 2, 2, 3 ),
 ( 0.4285714285714285500, 0.4404761904761904700, 0.4523809523809523800, 0.4642857142857143000 ),
 .UNSPECIFIED. ) 
 CURVE ( )  GEOMETRIC_REPRESENTATION_ITEM ( )  RATIONAL_B_SPLINE_CURVE ( ( 1.000000000000000000, 0.8660254037844387100, 1.000000000000000000, 0.8660254037844387100, 1.000000000000000000, 0.8660254037844387100, 1.000000000000000000 ) ) 
 REPRESENTATION_ITEM ( '' )  );
#1729 = CARTESIAN_POINT ( 'NONE',  ( 0.0000000000000000000, 0.7401923788646683800, -2.899999999999998600 ) ) ;
#1730 = CARTESIAN_POINT ( 'NONE',  ( 0.8660254037844397100, 0.4999999999999995600, 1.233333333333365800 ) ) ;
#1731 = CARTESIAN_POINT ( 'NONE',  ( 0.0000000000000000000, 1.000000000000000700, 0.1000000000000329200 ) ) ;
#1732 = CARTESIAN_POINT ( 'NONE',  ( -0.4273502691896256500, 0.7401923788646683800, -3.216666666666663700 ) ) ;
#1733 = CARTESIAN_POINT ( 'NONE',  ( 0.4273502691896261500, 0.7401923788646680400, -0.08333333333333023400 ) ) ;
#1734 = CARTESIAN_POINT ( 'NONE',  ( -0.8660254037844391500, 0.5000000000000004400, -0.5833333333333627900 ) ) ;
#1735 = CARTESIAN_POINT ( 'NONE',  ( 0.8847754037844383100, -0.5108253175473058700, -2.020833333333298800 ) ) ;
#1736 = CARTESIAN_POINT ( 'NONE',  ( -0.8847754037844384200, 0.5108253175473055400, -0.9958333333333649900 ) ) ;
#1737 = EDGE_CURVE ( 'NONE', #2328, #1443, #2541, .T. ) ;
#1738 = CARTESIAN_POINT ( 'NONE',  ( -0.5773502691896260600, 1.000000000000000700, -2.216666666666696100 ) ) ;
#1739 = ADVANCED_FACE ( 'NONE', ( #974 ), #2063, .T. ) ;
#1740 = CARTESIAN_POINT ( 'NONE',  ( 0.0000000000000000000, 0.7401923788646683800, -3.699999999999998400 ) ) ;
#1741 = FACE_OUTER_BOUND ( 'NONE', #1887, .T. ) ;
#1742 = CARTESIAN_POINT ( 'NONE',  ( -0.6410254037844385100, 0.3700961894323343000, -0.7833333333333303300 ) ) ;
#1743 = VECTOR ( 'NONE', #1447, 1000.000000000000000 ) ;
#1744 = LINE ( 'NONE', #1473, #434 ) ;
#1745 = ORIENTED_EDGE ( 'NONE', *, *, #2851, .T. ) ;
#1746 = ORIENTED_EDGE ( 'NONE', *, *, #651, .F. ) ;
#1747 = CARTESIAN_POINT ( 'NONE',  ( -0.6410254037844386200, -0.3700961894323340200, 0.8833333333333366300 ) ) ;
#1748 = CARTESIAN_POINT ( 'NONE',  ( 1.154700538379252600, -2.121150477449814600E-016, -0.7500000000000294200 ) ) ;
#1749 = CARTESIAN_POINT ( 'NONE',  ( -0.8847754037844384200, 0.5108253175473055400, -0.6208333333332988200 ) ) ;
#1750 = CARTESIAN_POINT ( 'NONE',  ( 0.0000000000000000000, 1.021650635094610800, -1.062500000000031800 ) ) ;
#1751 = EDGE_CURVE ( 'NONE', #2371, #2978, #2140, .T. ) ;
#1752 = SECURITY_CLASSIFICATION ( '', '', #2562 ) ;
#1753 = ORIENTED_EDGE ( 'NONE', *, *, #2247, .T. ) ;
#1754 = CARTESIAN_POINT ( 'NONE',  ( -0.6410254037844385100, 0.3700961894323343000, -3.233333333333332100 ) ) ;
#1755 = CARTESIAN_POINT ( 'NONE',  ( 0.0000000000000000000, 5.256982008443607300E-056, -3.499999999999997800 ) ) ;
#1756 = ORIENTED_EDGE ( 'NONE', *, *, #2843, .F. ) ;
#1757 = CARTESIAN_POINT ( 'NONE',  ( 2.957037223606512900E-011, -0.7834936490557764500, 1.275000000001086800 ) ) ;
#1758 = CARTESIAN_POINT ( 'NONE',  ( -0.8547005383792514200, 5.233531392778349000E-017, -1.149999999999996800 ) ) ;
#1759 = ADVANCED_FACE ( 'NONE', ( #3124 ), #2120, .T. ) ;
#1760 = CARTESIAN_POINT ( 'NONE',  ( -0.6410254037844385100, 0.3700961894323343000, 1.216666666666669700 ) ) ;
#1761 = CARTESIAN_POINT ( 'NONE',  ( -0.8660254037844392600, -0.5000000000000001100, -2.166666666666633700 ) ) ;
#1762 = CARTESIAN_POINT ( 'NONE',  ( -0.5898502691896260200, -1.021650635094610600, -0.5208333333332985100 ) ) ;
#1763 = CARTESIAN_POINT ( 'NONE',  ( 0.0000000000000000000, 1.021650635094610800, -0.2625000000000313700 ) ) ;
#1764 = PERSON_AND_ORGANIZATION ( #666, #1487 ) ;
#1765 = DIRECTION ( 'NONE',  ( 0.0000000000000000000, 0.7071067811865499000, -0.7071067811865452400 ) ) ;
#1766 = CARTESIAN_POINT ( 'NONE',  ( 1.154700538379252600, -2.121150477449814600E-016, -0.7999999999999672900 ) ) ;
#1767 = CYLINDRICAL_SURFACE ( 'NONE', #2222, 1.000000000000000700 ) ;
#1768 = CARTESIAN_POINT ( 'NONE',  ( -0.5773502691896260600, 1.000000000000000700, 0.1333333333333660600 ) ) ;
#1769 = CARTESIAN_POINT ( 'NONE',  ( -0.4273502691896256500, 0.7401923788646683800, -1.266666666666665100 ) ) ;
#1770 = EDGE_CURVE ( 'NONE', #1375, #1512, #1728, .T. ) ;
#1771 = AXIS2_PLACEMENT_3D ( 'NONE', #2853, #3127, #1931 ) ;
#1772 = CARTESIAN_POINT ( 'NONE',  ( -0.4273502691896259300, -0.7401923788646681500, -0.6833333333333301300 ) ) ;
#1773 = CARTESIAN_POINT ( 'NONE',  ( 0.6410254037844388400, 0.3700961894323336300, 1.483333333333336500 ) ) ;
#1774 = DIRECTION ( 'NONE',  ( -0.0000000000000000000, 7.509974297776586600E-057, -1.000000000000000000 ) ) ;
#1775 = CARTESIAN_POINT ( 'NONE',  ( -1.179700538379251400, 7.223582441392798400E-017, -0.5874999999999652700 ) ) ;
#1776 = CARTESIAN_POINT ( 'NONE',  ( 0.8847754037844388600, 0.5108253175473046500, -0.7291666666666982700 ) ) ;
#1777 = CARTESIAN_POINT ( 'NONE',  ( -0.6410254037844386200, -0.3700961894323340200, -3.166666666666664700 ) ) ;
#1778 = CARTESIAN_POINT ( 'NONE',  ( 0.5773502691896267300, 1.000000000000000200, -0.7333333333333005300 ) ) ;
#1779 = CARTESIAN_POINT ( 'NONE',  ( 0.4273502691896254900, -0.7401923788646686000, -1.066666666666665100 ) ) ;
#1780 = CARTESIAN_POINT ( 'NONE',  ( 0.6410254037844388400, 0.3700961894323336300, -0.5166666666666635000 ) ) ;
#1781 = CARTESIAN_POINT ( 'NONE',  ( 0.0000000000000000000, 1.000000000000000700, -3.499999999999997800 ) ) ;
#1782 = CARTESIAN_POINT ( 'NONE',  ( 0.5898502691896252400, -1.021650635094611100, -0.05416666666663207800 ) ) ;
#1783 = CARTESIAN_POINT ( 'NONE',  ( 0.8847754037844388600, 0.5108253175473046500, -1.129166666666698400 ) ) ;
#1784 = CIRCLE ( 'NONE', #139, 1.899999999999999900 ) ;
#1785 = AXIS2_PLACEMENT_3D ( 'NONE', #2284, #2037, #1535 ) ;
#1786 = CARTESIAN_POINT ( 'NONE',  ( 0.8547005383792513100, -1.570059417833504600E-016, -2.149999999999996800 ) ) ;
#1787 = VERTEX_POINT ( 'NONE', #2809 ) ;
#1788 = CARTESIAN_POINT ( 'NONE',  ( -0.4273502691896256500, 0.7401923788646683800, -1.666666666666665000 ) ) ;
#1789 = ORIENTED_EDGE ( 'NONE', *, *, #2266, .T. ) ;
#1790 = VECTOR ( 'NONE', #65, 1000.000000000000000 ) ;
#1791 = CARTESIAN_POINT ( 'NONE',  ( 0.6410254037844384000, -0.3700961894323345200, -0.6333333333333316400 ) ) ;
#1792 = ORIENTED_EDGE ( 'NONE', *, *, #985, .T. ) ;
#1793 = ORIENTED_EDGE ( 'NONE', *, *, #2352, .F. ) ;
#1794 = CARTESIAN_POINT ( 'NONE',  ( 1.224646799147354200E-016, -1.000000000000000700, -3.499999999999997800 ) ) ;
#1795 = CARTESIAN_POINT ( 'NONE',  ( -1.179700538379251400, 7.223582441392798400E-017, 0.2125000000000346900 ) ) ;
#1796 = CARTESIAN_POINT ( 'NONE',  ( 0.8847754037844388600, 0.5108253175473046500, 0.4708333333333014100 ) ) ;
#1797 = ORIENTED_EDGE ( 'NONE', *, *, #1029, .F. ) ;
#1798 = CARTESIAN_POINT ( 'NONE',  ( -9.064742275298811100E-017, -0.7401923788646683800, -1.899999999999998400 ) ) ;
#1799 = CARTESIAN_POINT ( 'NONE',  ( -0.6410254037844385100, 0.3700961894323343000, -2.433333333333331800 ) ) ;
#1800 = CARTESIAN_POINT ( 'NONE',  ( -0.9309773090682665900, 1.140118381629268700E-016, 3.499999999999998700 ) ) ;
#1801 = CARTESIAN_POINT ( 'NONE',  ( -0.6410254037844385100, 0.3700961894323343000, -0.4333333333333315700 ) ) ;
#1802 = VECTOR ( 'NONE', #350, 1000.000000000000000 ) ;
#1803 = CARTESIAN_POINT ( 'NONE',  ( -1.224646799147354200E-016, -1.000000000000000700, 0.3499999999999710600 ) ) ;
#1804 = CARTESIAN_POINT ( 'NONE',  ( 0.0000000000000000000, 1.021650635094610800, 0.9125000000000348400 ) ) ;
#1805 = CARTESIAN_POINT ( 'NONE',  ( -0.5773502691896264000, -1.000000000000000400, -0.9333333333333007100 ) ) ;
#1806 = CARTESIAN_POINT ( 'NONE',  ( 0.4273502691896254900, -0.7401923788646686000, -2.216666666666663700 ) ) ;
#1807 = CARTESIAN_POINT ( 'NONE',  ( -0.6410254037844385100, 0.3700961894323343000, -2.833333333333331700 ) ) ;
#1808 = CARTESIAN_POINT ( 'NONE',  ( 0.0000000000000000000, 0.7401923788646683800, -0.4999999999999982800 ) ) ;
#1809 = CARTESIAN_POINT ( 'NONE',  ( 0.0000000000000000000, 5.256982008443607300E-056, -3.499999999999997800 ) ) ;
#1810 = CARTESIAN_POINT ( 'NONE',  ( 0.8547005383792514200, -1.570059417833504600E-016, -0.9999999999999982200 ) ) ;
#1811 = CARTESIAN_POINT ( 'NONE',  ( -0.6410254037844386200, -0.3700961894323340200, -1.516666666666663500 ) ) ;
#1812 = EDGE_CURVE ( 'NONE', #903, #1095, #439, .T. ) ;
#1813 = CARTESIAN_POINT ( 'NONE',  ( 0.0000000000000000000, 5.256982008443607300E-056, -3.499999999999997800 ) ) ;
#1814 = CARTESIAN_POINT ( 'NONE',  ( -1.251161180115475900E-016, -1.021650635094610800, 0.7125000000000351100 ) ) ;
#1815 = CARTESIAN_POINT ( 'NONE',  ( 1.179700538379251400, -2.167074732417838900E-016, 1.237499999999968700 ) ) ;
#1816 = CARTESIAN_POINT ( 'NONE',  ( -0.4273502691896259900, -0.7401923788646680400, -1.933333333333331600 ) ) ;
#1817 = CARTESIAN_POINT ( 'NONE',  ( -0.4273502691896256000, 0.7401923788646683800, -1.266666666666665100 ) ) ;
#1818 = ADVANCED_FACE ( 'NONE', ( #1626 ), #1344, .F. ) ;
#1819 = CARTESIAN_POINT ( 'NONE',  ( 0.4273502691896254900, -0.7401923788646686000, 0.5333333333333353200 ) ) ;
#1820 = CARTESIAN_POINT ( 'NONE',  ( 0.6410254037844384000, -0.3700961894323345200, -1.383333333333330200 ) ) ;
#1821 = VECTOR ( 'NONE', #1142, 1000.000000000000000 ) ;
#1822 = CARTESIAN_POINT ( 'NONE',  ( 2.265596578422603100E-016, -1.800000000000000000, 3.499999999999999600 ) ) ;
#1823 = VECTOR ( 'NONE', #954, 1000.000000000000000 ) ;
#1824 = CARTESIAN_POINT ( 'NONE',  ( 0.0000000000000000000, 1.021650635094610800, 1.712500000000035200 ) ) ;
#1825 = CARTESIAN_POINT ( 'NONE',  ( 0.8847754037844383100, -0.5108253175473058700, 1.204166666666635500 ) ) ;
#1826 = AXIS2_PLACEMENT_3D ( 'NONE', #2739, #1238, #2488 ) ;
#1827 = ORIENTED_EDGE ( 'NONE', *, *, #2504, .T. ) ;
#1828 = CARTESIAN_POINT ( 'NONE',  ( 0.6410254037844384000, -0.3700961894323345200, -2.183333333333330500 ) ) ;
#1829 = FACE_OUTER_BOUND ( 'NONE', #3090, .T. ) ;
#1830 = CARTESIAN_POINT ( 'NONE',  ( -0.4273502691896256500, 0.7401923788646683800, -2.466666666666664600 ) ) ;
#1831 = ORIENTED_EDGE ( 'NONE', *, *, #347, .F. ) ;
#1832 = CARTESIAN_POINT ( 'NONE',  ( 0.8547005383792513100, -1.570059417833504600E-016, -1.399999999999998800 ) ) ;
#1833 = ORIENTED_EDGE ( 'NONE', *, *, #1916, .F. ) ;
#1834 =( BOUNDED_CURVE ( )  B_SPLINE_CURVE ( 2, ( #1983, #2715, #2459, #2228, #1247, #1738, #755 ),
 .UNSPECIFIED., .F., .T. ) 
 B_SPLINE_CURVE_WITH_KNOTS ( ( 3, 2, 2, 3 ),
 ( 0.6428571428571427900, 0.6547619047619047700, 0.6666666666666667400, 0.6785714285714286000 ),
 .UNSPECIFIED. ) 
 CURVE ( )  GEOMETRIC_REPRESENTATION_ITEM ( )  RATIONAL_B_SPLINE_CURVE ( ( 1.000000000000000000, 0.8660254037844387100, 1.000000000000000000, 0.8660254037844387100, 1.000000000000000000, 0.8660254037844387100, 1.000000000000000000 ) ) 
 REPRESENTATION_ITEM ( '' )  );
#1835 = CARTESIAN_POINT ( 'NONE',  ( -0.7499999999999963400, 0.4330127018922166300, 2.499999999999999600 ) ) ;
#1836 = CARTESIAN_POINT ( 'NONE',  ( -0.4273502691896259900, -0.7401923788646680400, 0.06666666666666842800 ) ) ;
#1837 = AXIS2_PLACEMENT_3D ( 'NONE', #1525, #2038, #3037 ) ;
#1838 = ORIENTED_EDGE ( 'NONE', *, *, #2406, .F. ) ;
#1839 = ADVANCED_FACE ( 'NONE', ( #588 ), #818, .F. ) ;
#1840 = CARTESIAN_POINT ( 'NONE',  ( 0.1622252560040582700, -0.9867537516089915900, -3.240192378864666300 ) ) ;
#1841 = CARTESIAN_POINT ( 'NONE',  ( -1.224646799147354200E-016, -1.000000000000000700, -2.099999999999967200 ) ) ;
#1842 = CARTESIAN_POINT ( 'NONE',  ( 0.8847754037844383100, -0.5108253175473058700, 0.3791666666667012400 ) ) ;
#1843 = CARTESIAN_POINT ( 'NONE',  ( 0.5898502691896262400, 1.021650635094610400, 0.9041666666666357000 ) ) ;
#1844 = DIRECTION ( 'NONE',  ( 0.0000000000000000000, 1.000000000000000000, 0.0000000000000000000 ) ) ;
#1845 = CARTESIAN_POINT ( 'NONE',  ( -9.064742275298811100E-017, -0.7401923788646683800, 0.5000000000000022200 ) ) ;
#1846 = CARTESIAN_POINT ( 'NONE',  ( 0.8547005383792513100, -1.570059417833504600E-016, -2.199999999999998400 ) ) ;
#1847 = CARTESIAN_POINT ( 'NONE',  ( 0.6410254037844388400, 0.3700961894323336300, -0.9166666666666637400 ) ) ;
#1848 = CALENDAR_DATE ( 2023, 11, 1 ) ;
#1849 = CARTESIAN_POINT ( 'NONE',  ( 0.4273502691896254900, -0.7401923788646686000, 1.333333333333334600 ) ) ;
#1850 = FACE_BOUND ( 'NONE', #1295, .T. ) ;
#1851 = EDGE_CURVE ( 'NONE', #2512, #1588, #202, .T. ) ;
#1852 = CARTESIAN_POINT ( 'NONE',  ( -0.5186004454877136700, -0.5281461309801305200, 1.249999999999997100 ) ) ;
#1853 = CARTESIAN_POINT ( 'NONE',  ( 0.8660254037844389300, -0.5000000000000007800, 0.4166666666666372600 ) ) ;
#1854 = CARTESIAN_POINT ( 'NONE',  ( 1.179700538379251400, -2.167074732417838900E-016, 0.8125000000000345300 ) ) ;
#1855 = CARTESIAN_POINT ( 'NONE',  ( 0.6410254037844384000, -0.3700961894323345200, -2.633333333333331500 ) ) ;
#1856 = CARTESIAN_POINT ( 'NONE',  ( 0.8660254037844389300, -0.5000000000000007800, -2.833333333333300600 ) ) ;
#1857 = CARTESIAN_POINT ( 'NONE',  ( -0.6410254037844386200, -0.3700961894323340200, 0.4333333333333350700 ) ) ;
#1858 = CARTESIAN_POINT ( 'NONE',  ( 0.6410254037844388400, 0.3700961894323336300, -0.9666666666666651200 ) ) ;
#1859 = ADVANCED_FACE ( 'NONE', ( #661 ), #326, .T. ) ;
#1860 = CARTESIAN_POINT ( 'NONE',  ( 0.8547005383792514200, -1.570059417833504600E-016, -1.749999999999997100 ) ) ;
#1861 = CARTESIAN_POINT ( 'NONE',  ( -0.8660254037844391500, 0.5000000000000004400, 0.6166666666666369400 ) ) ;
#1862 = ORIENTED_EDGE ( 'NONE', *, *, #1737, .T. ) ;
#1863 = CARTESIAN_POINT ( 'NONE',  ( 0.4273502691896261500, 0.7401923788646680400, -0.1333333333333316700 ) ) ;
#1864 = EDGE_CURVE ( 'NONE', #1512, #1289, #494, .T. ) ;
#1865 = CARTESIAN_POINT ( 'NONE',  ( 0.0000000000000000000, 1.000000000000000700, -0.2500000000000292500 ) ) ;
#1866 = CARTESIAN_POINT ( 'NONE',  ( 2.272506612639041600E-011, 0.8669872981068111900, -3.373205080757854200 ) ) ;
#1867 = CARTESIAN_POINT ( 'NONE',  ( -0.4273502691896259900, -0.7401923788646680400, -2.683333333333330000 ) ) ;
#1868 = CARTESIAN_POINT ( 'NONE',  ( -0.8547005383792514200, 5.233531392778349000E-017, 1.650000000000003000 ) ) ;
#1869 = ORIENTED_EDGE ( 'NONE', *, *, #2036, .T. ) ;
#1870 = CARTESIAN_POINT ( 'NONE',  ( -9.064742275298811100E-017, -0.7401923788646683800, -0.6499999999999969100 ) ) ;
#1871 = FACE_OUTER_BOUND ( 'NONE', #1369, .T. ) ;
#1872 = VERTEX_POINT ( 'NONE', #323 ) ;
#1873 = DIRECTION ( 'NONE',  ( -0.0000000000000000000, 7.509974297776586600E-057, -1.000000000000000000 ) ) ;
#1874 = CARTESIAN_POINT ( 'NONE',  ( 0.0000000000000000000, 0.7401923788646683800, 1.500000000000002200 ) ) ;
#1875 = ORIENTED_EDGE ( 'NONE', *, *, #2514, .F. ) ;
#1876 = ORIENTED_EDGE ( 'NONE', *, *, #1751, .T. ) ;
#1877 = CARTESIAN_POINT ( 'NONE',  ( 0.0000000000000000000, 0.7401923788646683800, -2.899999999999998600 ) ) ;
#1878 = ORIENTED_EDGE ( 'NONE', *, *, #199, .F. ) ;
#1879 =( BOUNDED_CURVE ( )  B_SPLINE_CURVE ( 1, ( #402, #2607 ),
 .UNSPECIFIED., .F., .T. ) 
 B_SPLINE_CURVE_WITH_KNOTS ( ( 2, 2 ),
 ( 3.000000001643728800E-005, 0.0003300000000000302500 ),
 .UNSPECIFIED. ) 
 CURVE ( )  GEOMETRIC_REPRESENTATION_ITEM ( )  RATIONAL_B_SPLINE_CURVE ( ( 0.9330127018922193000, 0.9330127018922194100 ) ) 
 REPRESENTATION_ITEM ( '' )  );
#1880 = CARTESIAN_POINT ( 'NONE',  ( -9.064742275298811100E-017, -0.7401923788646683800, 0.1000000000000015600 ) ) ;
#1881 = CARTESIAN_POINT ( 'NONE',  ( -0.4273502691896256500, 0.7401923788646683800, -0.8166666666666634300 ) ) ;
#1882 = EDGE_LOOP ( 'NONE', ( #2474, #908, #1438, #1103 ) ) ;
#1883 = CARTESIAN_POINT ( 'NONE',  ( -0.4273502691896256000, 0.7401923788646683800, -0.01666666666666353000 ) ) ;
#1884 = CARTESIAN_POINT ( 'NONE',  ( 0.0000000000000000000, 1.000000000000000700, -1.499999999999967400 ) ) ;
#1885 = EDGE_CURVE ( 'NONE', #780, #825, #722, .T. ) ;
#1886 = PRODUCT_DEFINITION ( 'UNKNOWN', '', #2458, #3153 ) ;
#1887 = EDGE_LOOP ( 'NONE', ( #245, #708, #13, #2066 ) ) ;
#1888 = DIRECTION ( 'NONE',  ( -0.0000000000000000000, 7.509974297776586600E-057, -1.000000000000000000 ) ) ;
#1889 = PLANE ( 'NONE',  #1771 ) ;
#1890 = CYLINDRICAL_SURFACE ( 'NONE', #1554, 1.000000000000000700 ) ;
#1891 = CARTESIAN_POINT ( 'NONE',  ( 0.6410254037844384000, -0.3700961894323345200, -0.2333333333333314800 ) ) ;
#1892 = ADVANCED_FACE ( 'NONE', ( #2862 ), #2209, .T. ) ;
#1893 = CARTESIAN_POINT ( 'NONE',  ( -0.4273502691896256500, 0.7401923788646683800, -2.416666666666663400 ) ) ;
#1894 = CARTESIAN_POINT ( 'NONE',  ( -0.4273502691896259300, -0.7401923788646681500, 0.5166666666666696100 ) ) ;
#1895 = CARTESIAN_POINT ( 'NONE',  ( 1.197817546541295800E-011, -0.8584936490558308100, -3.381698729808836100 ) ) ;
#1896 = AXIS2_PLACEMENT_3D ( 'NONE', #2510, #826, #811 ) ;
#1897 = CARTESIAN_POINT ( 'NONE',  ( 0.1185178268629902800, -0.7975991045413150000, 3.372451086626318000 ) ) ;
#1898 = CARTESIAN_POINT ( 'NONE',  ( 0.4273502691896254900, -0.7401923788646686000, -3.016666666666663500 ) ) ;
#1899 = CARTESIAN_POINT ( 'NONE',  ( -0.8547005383792513100, 5.233531392778349000E-017, 0.4000000000000019100 ) ) ;
#1900 = CARTESIAN_POINT ( 'NONE',  ( -0.4273502691896259900, -0.7401923788646680400, 0.5166666666666696100 ) ) ;
#1901 = CARTESIAN_POINT ( 'NONE',  ( -9.064742275298811100E-017, -0.7401923788646683800, 0.9500000000000029500 ) ) ;
#1902 = CARTESIAN_POINT ( 'NONE',  ( 0.0000000000000000000, 1.501994859555315300E-056, 1.499999999999999600 ) ) ;
#1903 = ADVANCED_FACE ( 'NONE', ( #2286 ), #171, .T. ) ;
#1904 = CIRCLE ( 'NONE', #730, 1.899999999999999900 ) ;
#1905 = CARTESIAN_POINT ( 'NONE',  ( -0.5773502691896264000, -1.000000000000000400, 1.116666666666637400 ) ) ;
#1906 = CARTESIAN_POINT ( 'NONE',  ( 0.6410254037844384000, -0.3700961894323345200, -2.983333333333329800 ) ) ;
#1907 = CONICAL_SURFACE ( 'NONE', #2162, 0.7401923788646683800, 0.7853981633974453900 ) ;
#1908 = CYLINDRICAL_SURFACE ( 'NONE', #448, 1.000000000000000700 ) ;
#1909 = CARTESIAN_POINT ( 'NONE',  ( -0.4273502691896256000, 0.7401923788646683800, -0.06666666666666495900 ) ) ;
#1910 = CARTESIAN_POINT ( 'NONE',  ( 0.4273502691896261500, 0.7401923788646680400, 1.516666666666669900 ) ) ;
#1911 = CARTESIAN_POINT ( 'NONE',  ( -0.8547005383792514200, 5.233531392778349000E-017, 1.200000000000001500 ) ) ;
#1912 = VERTEX_POINT ( 'NONE', #634 ) ;
#1913 = CIRCLE ( 'NONE', #1614, 1.000000000000001300 ) ;
#1914 = CARTESIAN_POINT ( 'NONE',  ( -0.2426460913693778100, 0.7259336176145131400, 3.331350129109557700 ) ) ;
#1915 = CARTESIAN_POINT ( 'NONE',  ( -0.5773502691896264000, -1.000000000000000400, 0.6666666666666990500 ) ) ;
#1916 = EDGE_CURVE ( 'NONE', #1177, #2371, #1401, .T. ) ;
#1917 = ORIENTED_EDGE ( 'NONE', *, *, #3065, .F. ) ;
#1918 = ORIENTED_EDGE ( 'NONE', *, *, #2046, .T. ) ;
#1919 =( BOUNDED_CURVE ( )  B_SPLINE_CURVE ( 2, ( #1884, #2160, #2136, #2882, #2170, #424, #650 ),
 .UNSPECIFIED., .F., .T. ) 
 B_SPLINE_CURVE_WITH_KNOTS ( ( 3, 2, 2, 3 ),
 ( 0.3571428571428571500, 0.3690476190476190700, 0.3809523809523809300, 0.3928571428571428500 ),
 .UNSPECIFIED. ) 
 CURVE ( )  GEOMETRIC_REPRESENTATION_ITEM ( )  RATIONAL_B_SPLINE_CURVE ( ( 1.000000000000000000, 0.8660254037844387100, 1.000000000000000000, 0.8660254037844387100, 1.000000000000000000, 0.8660254037844387100, 1.000000000000000000 ) ) 
 REPRESENTATION_ITEM ( '' )  );
#1920 = AXIS2_PLACEMENT_3D ( 'NONE', #2436, #2928, #3151 ) ;
#1921 = CARTESIAN_POINT ( 'NONE',  ( -0.4273502691896256000, 0.7401923788646683800, -2.816666666666663300 ) ) ;
#1922 = CARTESIAN_POINT ( 'NONE',  ( -0.9047498708602922400, -0.2942956329426913400, -3.296600203929265700 ) ) ;
#1923 = CARTESIAN_POINT ( 'NONE',  ( 0.6410254037844384000, -0.3700961894323345200, 0.2166666666666697000 ) ) ;
#1924 = CARTESIAN_POINT ( 'NONE',  ( -0.6410254037844385100, 0.3700961894323343000, 0.7666666666666680500 ) ) ;
#1925 = CARTESIAN_POINT ( 'NONE',  ( 0.6410254037844388400, 0.3700961894323336300, -0.1166666666666633700 ) ) ;
#1926 = DIRECTION ( 'NONE',  ( 0.0000000000000000000, 1.000000000000000000, 0.0000000000000000000 ) ) ;
#1927 = EDGE_CURVE ( 'NONE', #1018, #1255, #1879, .T. ) ;
#1928 = PERSON_AND_ORGANIZATION ( #666, #1487 ) ;
#1929 = DIRECTION ( 'NONE',  ( -0.0000000000000000000, 7.509974297776586600E-057, -1.000000000000000000 ) ) ;
#1930 = CARTESIAN_POINT ( 'NONE',  ( -0.4273502691896256500, 0.7401923788646683800, -3.616666666666663600 ) ) ;
#1931 = DIRECTION ( 'NONE',  ( 0.0000000000000000000, -1.000000000000000000, -7.509974297776586600E-057 ) ) ;
#1932 = CARTESIAN_POINT ( 'NONE',  ( 0.8660254037844397100, 0.4999999999999995600, -1.116666666666696500 ) ) ;
#1933 = CARTESIAN_POINT ( 'NONE',  ( 0.8547005383792514200, -1.570059417833504600E-016, 0.2500000000000032200 ) ) ;
#1934 = CARTESIAN_POINT ( 'NONE',  ( -0.6410254037844385100, 0.3700961894323343000, 0.3666666666666688100 ) ) ;
#1935 =( BOUNDED_CURVE ( )  B_SPLINE_CURVE ( 2, ( #41, #1466, #1252, #2979, #521, #2252, #1326 ),
 .UNSPECIFIED., .F., .T. ) 
 B_SPLINE_CURVE_WITH_KNOTS ( ( 3, 2, 2, 3 ),
 ( 0.1428571428571428500, 0.1547619047619047700, 0.1666666666666666600, 0.1785714285714285800 ),
 .UNSPECIFIED. ) 
 CURVE ( )  GEOMETRIC_REPRESENTATION_ITEM ( )  RATIONAL_B_SPLINE_CURVE ( ( 1.000000000000000000, 0.8660254037844387100, 1.000000000000000000, 0.8660254037844387100, 1.000000000000000000, 0.8660254037844387100, 1.000000000000000000 ) ) 
 REPRESENTATION_ITEM ( '' )  );
#1936 = DIRECTION ( 'NONE',  ( 0.0000000000000000000, 1.000000000000000000, 0.0000000000000000000 ) ) ;
#1937 = DIRECTION ( 'NONE',  ( -0.0000000000000000000, 7.509974297776586600E-057, -1.000000000000000000 ) ) ;
#1938 = CARTESIAN_POINT ( 'NONE',  ( 1.154700538379252600, -2.121150477449814600E-016, -1.150000000000029400 ) ) ;
#1939 = CARTESIAN_POINT ( 'NONE',  ( 0.8547005383792514200, -1.570059417833504600E-016, 1.450000000000003500 ) ) ;
#1940 = CARTESIAN_POINT ( 'NONE',  ( -0.8847754037844384200, 0.5108253175473055400, -3.795833333333364900 ) ) ;
#1941 = APPROVAL ( #1074, 'UNSPECIFIED' ) ;
#1942 = CARTESIAN_POINT ( 'NONE',  ( -0.1178881900928732300, -0.7979626255000354900, 3.366985316430567200 ) ) ;
#1943 = CARTESIAN_POINT ( 'NONE',  ( 0.8660254037844389300, -0.5000000000000007800, -0.4333333333333006500 ) ) ;
#1944 = CARTESIAN_POINT ( 'NONE',  ( -1.224646799147354200E-016, -1.000000000000000700, 1.100000000000032300 ) ) ;
#1945 = LINE ( 'NONE', #408, #1503 ) ;
#1946 = ORIENTED_EDGE ( 'NONE', *, *, #3185, .T. ) ;
#1947 = ORIENTED_EDGE ( 'NONE', *, *, #2964, .F. ) ;
#1948 = CARTESIAN_POINT ( 'NONE',  ( 0.0000000000000000000, 0.7401923788646683800, -2.449999999999997100 ) ) ;
#1949 = CARTESIAN_POINT ( 'NONE',  ( 0.0000000000000000000, 5.256982008443607300E-056, -3.499999999999997800 ) ) ;
#1950 = LINE ( 'NONE', #995, #897 ) ;
#1951 = ORIENTED_EDGE ( 'NONE', *, *, #316, .T. ) ;
#1952 = CARTESIAN_POINT ( 'NONE',  ( -0.5898502691896260200, -1.021650635094610600, -3.320833333333299100 ) ) ;
#1953 = CARTESIAN_POINT ( 'NONE',  ( -0.8847754037844385300, -0.5108253175473052000, -2.129166666666698400 ) ) ;
#1954 = VERTEX_POINT ( 'NONE', #462 ) ;
#1955 = CARTESIAN_POINT ( 'NONE',  ( 1.224646799147354200E-016, -1.000000000000000700, -3.499999999999997800 ) ) ;
#1956 = CARTESIAN_POINT ( 'NONE',  ( 1.154700538379252600, -2.121150477449814600E-016, 1.249999999999970900 ) ) ;
#1957 = AXIS2_PLACEMENT_3D ( 'NONE', #1091, #795, #1296 ) ;
#1958 = ORIENTED_EDGE ( 'NONE', *, *, #914, .F. ) ;
#1959 = CARTESIAN_POINT ( 'NONE',  ( 0.8547005383792514200, -1.570059417833504600E-016, -1.349999999999997000 ) ) ;
#1960 = CARTESIAN_POINT ( 'NONE',  ( 0.0000000000000000000, 1.501994859555315300E-056, 1.499999999999999600 ) ) ;
#1961 = CARTESIAN_POINT ( 'NONE',  ( -0.5898502691896255800, 1.021650635094610800, -3.029166666666698300 ) ) ;
#1962 = CIRCLE ( 'NONE', #2941, 1.800000000000000000 ) ;
#1963 = CARTESIAN_POINT ( 'NONE',  ( 0.5773502691896257300, -1.000000000000001100, -0.4666666666666337600 ) ) ;
#1964 = CARTESIAN_POINT ( 'NONE',  ( 0.5773502691896257300, -1.000000000000001100, -2.816666666666696600 ) ) ;
#1965 = DIRECTION ( 'NONE',  ( 0.0000000000000000000, 1.000000000000000000, 0.0000000000000000000 ) ) ;
#1966 = CARTESIAN_POINT ( 'NONE',  ( 0.0000000000000000000, 0.7401923788646683800, -2.049999999999997200 ) ) ;
#1967 = CARTESIAN_POINT ( 'NONE',  ( -0.5773502691896264000, -1.000000000000000400, -2.133333333333300900 ) ) ;
#1968 = PLANE ( 'NONE',  #2646 ) ;
#1969 = CARTESIAN_POINT ( 'NONE',  ( 0.0000000000000000000, 1.021650635094610800, -3.062500000000032000 ) ) ;
#1970 = EDGE_CURVE ( 'NONE', #1330, #780, #1093, .T. ) ;
#1971 = CARTESIAN_POINT ( 'NONE',  ( 0.0000000000000000000, 1.000000000000000700, -0.2500000000000292500 ) ) ;
#1972 =( BOUNDED_CURVE ( )  B_SPLINE_CURVE ( 2, ( #2204, #1963, #1943, #1708, #1440, #2423, #1190 ),
 .UNSPECIFIED., .F., .T. ) 
 B_SPLINE_CURVE_WITH_KNOTS ( ( 3, 2, 2, 3 ),
 ( 0.5357142857142857000, 0.5476190476190476700, 0.5595238095238095300, 0.5714285714285714000 ),
 .UNSPECIFIED. ) 
 CURVE ( )  GEOMETRIC_REPRESENTATION_ITEM ( )  RATIONAL_B_SPLINE_CURVE ( ( 1.000000000000000000, 0.8660254037844387100, 1.000000000000000000, 0.8660254037844387100, 1.000000000000000000, 0.8660254037844387100, 1.000000000000000000 ) ) 
 REPRESENTATION_ITEM ( '' )  );
#1973 = DIRECTION ( 'NONE',  ( -0.0000000000000000000, 7.509974297776586600E-057, -1.000000000000000000 ) ) ;
#1974 = CARTESIAN_POINT ( 'NONE',  ( -0.8660254037844391500, 0.5000000000000004400, -0.9833333333333629200 ) ) ;
#1975 = CARTESIAN_POINT ( 'NONE',  ( 0.4273502691896254900, -0.7401923788646686000, -2.216666666666663700 ) ) ;
#1976 = LINE ( 'NONE', #741, #1667 ) ;
#1977 = CARTESIAN_POINT ( 'NONE',  ( -0.5773502691896260600, 1.000000000000000700, -0.6166666666666963400 ) ) ;
#1978 = CARTESIAN_POINT ( 'NONE',  ( -0.5898502691896260200, -1.021650635094610600, -2.520833333333298400 ) ) ;
#1979 = CARTESIAN_POINT ( 'NONE',  ( -1.179700538379251400, 7.223582441392798400E-017, -3.362500000000032200 ) ) ;
#1980 = EDGE_CURVE ( 'NONE', #1954, #3134, #2968, .T. ) ;
#1981 = ORIENTED_EDGE ( 'NONE', *, *, #1314, .F. ) ;
#1982 = CC_DESIGN_PERSON_AND_ORGANIZATION_ASSIGNMENT ( #2340, #110, ( #1752 ) ) ;
#1983 = CARTESIAN_POINT ( 'NONE',  ( -1.224646799147354200E-016, -1.000000000000000700, -2.050000000000029100 ) ) ;
#1984 = FACE_OUTER_BOUND ( 'NONE', #3003, .T. ) ;
#1985 = CARTESIAN_POINT ( 'NONE',  ( -9.064742275298811100E-017, -0.7401923788646683800, -3.099999999999998800 ) ) ;
#1986 = CARTESIAN_POINT ( 'NONE',  ( -1.224646799147354200E-016, -1.000000000000000700, -2.099999999999967200 ) ) ;
#1987 = ORIENTED_EDGE ( 'NONE', *, *, #2618, .F. ) ;
#1988 = CARTESIAN_POINT ( 'NONE',  ( -0.4273502691896256000, 0.7401923788646683800, -0.4166666666666636900 ) ) ;
#1989 = VECTOR ( 'NONE', #1545, 1000.000000000000000 ) ;
#1990 = CARTESIAN_POINT ( 'NONE',  ( 0.7499999999999996700, 0.4330127018922162500, 3.435048094716169200 ) ) ;
#1991 = CARTESIAN_POINT ( 'NONE',  ( 0.8547005383792514200, -1.570059417833504600E-016, -2.949999999999997100 ) ) ;
#1992 = ORIENTED_EDGE ( 'NONE', *, *, #1634, .T. ) ;
#1993 = EDGE_LOOP ( 'NONE', ( #2073, #2182, #1792, #2254 ) ) ;
#1994 = CARTESIAN_POINT ( 'NONE',  ( 0.8547005383792514200, -1.570059417833504600E-016, 0.2500000000000032200 ) ) ;
#1995 = CARTESIAN_POINT ( 'NONE',  ( 0.0000000000000000000, 1.000000000000000700, -0.6500000000000294400 ) ) ;
#1996 = CARTESIAN_POINT ( 'NONE',  ( -0.8847754037844384200, 0.5108253175473055400, -3.420833333333298800 ) ) ;
#1997 = CARTESIAN_POINT ( 'NONE',  ( 1.179700538379251400, -2.167074732417838900E-016, -1.962500000000032100 ) ) ;
#1998 = DIRECTION ( 'NONE',  ( 0.0000000000000000000, -0.8660254037844362700, 0.5000000000000041100 ) ) ;
#1999 = ORIENTED_EDGE ( 'NONE', *, *, #1029, .T. ) ;
#2000 = CARTESIAN_POINT ( 'NONE',  ( -1.154700538379252600, 7.070501591499384000E-017, -0.9500000000000293800 ) ) ;
#2001 = CARTESIAN_POINT ( 'NONE',  ( -0.8660254037844391500, 0.5000000000000004400, 0.1666666666666996000 ) ) ;
#2002 = LOCAL_TIME ( 11, 16, 43.00000000000000000, #2644 ) ;
#2003 = CARTESIAN_POINT ( 'NONE',  ( -0.6410254037844385100, 0.3700961894323343000, -1.183333333333330000 ) ) ;
#2004 = VECTOR ( 'NONE', #2892, 1000.000000000000000 ) ;
#2005 = AXIS2_PLACEMENT_3D ( 'NONE', #1592, #2319, #2580 ) ;
#2006 = CARTESIAN_POINT ( 'NONE',  ( 0.6410254037844384000, -0.3700961894323345200, -0.9833333333333299500 ) ) ;
#2007 = CARTESIAN_POINT ( 'NONE',  ( -0.8547005383792513100, 5.233531392778349000E-017, -1.549999999999996900 ) ) ;
#2008 = CARTESIAN_POINT ( 'NONE',  ( -9.064742275298811100E-017, -0.7401923788646683800, -0.2499999999999967500 ) ) ;
#2009 = CARTESIAN_POINT ( 'NONE',  ( 0.4342597537232780700, 0.8305293991161556400, 1.359766853882368400 ) ) ;
#2010 = CARTESIAN_POINT ( 'NONE',  ( 0.8847754037844388600, 0.5108253175473046500, -1.154166666666631900 ) ) ;
#2011 = CARTESIAN_POINT ( 'NONE',  ( -0.5898502691896260200, -1.021650635094610600, -0.4958333333333650500 ) ) ;
#2012 = CARTESIAN_POINT ( 'NONE',  ( -0.4273502691896259900, -0.7401923788646680400, -3.133333333333332000 ) ) ;
#2013 = CARTESIAN_POINT ( 'NONE',  ( -0.6410254037844385100, 0.3700961894323343000, -3.233333333333332100 ) ) ;
#2014 = DIRECTION ( 'NONE',  ( -0.0000000000000000000, 7.509974297776586600E-057, -1.000000000000000000 ) ) ;
#2015 = CARTESIAN_POINT ( 'NONE',  ( 0.6410254037844384000, -0.3700961894323345200, -0.9833333333333299500 ) ) ;
#2016 = CARTESIAN_POINT ( 'NONE',  ( -9.064742275298811100E-017, -0.7401923788646683800, 1.350000000000003200 ) ) ;
#2017 = CARTESIAN_POINT ( 'NONE',  ( 1.179700538379251400, -2.167074732417838900E-016, -1.587499999999965300 ) ) ;
#2018 = CARTESIAN_POINT ( 'NONE',  ( -0.8847754037844384200, 0.5108253175473055400, -0.1958333333333646700 ) ) ;
#2019 = EDGE_CURVE ( 'NONE', #369, #2977, #1196, .T. ) ;
#2020 = CARTESIAN_POINT ( 'NONE',  ( 0.4273502691896254900, -0.7401923788646686000, -3.466666666666665500 ) ) ;
#2021 = CARTESIAN_POINT ( 'NONE',  ( 0.4273502691896254900, -0.7401923788646686000, -3.466666666666665000 ) ) ;
#2022 = CARTESIAN_POINT ( 'NONE',  ( 1.154700538379252600, -2.121150477449814600E-016, 3.265382499572838500E-014 ) ) ;
#2023 = CARTESIAN_POINT ( 'NONE',  ( -0.6410254037844386200, -0.3700961894323340200, -1.966666666666665200 ) ) ;
#2024 = FACE_OUTER_BOUND ( 'NONE', #3130, .T. ) ;
#2025 = ORIENTED_EDGE ( 'NONE', *, *, #864, .T. ) ;
#2026 = ORIENTED_EDGE ( 'NONE', *, *, #1352, .F. ) ;
#2027 = CARTESIAN_POINT ( 'NONE',  ( 0.8547005383792514200, -1.570059417833504600E-016, 1.050000000000003200 ) ) ;
#2028 = CARTESIAN_POINT ( 'NONE',  ( -0.5898502691896255800, 1.021650635094610800, -0.2541666666666321800 ) ) ;
#2029 = CARTESIAN_POINT ( 'NONE',  ( 0.0000000000000000000, 1.021650635094610800, -0.6625000000000315100 ) ) ;
#2030 = EDGE_CURVE ( 'NONE', #2548, #289, #2164, .T. ) ;
#2031 = VERTEX_POINT ( 'NONE', #949 ) ;
#2032 = CARTESIAN_POINT ( 'NONE',  ( 0.6410254037844384000, -0.3700961894323345200, -2.633333333333331500 ) ) ;
#2033 = ORIENTED_EDGE ( 'NONE', *, *, #1885, .T. ) ;
#2034 = CARTESIAN_POINT ( 'NONE',  ( 0.0000000000000000000, 0.7401923788646683800, -2.099999999999998800 ) ) ;
#2035 =( BOUNDED_CURVE ( )  B_SPLINE_CURVE ( 2, ( #126, #363, #2116, #1637, #886, #399, #141 ),
 .UNSPECIFIED., .F., .T. ) 
 B_SPLINE_CURVE_WITH_KNOTS ( ( 3, 2, 2, 3 ),
 ( 0.7857142857142857000, 0.7976190476190476700, 0.8095238095238095300, 0.8214285714285714000 ),
 .UNSPECIFIED. ) 
 CURVE ( )  GEOMETRIC_REPRESENTATION_ITEM ( )  RATIONAL_B_SPLINE_CURVE ( ( 1.000000000000000000, 0.8660254037844387100, 1.000000000000000000, 0.8660254037844387100, 1.000000000000000000, 0.8660254037844387100, 1.000000000000000000 ) ) 
 REPRESENTATION_ITEM ( '' )  );
#2036 = EDGE_CURVE ( 'NONE', #1009, #2900, #2154, .T. ) ;
#2037 = DIRECTION ( 'NONE',  ( -0.0000000000000000000, 7.509974297776586600E-057, -1.000000000000000000 ) ) ;
#2038 = DIRECTION ( 'NONE',  ( 0.0000000000000000000, -1.224646799147350500E-016, 1.000000000000000000 ) ) ;
#2039 = CARTESIAN_POINT ( 'NONE',  ( 1.179700538379251400, -2.167074732417838900E-016, 0.01250000000003461900 ) ) ;
#2040 = CARTESIAN_POINT ( 'NONE',  ( -0.5898502691896260200, -1.021650635094610600, -1.695833333333365500 ) ) ;
#2041 = APPROVAL_DATE_TIME ( #2718, #1534 ) ;
#2042 = CARTESIAN_POINT ( 'NONE',  ( 0.4273502691896254900, -0.7401923788646686000, -2.266666666666664800 ) ) ;
#2043 = CARTESIAN_POINT ( 'NONE',  ( -0.4273502691896259300, -0.7401923788646681500, -3.133333333333331500 ) ) ;
#2044 = CIRCLE ( 'NONE', #1340, 0.9309773090682665900 ) ;
#2045 = CARTESIAN_POINT ( 'NONE',  ( 0.8547005383792514200, -1.570059417833504600E-016, -0.5999999999999980900 ) ) ;
#2046 = EDGE_CURVE ( 'NONE', #52, #178, #1526, .T. ) ;
#2047 = CARTESIAN_POINT ( 'NONE',  ( -2.168404344971008900E-016, 0.8660254037844341600, 2.499999999999999600 ) ) ;
#2048 = CARTESIAN_POINT ( 'NONE',  ( -0.5773502691896260600, 1.000000000000000700, 1.333333333333366300 ) ) ;
#2049 = CARTESIAN_POINT ( 'NONE',  ( 0.8847754037844388600, 0.5108253175473046500, -1.554166666666632100 ) ) ;
#2050 = CARTESIAN_POINT ( 'NONE',  ( 0.5898502691896252400, -1.021650635094611100, 1.170833333333301400 ) ) ;
#2051 = CARTESIAN_POINT ( 'NONE',  ( -0.6410254037844386200, -0.3700961894323340200, -0.7666666666666650500 ) ) ;
#2052 = DIRECTION ( 'NONE',  ( -0.0000000000000000000, 7.509974297776586600E-057, -1.000000000000000000 ) ) ;
#2053 = CARTESIAN_POINT ( 'NONE',  ( 0.0000000000000000000, 1.000000000000000700, -0.2999999999999672900 ) ) ;
#2054 = CARTESIAN_POINT ( 'NONE',  ( 0.8547005383792514200, -1.570059417833504600E-016, -2.199999999999998800 ) ) ;
#2055 = DIRECTION ( 'NONE',  ( 0.0000000000000000000, 1.000000000000000000, 0.0000000000000000000 ) ) ;
#2056 = CARTESIAN_POINT ( 'NONE',  ( -1.179700538379251400, 7.223582441392798400E-017, 1.412500000000034300 ) ) ;
#2057 = CARTESIAN_POINT ( 'NONE',  ( -1.179700538379251400, 7.223582441392798400E-017, 1.437499999999968200 ) ) ;
#2058 = TOROIDAL_SURFACE ( 'NONE', #1957, 1.100000000000001400, 0.1000000000000000500 ) ;
#2059 = CARTESIAN_POINT ( 'NONE',  ( -9.064742275298811100E-017, -0.7401923788646683800, -1.499999999999998200 ) ) ;
#2060 = CARTESIAN_POINT ( 'NONE',  ( -0.4273502691896256000, 0.7401923788646683800, -0.4666666666666651200 ) ) ;
#2061 = ORIENTED_EDGE ( 'NONE', *, *, #2406, .T. ) ;
#2062 = LINE ( 'NONE', #1586, #736 ) ;
#2063 = CYLINDRICAL_SURFACE ( 'NONE', #1640, 1.899999999999999900 ) ;
#2064 = CARTESIAN_POINT ( 'NONE',  ( 0.5773502691896257300, -1.000000000000001100, -0.06666666666663403900 ) ) ;
#2065 = CARTESIAN_POINT ( 'NONE',  ( -0.4273502691896256500, 0.7401923788646683800, -2.066666666666665100 ) ) ;
#2066 = ORIENTED_EDGE ( 'NONE', *, *, #2735, .T. ) ;
#2067 = ORIENTED_EDGE ( 'NONE', *, *, #2954, .F. ) ;
#2068 = CARTESIAN_POINT ( 'NONE',  ( -0.8547005383792513100, 5.233531392778349000E-017, -0.7499999999999967800 ) ) ;
#2069 = VERTEX_POINT ( 'NONE', #1001 ) ;
#2070 = CARTESIAN_POINT ( 'NONE',  ( 0.5773502691896257300, -1.000000000000001100, 0.7333333333333660300 ) ) ;
#2071 = CARTESIAN_POINT ( 'NONE',  ( -9.773698237423904300E-016, -0.8660254037844323800, 3.435048094716164800 ) ) ;
#2072 = CARTESIAN_POINT ( 'NONE',  ( -0.8547005383792514200, 5.233531392778349000E-017, -3.549999999999997200 ) ) ;
#2073 = ORIENTED_EDGE ( 'NONE', *, *, #2088, .F. ) ;
#2074 = CARTESIAN_POINT ( 'NONE',  ( -0.4273502691896259900, -0.7401923788646680400, -1.533333333333331900 ) ) ;
#2075 = CARTESIAN_POINT ( 'NONE',  ( -0.6410254037844386200, -0.3700961894323340200, -1.166666666666664700 ) ) ;
#2076 =( BOUNDED_CURVE ( )  B_SPLINE_CURVE ( 2, ( #1242, #2446, #286, #2961, #1734, #1977, #1995 ),
 .UNSPECIFIED., .F., .T. ) 
 B_SPLINE_CURVE_WITH_KNOTS ( ( 3, 2, 2, 3 ),
 ( 0.3571428571428572100, 0.3690476190476190700, 0.3809523809523809300, 0.3928571428571429000 ),
 .UNSPECIFIED. ) 
 CURVE ( )  GEOMETRIC_REPRESENTATION_ITEM ( )  RATIONAL_B_SPLINE_CURVE ( ( 1.000000000000000000, 0.8660254037844387100, 1.000000000000000000, 0.8660254037844387100, 1.000000000000000000, 0.8660254037844387100, 1.000000000000000000 ) ) 
 REPRESENTATION_ITEM ( '' )  );
#2077 = CARTESIAN_POINT ( 'NONE',  ( -0.6410254037844386200, -0.3700961894323340200, 0.8333333333333352600 ) ) ;
#2078 = EDGE_CURVE ( 'NONE', #981, #3080, #1744, .T. ) ;
#2079 = CARTESIAN_POINT ( 'NONE',  ( 1.224646799147354200E-016, -1.000000000000000700, -3.499999999999997800 ) ) ;
#2080 = DIRECTION ( 'NONE',  ( 0.0000000000000000000, -1.000000000000000000, 0.0000000000000000000 ) ) ;
#2081 = CARTESIAN_POINT ( 'NONE',  ( 1.179700538379251400, -2.167074732417838900E-016, 1.212500000000034800 ) ) ;
#2082 = CARTESIAN_POINT ( 'NONE',  ( 0.6410254037844388400, 0.3700961894323336300, -2.516666666666663500 ) ) ;
#2083 = CARTESIAN_POINT ( 'NONE',  ( 0.6410254037844384000, -0.3700961894323345200, -1.833333333333331700 ) ) ;
#2084 = CARTESIAN_POINT ( 'NONE',  ( 0.6410254037844388400, 0.3700961894323336300, -1.366666666666664900 ) ) ;
#2085 = AXIS2_PLACEMENT_3D ( 'NONE', #1949, #965, #471 ) ;
#2086 = PRODUCT_DEFINITION_SHAPE ( 'NONE', 'NONE',  #1886 ) ;
#2087 = CARTESIAN_POINT ( 'NONE',  ( 0.8547005383792514200, -1.570059417833504600E-016, 0.6000000000000015300 ) ) ;
#2088 = EDGE_CURVE ( 'NONE', #2248, #407, #2651, .T. ) ;
#2089 = CARTESIAN_POINT ( 'NONE',  ( 0.5773502691896257300, -1.000000000000001100, -2.066666666666633600 ) ) ;
#2090 = CARTESIAN_POINT ( 'NONE',  ( -0.5898502691896255800, 1.021650635094610800, 1.745833333333368400 ) ) ;
#2091 = CARTESIAN_POINT ( 'NONE',  ( 0.0000000000000000000, 1.021650635094610800, 1.337499999999968800 ) ) ;
#2092 = CARTESIAN_POINT ( 'NONE',  ( 0.0000000000000000000, 5.256982008443608200E-056, -3.499999999999999600 ) ) ;
#2093 = CARTESIAN_POINT ( 'NONE',  ( -0.8547005383792513100, 5.233531392778349000E-017, -1.949999999999996800 ) ) ;
#2094 = CARTESIAN_POINT ( 'NONE',  ( -0.6410254037844385100, 0.3700961894323343000, -0.4333333333333315700 ) ) ;
#2095 = CARTESIAN_POINT ( 'NONE',  ( 0.0000000000000000000, 0.7401923788646683800, -1.699999999999998400 ) ) ;
#2096 = CARTESIAN_POINT ( 'NONE',  ( 0.6410254037844384000, -0.3700961894323345200, -0.9833333333333299500 ) ) ;
#2097 = CARTESIAN_POINT ( 'NONE',  ( -0.7499999999999954500, -0.4330127018922179700, 2.499999999999999600 ) ) ;
#2098 = CARTESIAN_POINT ( 'NONE',  ( -0.4273502691896259900, -0.7401923788646680400, -0.3333333333333317600 ) ) ;
#2099 = ADVANCED_FACE ( 'NONE', ( #1668 ), #516, .T. ) ;
#2100 = VECTOR ( 'NONE', #1349, 1000.000000000000100 ) ;
#2101 = EDGE_LOOP ( 'NONE', ( #416, #594, #209 ) ) ;
#2102 = CARTESIAN_POINT ( 'NONE',  ( 0.8547005383792514200, -1.570059417833504600E-016, -2.549999999999996700 ) ) ;
#2103 = CARTESIAN_POINT ( 'NONE',  ( -0.4273502691896256500, 0.7401923788646683800, -3.666666666666665600 ) ) ;
#2104 = AXIS2_PLACEMENT_3D ( 'NONE', #1620, #2611, #1167 ) ;
#2105 = DIRECTION ( 'NONE',  ( -0.0000000000000000000, 7.509974297776586600E-057, -1.000000000000000000 ) ) ;
#2106 = ORIENTED_EDGE ( 'NONE', *, *, #29, .F. ) ;
#2107 = ORIENTED_EDGE ( 'NONE', *, *, #330, .T. ) ;
#2108 = CARTESIAN_POINT ( 'NONE',  ( 0.4273502691896254900, -0.7401923788646686000, 0.9333333333333354600 ) ) ;
#2109 = CARTESIAN_POINT ( 'NONE',  ( -0.6410254037844385100, 0.3700961894323343000, -0.4333333333333315700 ) ) ;
#2110 = CARTESIAN_POINT ( 'NONE',  ( -0.6410254037844385100, 0.3700961894323343000, -2.383333333333330200 ) ) ;
#2111 = EDGE_LOOP ( 'NONE', ( #2033, #2210, #1437, #815 ) ) ;
#2112 = DIRECTION ( 'NONE',  ( 0.0000000000000000000, 1.000000000000000000, 0.0000000000000000000 ) ) ;
#2113 = CARTESIAN_POINT ( 'NONE',  ( -0.4273502691896256500, 0.7401923788646683800, 0.3333333333333347600 ) ) ;
#2114 = EDGE_CURVE ( 'NONE', #1716, #3094, #2471, .T. ) ;
#2115 = ORIENTED_EDGE ( 'NONE', *, *, #125, .T. ) ;
#2116 = CARTESIAN_POINT ( 'NONE',  ( -0.8660254037844391500, 0.5000000000000004400, 0.9666666666666992000 ) ) ;
#2117 = CARTESIAN_POINT ( 'NONE',  ( 0.0000000000000000000, 0.7401923788646683800, -2.849999999999997000 ) ) ;
#2118 = CARTESIAN_POINT ( 'NONE',  ( -0.6410254037844385100, 0.3700961894323343000, -3.633333333333331500 ) ) ;
#2119 = CARTESIAN_POINT ( 'NONE',  ( 0.0000000000000000000, 1.000000000000000700, 1.349999999999971000 ) ) ;
#2120 =( BOUNDED_SURFACE ( )  B_SPLINE_SURFACE ( 1, 2, ( 
 ( #1740, #518, #2237, #50, #2476, #291, #2999, #2020, #2956, #777, #1517, #1496, #31, #1480, #1754, #276, #1777, #2012, #1985, #2496, #1032, #7, #2750, #301, #1729, #255, #1807, #2280, #2792, #808, #578, #63, #1559, #834, #2777, #823, #1300, #1830, #3032, #2530, #1041, #2537, #1310, #2042, #2301, #557, #96, #1290, #2759, #3040, #355, #3009, #1529, #1816, #1798, #1073, #2083, #336, #1538, #1321, #1064, #1788, #603, #343, #799, #2074, #2059, #589, #2313, #2323, #2522, #2551, #2290, #312, #1083, #1550, #82, #2802, #2767, #1051, #3047, #1335, #1569, #3021, #109, #2506, #73, #322, #2051, #569, #921, #3071, #2889, #2402, #3133, #2158, #614, #1113, #2094, #3081, #1676, #1661, #204, #2902, #454, #1579, #2178, #2642, #3144, #2810, #441, #1126, #1610, #2346, #932, #844, #855, #694, #2334, #121, #2654, #2575, #1934, #2561, #1857, #1097, #1845, #1597, #2823, #1356, #1346, #131, #195, #1188, #1924, #3060, #2168, #1428, #381, #2108, #370, #621, #872, #2585, #2836, #1371, #187, #1911, #431, #671, #2386, #1176, #1418, #683, #2186, #2693, #715, #485, #3154, #1463, #732, #2685, #725 ),
 ( #2441, #1219, #1940, #2200, #464, #3184, #1199, #944, #2946, #253, #2914, #1436, #1719, #1695, #969, #1979, #1704, #1446, #1228, #2429, #1687, #505, #238, #703, #1969, #1961, #497, #231, #2226, #2421, #2448, #2193, #2663, #2213, #2932, #1456, #2697, #2675, #951, #2953, #1234, #984, #217, #1475, #6, #1208, #1727, #962, #2412, #2923, #3162, #225, #1953, #473, #3174, #514, #1003, #1997, #2988, #1528, #1515, #62, #2758, #309, #1486, #2040, #2495, #3007, #1028, #2714, #299, #1016, #1502, #2246, #787, #742, #753, #555, #2235, #18, #2503, #2473, #1783, #2456, #1750, #994, #1736, #2972, #2724, #1260, #1244, #1495, #47, #1040, #1776, #2963, #2029, #1288, #27, #275, #262, #2011, #765, #530, #2484, #2734, #1270, #38, #1763, #288, #2018, #536, #2271, #2260, #774, #2748, #1278, #2998, #543, #1332, #601, #2536, #587, #1061, #1578, #2789, #577, #798, #2311, #1072, #1796, #342, #320, #3046, #1049, #2520, #2801, #119, #2766, #1298, #1568, #1547, #832, #1843, #1558, #1309, #1081, #2299, #3019, #367, #2547, #2050, #1825, #1815, #107, #93, #2091, #567, #2321, #2057, #1537, #353, #1318 ) ),
 .UNSPECIFIED., .F., .F., .T. ) 
 B_SPLINE_SURFACE_WITH_KNOTS ( ( 2, 2 ),
 ( 3, 2, 2, 2, 2, 2, 2, 2, 2, 2, 2, 2, 2, 2, 2, 2, 2, 2, 2, 2, 2, 2, 2, 2, 2, 2, 2, 2, 2, 2, 2, 2, 2, 2, 2, 2, 2, 2, 2, 2, 2, 2, 2, 2, 2, 2, 2, 2, 2, 2, 2, 2, 2, 2, 2, 2, 2, 2, 2, 2, 2, 2, 2, 2, 2, 2, 2, 2, 2, 2, 2, 2, 2, 2, 2, 2, 2, 2, 2, 2, 2, 3 ),
 ( 0.0000000000000000000, 1.000000000000000000 ),
 ( 0.0000000000000000000, 0.01190476190476190400, 0.02380952380952380800, 0.03571428571428571200, 0.04761904761904761600, 0.05952380952380952100, 0.07142857142857142500, 0.08333333333333332900, 0.09523809523809523300, 0.1071428571428571400, 0.1190476190476190400, 0.1309523809523809600, 0.1428571428571428500, 0.1547619047619047700, 0.1666666666666666600, 0.1785714285714285800, 0.1904761904761904700, 0.2023809523809523800, 0.2142857142857142700, 0.2261904761904761900, 0.2380952380952380800, 0.2500000000000000000, 0.2619047619047619200, 0.2738095238095238400, 0.2857142857142857000, 0.2976190476190476200, 0.3095238095238095300, 0.3214285714285714500, 0.3333333333333333100, 0.3452380952380952300, 0.3571428571428571500, 0.3690476190476190700, 0.3809523809523809300, 0.3928571428571428500, 0.4047619047619047700, 0.4166666666666666900, 0.4285714285714285500, 0.4404761904761904700, 0.4523809523809523800, 0.4642857142857143000, 0.4761904761904761600, 0.4880952380952380800, 0.5000000000000000000, 0.5119047619047618600, 0.5238095238095238400, 0.5357142857142857000, 0.5476190476190476700, 0.5595238095238095300, 0.5714285714285714000, 0.5833333333333333700, 0.5952380952380952300, 0.6071428571428571000, 0.6190476190476190700, 0.6309523809523809300, 0.6428571428571429000, 0.6547619047619047700, 0.6666666666666666300, 0.6785714285714286000, 0.6904761904761904700, 0.7023809523809523300, 0.7142857142857143000, 0.7261904761904761600, 0.7380952380952381400, 0.7500000000000000000, 0.7619047619047618600, 0.7738095238095238400, 0.7857142857142857000, 0.7976190476190476700, 0.8095238095238095300, 0.8214285714285714000, 0.8333333333333333700, 0.8452380952380952300, 0.8571428571428571000, 0.8690476190476190700, 0.8809523809523809300, 0.8928571428571429000, 0.9047619047619047700, 0.9166666666666666300, 0.9285714285714286000, 0.9404761904761904700, 0.9523809523809523300, 0.9642857142857143000 ),
 .UNSPECIFIED. ) 
 GEOMETRIC_REPRESENTATION_ITEM ( )  RATIONAL_B_SPLINE_SURFACE ( (
 ( 1.000000000000000000, 0.8660254037844387100, 1.000000000000000000, 0.8660254037844387100, 1.000000000000000000, 0.8660254037844387100, 1.000000000000000000, 0.8660254037844387100, 1.000000000000000000, 0.8660254037844387100, 1.000000000000000000, 0.8660254037844387100, 1.000000000000000000, 0.8660254037844387100, 1.000000000000000000, 0.8660254037844387100, 1.000000000000000000, 0.8660254037844387100, 1.000000000000000000, 0.8660254037844387100, 1.000000000000000000, 0.8660254037844387100, 1.000000000000000000, 0.8660254037844387100, 1.000000000000000000, 0.8660254037844387100, 1.000000000000000000, 0.8660254037844387100, 1.000000000000000000, 0.8660254037844387100, 1.000000000000000000, 0.8660254037844387100, 1.000000000000000000, 0.8660254037844387100, 1.000000000000000000, 0.8660254037844387100, 1.000000000000000000, 0.8660254037844387100, 1.000000000000000000, 0.8660254037844387100, 1.000000000000000000, 0.8660254037844387100, 1.000000000000000000, 0.8660254037844387100, 1.000000000000000000, 0.8660254037844387100, 1.000000000000000000, 0.8660254037844387100, 1.000000000000000000, 0.8660254037844387100, 1.000000000000000000, 0.8660254037844387100, 1.000000000000000000, 0.8660254037844387100, 1.000000000000000000, 0.8660254037844387100, 1.000000000000000000, 0.8660254037844387100, 1.000000000000000000, 0.8660254037844387100, 1.000000000000000000, 0.8660254037844387100, 1.000000000000000000, 0.8660254037844387100, 1.000000000000000000, 0.8660254037844387100, 1.000000000000000000, 0.8660254037844387100, 1.000000000000000000, 0.8660254037844387100, 1.000000000000000000, 0.8660254037844387100, 1.000000000000000000, 0.8660254037844387100, 1.000000000000000000, 0.8660254037844387100, 1.000000000000000000, 0.8660254037844387100, 1.000000000000000000, 0.8660254037844387100, 1.000000000000000000, 0.8660254037844387100, 1.000000000000000000, 0.8660254037844387100, 1.000000000000000000, 0.8660254037844387100, 1.000000000000000000, 0.8660254037844387100, 1.000000000000000000, 0.8660254037844387100, 1.000000000000000000, 0.8660254037844387100, 1.000000000000000000, 0.8660254037844387100, 1.000000000000000000, 0.8660254037844387100, 1.000000000000000000, 0.8660254037844387100, 1.000000000000000000, 0.8660254037844387100, 1.000000000000000000, 0.8660254037844387100, 1.000000000000000000, 0.8660254037844387100, 1.000000000000000000, 0.8660254037844387100, 1.000000000000000000, 0.8660254037844387100, 1.000000000000000000, 0.8660254037844387100, 1.000000000000000000, 0.8660254037844387100, 1.000000000000000000, 0.8660254037844387100, 1.000000000000000000, 0.8660254037844387100, 1.000000000000000000, 0.8660254037844387100, 1.000000000000000000, 0.8660254037844387100, 1.000000000000000000, 0.8660254037844387100, 1.000000000000000000, 0.8660254037844387100, 1.000000000000000000, 0.8660254037844387100, 1.000000000000000000, 0.8660254037844387100, 1.000000000000000000, 0.8660254037844387100, 1.000000000000000000, 0.8660254037844387100, 1.000000000000000000, 0.8660254037844387100, 1.000000000000000000, 0.8660254037844387100, 1.000000000000000000, 0.8660254037844387100, 1.000000000000000000, 0.8660254037844387100, 1.000000000000000000, 0.8660254037844387100, 1.000000000000000000, 0.8660254037844387100, 1.000000000000000000, 0.8660254037844387100, 1.000000000000000000, 0.8660254037844387100, 1.000000000000000000, 0.8660254037844387100, 1.000000000000000000, 0.8660254037844387100, 1.000000000000000000, 0.8660254037844387100, 1.000000000000000000, 0.8660254037844387100, 1.000000000000000000, 0.8660254037844387100, 1.000000000000000000, 0.8660254037844387100, 1.000000000000000000, 0.8660254037844387100, 1.000000000000000000),
 ( 1.000000000000000000, 0.8660254037844387100, 1.000000000000000000, 0.8660254037844387100, 1.000000000000000000, 0.8660254037844387100, 1.000000000000000000, 0.8660254037844387100, 1.000000000000000000, 0.8660254037844387100, 1.000000000000000000, 0.8660254037844387100, 1.000000000000000000, 0.8660254037844387100, 1.000000000000000000, 0.8660254037844387100, 1.000000000000000000, 0.8660254037844387100, 1.000000000000000000, 0.8660254037844387100, 1.000000000000000000, 0.8660254037844387100, 1.000000000000000000, 0.8660254037844387100, 1.000000000000000000, 0.8660254037844387100, 1.000000000000000000, 0.8660254037844387100, 1.000000000000000000, 0.8660254037844387100, 1.000000000000000000, 0.8660254037844387100, 1.000000000000000000, 0.8660254037844387100, 1.000000000000000000, 0.8660254037844387100, 1.000000000000000000, 0.8660254037844387100, 1.000000000000000000, 0.8660254037844387100, 1.000000000000000000, 0.8660254037844387100, 1.000000000000000000, 0.8660254037844387100, 1.000000000000000000, 0.8660254037844387100, 1.000000000000000000, 0.8660254037844387100, 1.000000000000000000, 0.8660254037844387100, 1.000000000000000000, 0.8660254037844387100, 1.000000000000000000, 0.8660254037844387100, 1.000000000000000000, 0.8660254037844387100, 1.000000000000000000, 0.8660254037844387100, 1.000000000000000000, 0.8660254037844387100, 1.000000000000000000, 0.8660254037844387100, 1.000000000000000000, 0.8660254037844387100, 1.000000000000000000, 0.8660254037844387100, 1.000000000000000000, 0.8660254037844387100, 1.000000000000000000, 0.8660254037844387100, 1.000000000000000000, 0.8660254037844387100, 1.000000000000000000, 0.8660254037844387100, 1.000000000000000000, 0.8660254037844387100, 1.000000000000000000, 0.8660254037844387100, 1.000000000000000000, 0.8660254037844387100, 1.000000000000000000, 0.8660254037844387100, 1.000000000000000000, 0.8660254037844387100, 1.000000000000000000, 0.8660254037844387100, 1.000000000000000000, 0.8660254037844387100, 1.000000000000000000, 0.8660254037844387100, 1.000000000000000000, 0.8660254037844387100, 1.000000000000000000, 0.8660254037844387100, 1.000000000000000000, 0.8660254037844387100, 1.000000000000000000, 0.8660254037844387100, 1.000000000000000000, 0.8660254037844387100, 1.000000000000000000, 0.8660254037844387100, 1.000000000000000000, 0.8660254037844387100, 1.000000000000000000, 0.8660254037844387100, 1.000000000000000000, 0.8660254037844387100, 1.000000000000000000, 0.8660254037844387100, 1.000000000000000000, 0.8660254037844387100, 1.000000000000000000, 0.8660254037844387100, 1.000000000000000000, 0.8660254037844387100, 1.000000000000000000, 0.8660254037844387100, 1.000000000000000000, 0.8660254037844387100, 1.000000000000000000, 0.8660254037844387100, 1.000000000000000000, 0.8660254037844387100, 1.000000000000000000, 0.8660254037844387100, 1.000000000000000000, 0.8660254037844387100, 1.000000000000000000, 0.8660254037844387100, 1.000000000000000000, 0.8660254037844387100, 1.000000000000000000, 0.8660254037844387100, 1.000000000000000000, 0.8660254037844387100, 1.000000000000000000, 0.8660254037844387100, 1.000000000000000000, 0.8660254037844387100, 1.000000000000000000, 0.8660254037844387100, 1.000000000000000000, 0.8660254037844387100, 1.000000000000000000, 0.8660254037844387100, 1.000000000000000000, 0.8660254037844387100, 1.000000000000000000, 0.8660254037844387100, 1.000000000000000000, 0.8660254037844387100, 1.000000000000000000, 0.8660254037844387100, 1.000000000000000000, 0.8660254037844387100, 1.000000000000000000, 0.8660254037844387100, 1.000000000000000000, 0.8660254037844387100, 1.000000000000000000, 0.8660254037844387100, 1.000000000000000000) ) ) 
 REPRESENTATION_ITEM ( '' )  SURFACE ( )  );
#2121 = CARTESIAN_POINT ( 'NONE',  ( 0.0000000000000000000, 0.7401923788646683800, 1.100000000000002100 ) ) ;
#2122 = CARTESIAN_POINT ( 'NONE',  ( -0.4273502691896256500, 0.7401923788646683800, -1.216666666666663500 ) ) ;
#2123 = CARTESIAN_POINT ( 'NONE',  ( -1.224646799147354200E-016, -1.000000000000000700, 0.7499999999999703600 ) ) ;
#2124 = CARTESIAN_POINT ( 'NONE',  ( -0.6410254037844386200, -0.3700961894323340200, 0.03333333333333486600 ) ) ;
#2125 = CIRCLE ( 'NONE', #2005, 1.100000000000001400 ) ;
#2126 = DIRECTION ( 'NONE',  ( -0.0000000000000000000, 7.509974297776586600E-057, -1.000000000000000000 ) ) ;
#2127 = CARTESIAN_POINT ( 'NONE',  ( 0.7499999999999997800, 0.4330127018922161900, -0.7912878474779098100 ) ) ;
#2128 = CARTESIAN_POINT ( 'NONE',  ( -0.8547005383792514200, 5.233531392778349000E-017, -3.599999999999998800 ) ) ;
#2129 = CARTESIAN_POINT ( 'NONE',  ( -0.7006292692223442500, 0.7135254915621213100, 1.399999999999999200 ) ) ;
#2130 = CARTESIAN_POINT ( 'NONE',  ( 0.8547005383792514200, -1.570059417833504600E-016, -1.349999999999997000 ) ) ;
#2131 = CARTESIAN_POINT ( 'NONE',  ( 0.4273502691896254900, -0.7401923788646686000, 0.9833333333333368300 ) ) ;
#2132 = CARTESIAN_POINT ( 'NONE',  ( -0.6410254037844386200, -0.3700961894323340200, 0.8333333333333352600 ) ) ;
#2133 = CARTESIAN_POINT ( 'NONE',  ( -0.4273502691896259900, -0.7401923788646680400, -0.6833333333333301300 ) ) ;
#2134 = LINE ( 'NONE', #1955, #3159 ) ;
#2135 = CARTESIAN_POINT ( 'NONE',  ( -0.6410254037844386200, -0.3700961894323340200, 0.8833333333333366300 ) ) ;
#2136 = CARTESIAN_POINT ( 'NONE',  ( -0.8660254037844391500, 0.5000000000000004400, -1.433333333333300700 ) ) ;
#2137 = ORIENTED_EDGE ( 'NONE', *, *, #2687, .F. ) ;
#2138 = VECTOR ( 'NONE', #1457, 999.9999999999998900 ) ;
#2139 = EDGE_CURVE ( 'NONE', #3026, #2984, #2076, .T. ) ;
#2140 = LINE ( 'NONE', #1236, #242 ) ;
#2141 = ORIENTED_EDGE ( 'NONE', *, *, #39, .T. ) ;
#2142 = CARTESIAN_POINT ( 'NONE',  ( 0.8027956635296884500, -0.5962542432703760200, -3.240192378864666700 ) ) ;
#2143 = CARTESIAN_POINT ( 'NONE',  ( 0.5773502691896267300, 1.000000000000000200, 0.1166666666666373200 ) ) ;
#2144 = VERTEX_POINT ( 'NONE', #2711 ) ;
#2145 = VERTEX_POINT ( 'NONE', #2722 ) ;
#2146 = CARTESIAN_POINT ( 'NONE',  ( 0.4273502691896254900, -0.7401923788646686000, 0.1333333333333351400 ) ) ;
#2147 = CARTESIAN_POINT ( 'NONE',  ( 0.4273502691896261500, 0.7401923788646680400, -0.08333333333333023400 ) ) ;
#2148 = EDGE_LOOP ( 'NONE', ( #210, #19, #2206, #2911 ) ) ;
#2149 = CARTESIAN_POINT ( 'NONE',  ( 0.8547005383792513100, -1.570059417833504600E-016, 1.050000000000003200 ) ) ;
#2150 = DIRECTION ( 'NONE',  ( -0.0000000000000000000, 7.509974297776586600E-057, -1.000000000000000000 ) ) ;
#2151 = EDGE_CURVE ( 'NONE', #2984, #2288, #2244, .T. ) ;
#2152 = CC_DESIGN_PERSON_AND_ORGANIZATION_ASSIGNMENT ( #1604, #1065, ( #1886 ) ) ;
#2153 = CARTESIAN_POINT ( 'NONE',  ( 0.0000000000000000000, 5.256982008443608200E-056, -3.499999999999999600 ) ) ;
#2154 =( BOUNDED_CURVE ( )  B_SPLINE_CURVE ( 2, ( #942, #2930, #1674, #2418, #452, #1454, #2912 ),
 .UNSPECIFIED., .F., .T. ) 
 B_SPLINE_CURVE_WITH_KNOTS ( ( 3, 2, 2, 3 ),
 ( 0.6071428571428572100, 0.6190476190476190700, 0.6309523809523809300, 0.6428571428571427900 ),
 .UNSPECIFIED. ) 
 CURVE ( )  GEOMETRIC_REPRESENTATION_ITEM ( )  RATIONAL_B_SPLINE_CURVE ( ( 1.000000000000000000, 0.8660254037844387100, 1.000000000000000000, 0.8660254037844387100, 1.000000000000000000, 0.8660254037844387100, 1.000000000000000000 ) ) 
 REPRESENTATION_ITEM ( '' )  );
#2155 = CARTESIAN_POINT ( 'NONE',  ( 0.4273502691896261500, 0.7401923788646681500, -3.283333333333330100 ) ) ;
#2156 = CARTESIAN_POINT ( 'NONE',  ( 0.6410254037844388400, 0.3700961894323336300, 1.033333333333335000 ) ) ;
#2157 = CARTESIAN_POINT ( 'NONE',  ( 0.4273502691896261500, 0.7401923788646680400, 0.7166666666666701200 ) ) ;
#2158 = CARTESIAN_POINT ( 'NONE',  ( 0.4273502691896261500, 0.7401923788646680400, -0.5333333333333314400 ) ) ;
#2159 = CARTESIAN_POINT ( 'NONE',  ( 0.6410254037844384000, -0.3700961894323345200, 1.016666666666670200 ) ) ;
#2160 = CARTESIAN_POINT ( 'NONE',  ( -0.5773502691896260600, 1.000000000000000700, -1.466666666666633700 ) ) ;
#2161 = CARTESIAN_POINT ( 'NONE',  ( -1.224646799147354200E-016, -1.000000000000000700, -2.899999999999967500 ) ) ;
#2162 = AXIS2_PLACEMENT_3D ( 'NONE', #2092, #2574, #1608 ) ;
#2163 = DIRECTION ( 'NONE',  ( -1.000000000000000000, 0.0000000000000000000, 0.0000000000000000000 ) ) ;
#2164 = B_SPLINE_CURVE_WITH_KNOTS ( 'NONE', 3,
 ( #3131, #2921, #701, #930, #2673, #2652, #713, #1922, #2165, #2427, #967, #681, #2399, #2683, #2410, #1217 ),
 .UNSPECIFIED., .F., .F.,
 ( 4, 2, 2, 2, 2, 2, 2, 4 ),
 ( 0.0001618406094080282800, 0.0005257505742820837600, 0.0008896605391561392400, 0.001253570504030194600, 0.001617480468904250200, 0.002345300398652361400, 0.002709210363526417000, 0.003073120328400472500 ),
 .UNSPECIFIED. ) ;
#2165 = CARTESIAN_POINT ( 'NONE',  ( -0.9301869268826081800, -0.1731297148459144100, -3.301975767151213800 ) ) ;
#2166 = ORIENTED_EDGE ( 'NONE', *, *, #697, .T. ) ;
#2167 = CARTESIAN_POINT ( 'NONE',  ( 0.4273502691896261500, 0.7401923788646680400, 0.3166666666666699800 ) ) ;
#2168 = CARTESIAN_POINT ( 'NONE',  ( -0.6410254037844386200, -0.3700961894323340200, 0.8333333333333352600 ) ) ;
#2169 = CARTESIAN_POINT ( 'NONE',  ( -0.4273502691896259300, -0.7401923788646681500, -0.2833333333333303300 ) ) ;
#2170 = CARTESIAN_POINT ( 'NONE',  ( -0.8660254037844392600, -0.5000000000000001100, -1.366666666666633800 ) ) ;
#2171 =( BOUNDED_CURVE ( )  B_SPLINE_CURVE ( 2, ( #1556, #1059, #2807, #840, #115, #2763, #1840 ),
 .UNSPECIFIED., .F., .F. ) 
 B_SPLINE_CURVE_WITH_KNOTS ( ( 3, 2, 2, 3 ),
 ( 0.8214285714285714000, 0.8333333333333333700, 0.8452380952380952300, 0.8552403527233697300 ),
 .UNSPECIFIED. ) 
 CURVE ( )  GEOMETRIC_REPRESENTATION_ITEM ( )  RATIONAL_B_SPLINE_CURVE ( ( 1.000000000000000000, 0.8660254037844387100, 1.000000000000000000, 0.8660254037844387100, 1.000000000000000000, 0.8874359337419676100, 0.9640221895667271400 ) ) 
 REPRESENTATION_ITEM ( '' )  );
#2172 = CARTESIAN_POINT ( 'NONE',  ( 0.0000000000000000000, 5.256982008443607300E-056, -3.499999999999997800 ) ) ;
#2173 = CARTESIAN_POINT ( 'NONE',  ( 0.7069979540329401900, -0.3557914678250295700, -3.455735813896984700 ) ) ;
#2174 = FACE_OUTER_BOUND ( 'NONE', #738, .T. ) ;
#2175 = VERTEX_POINT ( 'NONE', #1038 ) ;
#2176 = CARTESIAN_POINT ( 'NONE',  ( 0.8660254037844389300, -0.5000000000000007800, -1.183333333333362700 ) ) ;
#2177 = CARTESIAN_POINT ( 'NONE',  ( 0.6410254037844384000, -0.3700961894323345200, 1.416666666666670300 ) ) ;
#2178 = CARTESIAN_POINT ( 'NONE',  ( 0.6410254037844388400, 0.3700961894323336300, -0.1666666666666648000 ) ) ;
#2179 = ORIENTED_EDGE ( 'NONE', *, *, #985, .F. ) ;
#2180 = ORIENTED_EDGE ( 'NONE', *, *, #1193, .F. ) ;
#2181 = CARTESIAN_POINT ( 'NONE',  ( 0.8660254037844389300, -0.5000000000000007800, -1.633333333333300900 ) ) ;
#2182 = ORIENTED_EDGE ( 'NONE', *, *, #582, .T. ) ;
#2183 = CARTESIAN_POINT ( 'NONE',  ( 0.0000000000000000000, 5.256982008443607300E-056, -3.499999999999997800 ) ) ;
#2184 = VERTEX_POINT ( 'NONE', #2970 ) ;
#2185 = CARTESIAN_POINT ( 'NONE',  ( -0.4273502691896256500, 0.7401923788646683800, -0.01666666666666353000 ) ) ;
#2186 = CARTESIAN_POINT ( 'NONE',  ( 0.6410254037844388400, 0.3700961894323336300, 1.433333333333335100 ) ) ;
#2187 = CARTESIAN_POINT ( 'NONE',  ( 0.8027956635296884500, -0.5962542432703760200, -3.240192378864666700 ) ) ;
#2188 = EDGE_CURVE ( 'NONE', #2294, #3055, #1240, .T. ) ;
#2189 = APPROVAL_DATE_TIME ( #2227, #1941 ) ;
#2190 = CARTESIAN_POINT ( 'NONE',  ( 0.4273502691896261500, 0.7401923788646680400, -2.483333333333330300 ) ) ;
#2191 = CARTESIAN_POINT ( 'NONE',  ( 0.0000000000000000000, 1.501994859555315300E-056, 1.499999999999999600 ) ) ;
#2192 = CARTESIAN_POINT ( 'NONE',  ( -0.4273502691896256500, 0.7401923788646683800, 1.583333333333336600 ) ) ;
#2193 = CARTESIAN_POINT ( 'NONE',  ( 0.5898502691896252400, -1.021650635094611100, -2.829166666666698600 ) ) ;
#2194 = CARTESIAN_POINT ( 'NONE',  ( -0.7499999999999953400, -0.4330127018922180200, 3.435048094716166100 ) ) ;
#2195 = CARTESIAN_POINT ( 'NONE',  ( -1.224646799147354200E-016, -1.000000000000000700, -0.8500000000000295100 ) ) ;
#2196 = CARTESIAN_POINT ( 'NONE',  ( 0.0000000000000000000, 0.7401923788646683800, -2.849999999999997000 ) ) ;
#2197 = DIRECTION ( 'NONE',  ( 0.0000000000000000000, -7.509974297776586600E-057, 1.000000000000000000 ) ) ;
#2198 = CARTESIAN_POINT ( 'NONE',  ( 0.5773502691896267300, 1.000000000000000200, -1.083333333333362800 ) ) ;
#2199 = CARTESIAN_POINT ( 'NONE',  ( -0.8847754037844384200, 0.5108253175473055400, -2.620833333333298900 ) ) ;
#2200 = CARTESIAN_POINT ( 'NONE',  ( -1.179700538379251400, 7.223582441392798400E-017, -3.762500000000032200 ) ) ;
#2201 = EDGE_CURVE ( 'NONE', #2069, #2869, #1904, .T. ) ;
#2202 = CARTESIAN_POINT ( 'NONE',  ( -0.6914021854061409600, -0.4668441659219034800, 3.401216630686481100 ) ) ;
#2203 =( BOUNDED_CURVE ( )  B_SPLINE_CURVE ( 2, ( #189, #1421, #2859, #1646, #1390, #1655, #3135 ),
 .UNSPECIFIED., .F., .T. ) 
 B_SPLINE_CURVE_WITH_KNOTS ( ( 3, 2, 2, 3 ),
 ( 0.6785714285714286000, 0.6904761904761904700, 0.7023809523809523300, 0.7142857142857143000 ),
 .UNSPECIFIED. ) 
 CURVE ( )  GEOMETRIC_REPRESENTATION_ITEM ( )  RATIONAL_B_SPLINE_CURVE ( ( 1.000000000000000000, 0.8660254037844387100, 1.000000000000000000, 0.8660254037844387100, 1.000000000000000000, 0.8660254037844387100, 1.000000000000000000 ) ) 
 REPRESENTATION_ITEM ( '' )  );
#2204 = CARTESIAN_POINT ( 'NONE',  ( -1.224646799147354200E-016, -1.000000000000000700, -0.4999999999999673600 ) ) ;
#2205 = CYLINDRICAL_SURFACE ( 'NONE', #1169, 1.000000000000000700 ) ;
#2206 = ORIENTED_EDGE ( 'NONE', *, *, #1089, .T. ) ;
#2207 = CARTESIAN_POINT ( 'NONE',  ( -0.6410254037844386200, -0.3700961894323340200, -1.516666666666663500 ) ) ;
#2208 = CONICAL_SURFACE ( 'NONE', #1896, 1732.050807568857200, 1.047197551196592700 ) ;
#2209 = CYLINDRICAL_SURFACE ( 'NONE', #2364, 1.000000000000000700 ) ;
#2210 = ORIENTED_EDGE ( 'NONE', *, *, #914, .T. ) ;
#2211 = EDGE_LOOP ( 'NONE', ( #1056, #1838 ) ) ;
#2212 = CARTESIAN_POINT ( 'NONE',  ( -0.5898502691896255800, 1.021650635094610800, -3.054166666666632100 ) ) ;
#2213 = CARTESIAN_POINT ( 'NONE',  ( 1.179700538379251400, -2.167074732417838900E-016, -2.762500000000031300 ) ) ;
#2214 = ORIENTED_EDGE ( 'NONE', *, *, #2360, .T. ) ;
#2215 = CARTESIAN_POINT ( 'NONE',  ( 2.272506612639041600E-011, 0.8669872981068111900, -3.373205080757854200 ) ) ;
#2216 = CARTESIAN_POINT ( 'NONE',  ( -1.224646799147354200E-016, -1.000000000000000700, -1.299999999999967200 ) ) ;
#2217 = CARTESIAN_POINT ( 'NONE',  ( 0.0000000000000000000, 1.000000000000000700, -1.899999999999967300 ) ) ;
#2218 = AXIS2_PLACEMENT_3D ( 'NONE', #592, #624, #2338 ) ;
#2219 = ORIENTED_EDGE ( 'NONE', *, *, #88, .T. ) ;
#2220 = CARTESIAN_POINT ( 'NONE',  ( 1.154700538379252600, -2.121150477449814600E-016, -2.399999999999967500 ) ) ;
#2221 = CARTESIAN_POINT ( 'NONE',  ( 0.4273502691896261500, 0.7401923788646680400, -2.083333333333330400 ) ) ;
#2222 = AXIS2_PLACEMENT_3D ( 'NONE', #3168, #1929, #1449 ) ;
#2223 = CARTESIAN_POINT ( 'NONE',  ( -0.8547005383792514200, 5.233531392778349000E-017, 0.05000000000000316000 ) ) ;
#2224 = CARTESIAN_POINT ( 'NONE',  ( -0.8660254037844391500, 0.5000000000000004400, -2.233333333333300100 ) ) ;
#2225 = CARTESIAN_POINT ( 'NONE',  ( -1.251161180115475900E-016, -1.021650635094610800, -2.087499999999965300 ) ) ;
#2226 = CARTESIAN_POINT ( 'NONE',  ( -0.8847754037844385300, -0.5108253175473052000, -2.929166666666698200 ) ) ;
#2227 = DATE_AND_TIME ( #2879, #1070 ) ;
#2228 = CARTESIAN_POINT ( 'NONE',  ( -1.154700538379252600, 7.070501591499384000E-017, -2.150000000000029700 ) ) ;
#2229 = DIRECTION ( 'NONE',  ( -0.0000000000000000000, 7.509974297776586600E-057, -1.000000000000000000 ) ) ;
#2230 = CARTESIAN_POINT ( 'NONE',  ( 0.0000000000000000000, 1.000000000000000700, 1.300000000000033100 ) ) ;
#2231 = CARTESIAN_POINT ( 'NONE',  ( 0.0000000000000000000, 1.000000000000000700, -0.6999999999999674300 ) ) ;
#2232 = CARTESIAN_POINT ( 'NONE',  ( 0.4273502691896261500, 0.7401923788646680400, -1.683333333333330000 ) ) ;
#2233 = CARTESIAN_POINT ( 'NONE',  ( 0.6410254037844388400, 0.3700961894323336300, 0.2833333333333368200 ) ) ;
#2234 = CARTESIAN_POINT ( 'NONE',  ( -0.5898502691896255800, 1.021650635094610800, -1.054166666666632100 ) ) ;
#2235 = CARTESIAN_POINT ( 'NONE',  ( -1.251161180115475900E-016, -1.021650635094610800, -1.262500000000031500 ) ) ;
#2236 = EDGE_CURVE ( 'NONE', #2250, #1255, #160, .T. ) ;
#2237 = CARTESIAN_POINT ( 'NONE',  ( -0.6410254037844385100, 0.3700961894323343000, -3.633333333333331500 ) ) ;
#2238 = CARTESIAN_POINT ( 'NONE',  ( 0.0000000000000000000, 0.0000000000000000000, 0.0000000000000000000 ) ) ;
#2239 = CARTESIAN_POINT ( 'NONE',  ( 0.5773502691896267300, 1.000000000000000200, -2.333333333333300600 ) ) ;
#2240 = AXIS2_PLACEMENT_3D ( 'NONE', #2191, #2197, #1453 ) ;
#2241 = CARTESIAN_POINT ( 'NONE',  ( -0.4273502691896256500, 0.7401923788646683800, -0.8166666666666634300 ) ) ;
#2242 = ADVANCED_FACE ( 'NONE', ( #1984 ), #1173, .T. ) ;
#2243 = CARTESIAN_POINT ( 'NONE',  ( -9.064742275298811100E-017, -0.7401923788646683800, 0.9500000000000029500 ) ) ;
#2244 =( BOUNDED_CURVE ( )  B_SPLINE_CURVE ( 2, ( #2470, #1258, #1493, #1748, #2732, #2986, #1500 ),
 .UNSPECIFIED., .F., .T. ) 
 B_SPLINE_CURVE_WITH_KNOTS ( ( 3, 2, 2, 3 ),
 ( 0.3928571428571429000, 0.4047619047619047700, 0.4166666666666666300, 0.4285714285714286000 ),
 .UNSPECIFIED. ) 
 CURVE ( )  GEOMETRIC_REPRESENTATION_ITEM ( )  RATIONAL_B_SPLINE_CURVE ( ( 1.000000000000000000, 0.8660254037844387100, 1.000000000000000000, 0.8660254037844387100, 1.000000000000000000, 0.8660254037844387100, 1.000000000000000000 ) ) 
 REPRESENTATION_ITEM ( '' )  );
#2245 = CARTESIAN_POINT ( 'NONE',  ( -1.251161180115475900E-016, -1.021650635094610800, -1.287499999999965200 ) ) ;
#2246 = CARTESIAN_POINT ( 'NONE',  ( -0.5898502691896255800, 1.021650635094610800, -1.429166666666698400 ) ) ;
#2247 = EDGE_CURVE ( 'NONE', #1330, #289, #2465, .T. ) ;
#2248 = VERTEX_POINT ( 'NONE', #565 ) ;
#2249 = CARTESIAN_POINT ( 'NONE',  ( -0.6410254037844386200, -0.3700961894323340200, -2.766666666666665300 ) ) ;
#2250 = VERTEX_POINT ( 'NONE', #3005 ) ;
#2251 = VERTEX_POINT ( 'NONE', #2071 ) ;
#2252 = CARTESIAN_POINT ( 'NONE',  ( -0.5773502691896264000, -1.000000000000000400, -2.533333333333300800 ) ) ;
#2253 = CARTESIAN_POINT ( 'NONE',  ( 0.6410254037844388400, 0.3700961894323336300, -0.9166666666666637400 ) ) ;
#2254 = ORIENTED_EDGE ( 'NONE', *, *, #316, .F. ) ;
#2255 = CARTESIAN_POINT ( 'NONE',  ( -9.064742275298811100E-017, -0.7401923788646683800, -1.049999999999996700 ) ) ;
#2256 = ORIENTED_EDGE ( 'NONE', *, *, #1516, .F. ) ;
#2257 = CARTESIAN_POINT ( 'NONE',  ( 0.4273502691896261500, 0.7401923788646680400, -0.4833333333333299500 ) ) ;
#2258 = CARTESIAN_POINT ( 'NONE',  ( -1.224646799147354200E-016, -1.000000000000000700, -2.099999999999967200 ) ) ;
#2259 = CARTESIAN_POINT ( 'NONE',  ( 1.179700538379251400, -2.167074732417838900E-016, -1.187499999999965600 ) ) ;
#2260 = CARTESIAN_POINT ( 'NONE',  ( -0.5898502691896260200, -1.021650635094610600, -0.09583333333336485600 ) ) ;
#2261 = ADVANCED_FACE ( 'NONE', ( #1741 ), #2894, .T. ) ;
#2262 = CARTESIAN_POINT ( 'NONE',  ( -0.7499999999999953400, -0.4330127018922180200, 3.435048094716166100 ) ) ;
#2263 = APPROVAL_DATE_TIME ( #2992, #2570 ) ;
#2264 = CARTESIAN_POINT ( 'NONE',  ( -0.6410254037844385100, 0.3700961894323343000, -1.233333333333331600 ) ) ;
#2265 =( BOUNDED_CURVE ( )  B_SPLINE_CURVE ( 2, ( #2345, #130, #1856, #2374, #380, #1149, #411 ),
 .UNSPECIFIED., .F., .T. ) 
 B_SPLINE_CURVE_WITH_KNOTS ( ( 3, 2, 2, 3 ),
 ( 0.1071428571428571400, 0.1190476190476190400, 0.1309523809523809600, 0.1428571428571428500 ),
 .UNSPECIFIED. ) 
 CURVE ( )  GEOMETRIC_REPRESENTATION_ITEM ( )  RATIONAL_B_SPLINE_CURVE ( ( 1.000000000000000000, 0.8660254037844387100, 1.000000000000000000, 0.8660254037844387100, 1.000000000000000000, 0.8660254037844387100, 1.000000000000000000 ) ) 
 REPRESENTATION_ITEM ( '' )  );
#2266 = EDGE_CURVE ( 'NONE', #2667, #1716, #2545, .T. ) ;
#2267 = FACE_OUTER_BOUND ( 'NONE', #144, .T. ) ;
#2268 = CARTESIAN_POINT ( 'NONE',  ( 0.4273502691896254900, -0.7401923788646686000, -0.2166666666666636200 ) ) ;
#2269 = DIRECTION ( 'NONE',  ( 0.0000000000000000000, 1.000000000000000000, 0.0000000000000000000 ) ) ;
#2270 = CARTESIAN_POINT ( 'NONE',  ( -0.8847754037844385300, -0.5108253175473052000, -0.1541666666666319000 ) ) ;
#2271 = CARTESIAN_POINT ( 'NONE',  ( -0.8847754037844385300, -0.5108253175473052000, -0.1291666666666984000 ) ) ;
#2272 = CARTESIAN_POINT ( 'NONE',  ( 0.8660254037844397100, 0.4999999999999995600, -1.166666666666633900 ) ) ;
#2273 = CARTESIAN_POINT ( 'NONE',  ( 0.8547005383792513100, -1.570059417833504600E-016, -2.599999999999998300 ) ) ;
#2274 = DIRECTION ( 'NONE',  ( -0.0000000000000000000, 7.509974297776586600E-057, -1.000000000000000000 ) ) ;
#2275 = CARTESIAN_POINT ( 'NONE',  ( 0.0000000000000000000, 0.7401923788646683800, -1.299999999999998300 ) ) ;
#2276 = DIRECTION ( 'NONE',  ( -0.0000000000000000000, 7.509974297776586600E-057, -1.000000000000000000 ) ) ;
#2277 = CARTESIAN_POINT ( 'NONE',  ( -1.224646799147354200E-016, -1.000000000000000700, 1.149999999999970600 ) ) ;
#2278 = CARTESIAN_POINT ( 'NONE',  ( -0.5898502691896255800, 1.021650635094610800, 0.1458333333333680400 ) ) ;
#2279 = DIRECTION ( 'NONE',  ( -0.0000000000000000000, 7.509974297776586600E-057, -1.000000000000000000 ) ) ;
#2280 = CARTESIAN_POINT ( 'NONE',  ( -0.8547005383792514200, 5.233531392778349000E-017, -2.799999999999998500 ) ) ;
#2281 = CARTESIAN_POINT ( 'NONE',  ( 0.4273502691896261500, 0.7401923788646681500, -3.333333333333331700 ) ) ;
#2282 = CARTESIAN_POINT ( 'NONE',  ( 0.4273502691896261500, 0.7401923788646680400, -0.5333333333333314400 ) ) ;
#2283 = ORIENTED_EDGE ( 'NONE', *, *, #1812, .T. ) ;
#2284 = CARTESIAN_POINT ( 'NONE',  ( 0.0000000000000000000, 1.577094602533081600E-056, 1.399999999999999200 ) ) ;
#2285 = CARTESIAN_POINT ( 'NONE',  ( -1.224646799147354200E-016, -1.000000000000000700, -0.8500000000000295100 ) ) ;
#2286 = FACE_OUTER_BOUND ( 'NONE', #1334, .T. ) ;
#2287 = CARTESIAN_POINT ( 'NONE',  ( -1.251161180115475900E-016, -1.021650635094610800, 1.912500000000034700 ) ) ;
#2288 = VERTEX_POINT ( 'NONE', #2285 ) ;
#2289 = ORIENTED_EDGE ( 'NONE', *, *, #2360, .F. ) ;
#2290 = CARTESIAN_POINT ( 'NONE',  ( 0.0000000000000000000, 0.7401923788646683800, -1.299999999999998300 ) ) ;
#2291 = VERTEX_POINT ( 'NONE', #1307 ) ;
#2292 = DIRECTION ( 'NONE',  ( -0.0000000000000000000, 7.509974297776586600E-057, -1.000000000000000000 ) ) ;
#2293 = CARTESIAN_POINT ( 'NONE',  ( 0.6410254037844388400, 0.3700961894323336300, -0.9666666666666651200 ) ) ;
#2294 = VERTEX_POINT ( 'NONE', #2277 ) ;
#2295 = EDGE_CURVE ( 'NONE', #2437, #1787, #2626, .T. ) ;
#2296 = CARTESIAN_POINT ( 'NONE',  ( -1.224646799147354200E-016, -1.000000000000000700, 0.7499999999999703600 ) ) ;
#2297 = DIRECTION ( 'NONE',  ( 0.0000000000000000000, 1.000000000000000000, 0.0000000000000000000 ) ) ;
#2298 = CARTESIAN_POINT ( 'NONE',  ( -9.064742275298811100E-017, -0.7401923788646683800, -3.449999999999997100 ) ) ;
#2299 = CARTESIAN_POINT ( 'NONE',  ( -1.179700538379251400, 7.223582441392798400E-017, 1.037499999999968100 ) ) ;
#2300 = CARTESIAN_POINT ( 'NONE',  ( 0.4273502691896261500, 0.7401923788646681500, -2.483333333333330300 ) ) ;
#2301 = CARTESIAN_POINT ( 'NONE',  ( 0.6410254037844384000, -0.3700961894323345200, -2.233333333333332100 ) ) ;
#2302 = CARTESIAN_POINT ( 'NONE',  ( -0.4273502691896259300, -0.7401923788646681500, -2.333333333333331300 ) ) ;
#2303 = AXIS2_PLACEMENT_3D ( 'NONE', #2640, #889, #392 ) ;
#2304 =( BOUNDED_CURVE ( )  B_SPLINE_CURVE ( 2, ( #127, #2558, #639, #2799, #1853, #1092, #2832 ),
 .UNSPECIFIED., .F., .T. ) 
 B_SPLINE_CURVE_WITH_KNOTS ( ( 3, 2, 2, 3 ),
 ( 0.1785714285714286000, 0.1904761904761904700, 0.2023809523809524400, 0.2142857142857143000 ),
 .UNSPECIFIED. ) 
 CURVE ( )  GEOMETRIC_REPRESENTATION_ITEM ( )  RATIONAL_B_SPLINE_CURVE ( ( 1.000000000000000000, 0.8660254037844387100, 1.000000000000000000, 0.8660254037844387100, 1.000000000000000000, 0.8660254037844387100, 1.000000000000000000 ) ) 
 REPRESENTATION_ITEM ( '' )  );
#2305 = CARTESIAN_POINT ( 'NONE',  ( 0.7499999999999997800, 0.1522638590145219700, 3.319022690931732200 ) ) ;
#2306 = CARTESIAN_POINT ( 'NONE',  ( 0.0000000000000000000, 0.7401923788646683800, -1.699999999999998400 ) ) ;
#2307 = EDGE_CURVE ( 'NONE', #1625, #1912, #12, .T. ) ;
#2308 = CARTESIAN_POINT ( 'NONE',  ( 0.8660254037844389300, -0.5000000000000007800, 0.7666666666666994700 ) ) ;
#2309 = DIRECTION ( 'NONE',  ( -0.0000000000000000000, 7.509974297776586600E-057, -1.000000000000000000 ) ) ;
#2310 = CARTESIAN_POINT ( 'NONE',  ( 0.5898502691896262400, 1.021650635094610400, 0.8791666666667017300 ) ) ;
#2311 = CARTESIAN_POINT ( 'NONE',  ( 0.8847754037844383100, -0.5108253175473058700, 0.4041666666666351400 ) ) ;
#2312 = CARTESIAN_POINT ( 'NONE',  ( -9.064742275298811100E-017, -0.7401923788646683800, -2.249999999999996900 ) ) ;
#2313 = CARTESIAN_POINT ( 'NONE',  ( 0.6410254037844384000, -0.3700961894323345200, -1.433333333333331600 ) ) ;
#2314 = PERSON_AND_ORGANIZATION_ROLE ( 'creator' ) ;
#2315 = CARTESIAN_POINT ( 'NONE',  ( -0.4273502691896259300, -0.7401923788646681500, -1.933333333333331600 ) ) ;
#2316 = CARTESIAN_POINT ( 'NONE',  ( 0.0000000000000000000, -2.628491004221804600E-056, 3.499999999999998700 ) ) ;
#2317 = CARTESIAN_POINT ( 'NONE',  ( 0.6410254037844388400, 0.3700961894323336300, 0.2333333333333353900 ) ) ;
#2318 = ADVANCED_FACE ( 'NONE', ( #360 ), #720, .T. ) ;
#2319 = DIRECTION ( 'NONE',  ( -0.0000000000000000000, 7.509974297776586600E-057, -1.000000000000000000 ) ) ;
#2320 = CARTESIAN_POINT ( 'NONE',  ( -1.179700538379251400, 7.223582441392798400E-017, 1.812500000000034600 ) ) ;
#2321 = CARTESIAN_POINT ( 'NONE',  ( -0.8847754037844384200, 0.5108253175473055400, 1.404166666666635300 ) ) ;
#2322 = AXIS2_PLACEMENT_3D ( 'NONE', #643, #2370, #911 ) ;
#2323 = CARTESIAN_POINT ( 'NONE',  ( 0.8547005383792514200, -1.570059417833504600E-016, -1.399999999999998800 ) ) ;
#2324 = CARTESIAN_POINT ( 'NONE',  ( 0.4273502691896254900, -0.7401923788646686000, -1.066666666666664900 ) ) ;
#2325 = DIRECTION ( 'NONE',  ( 0.8660254037844393700, -0.4999999999999985600, 0.0000000000000000000 ) ) ;
#2326 = CARTESIAN_POINT ( 'NONE',  ( -0.4273502691896259900, -0.7401923788646680400, 1.666666666666668700 ) ) ;
#2327 = ORIENTED_EDGE ( 'NONE', *, *, #376, .F. ) ;
#2328 = VERTEX_POINT ( 'NONE', #2518 ) ;
#2329 = EDGE_LOOP ( 'NONE', ( #665, #2505, #526, #2434, #2784, #2749, #1584, #292, #519, #2327, #2786, #1284, #140, #2981, #1548, #3160, #175, #1713, #2741, #1104, #1292, #783, #704, #1669, #2743, #2289, #597, #746, #866, #1981, #95 ) ) ;
#2330 = CARTESIAN_POINT ( 'NONE',  ( 1.154700538379252600, -2.121150477449814600E-016, -1.999999999999967800 ) ) ;
#2331 = CARTESIAN_POINT ( 'NONE',  ( 0.5898502691896252400, -1.021650635094611100, 0.7458333333333683200 ) ) ;
#2332 = CARTESIAN_POINT ( 'NONE',  ( -9.064742275298811100E-017, -0.7401923788646683800, 1.750000000000003300 ) ) ;
#2333 = EDGE_LOOP ( 'NONE', ( #1827, #3171, #249, #2067 ) ) ;
#2334 = CARTESIAN_POINT ( 'NONE',  ( 0.6410254037844388400, 0.3700961894323336300, 0.2333333333333353900 ) ) ;
#2335 = CARTESIAN_POINT ( 'NONE',  ( 0.4273502691896261500, 0.7401923788646681500, -1.333333333333331700 ) ) ;
#2336 = ADVANCED_FACE ( 'NONE', ( #2761 ), #1266, .T. ) ;
#2337 = CARTESIAN_POINT ( 'NONE',  ( 0.6410254037844384000, -0.3700961894323345200, -0.5833333333333302600 ) ) ;
#2338 = DIRECTION ( 'NONE',  ( 0.0000000000000000000, 1.000000000000000000, 0.0000000000000000000 ) ) ;
#2339 = CARTESIAN_POINT ( 'NONE',  ( 0.8547005383792514200, -1.570059417833504600E-016, 1.000000000000001800 ) ) ;
#2340 = PERSON_AND_ORGANIZATION ( #666, #1487 ) ;
#2341 = AXIS2_PLACEMENT_3D ( 'NONE', #488, #1697, #953 ) ;
#2342 = DIRECTION ( 'NONE',  ( -1.224646799147353200E-016, 1.000000000000000000, 0.0000000000000000000 ) ) ;
#2343 = CARTESIAN_POINT ( 'NONE',  ( 0.4273502691896261500, 0.7401923788646680400, -2.483333333333330300 ) ) ;
#2344 = CARTESIAN_POINT ( 'NONE',  ( 0.6410254037844388400, 0.3700961894323336300, -2.566666666666665100 ) ) ;
#2345 = CARTESIAN_POINT ( 'NONE',  ( -1.224646799147354200E-016, -1.000000000000000700, -2.899999999999967500 ) ) ;
#2346 = CARTESIAN_POINT ( 'NONE',  ( -0.4273502691896259900, -0.7401923788646680400, 0.06666666666666842800 ) ) ;
#2347 = CARTESIAN_POINT ( 'NONE',  ( -0.6410254037844386200, -0.3700961894323340200, -0.3666666666666648600 ) ) ;
#2348 = CARTESIAN_POINT ( 'NONE',  ( 0.6410254037844384000, -0.3700961894323345200, -1.383333333333330200 ) ) ;
#2349 = CARTESIAN_POINT ( 'NONE',  ( -1.224646799147354200E-016, -1.000000000000000700, -0.09999999999996717100 ) ) ;
#2350 = CARTESIAN_POINT ( 'NONE',  ( 0.6410254037844384000, -0.3700961894323345200, 0.9666666666666686700 ) ) ;
#2351 = ADVANCED_FACE ( 'NONE', ( #1345 ), #3145, .T. ) ;
#2352 = EDGE_CURVE ( 'NONE', #1177, #2145, #3107, .T. ) ;
#2353 = CARTESIAN_POINT ( 'NONE',  ( 0.0000000000000000000, 1.000000000000000700, -1.450000000000029500 ) ) ;
#2354 = CARTESIAN_POINT ( 'NONE',  ( -0.5773502691896260600, 1.000000000000000700, 0.1833333333333035900 ) ) ;
#2355 = CARTESIAN_POINT ( 'NONE',  ( 0.4273502691896254900, -0.7401923788646686000, -2.616666666666664000 ) ) ;
#2356 = CARTESIAN_POINT ( 'NONE',  ( -9.064742275298811100E-017, -0.7401923788646683800, -3.499999999999998200 ) ) ;
#2357 = CARTESIAN_POINT ( 'NONE',  ( -0.4273502691896259300, -0.7401923788646681500, 0.06666666666666842800 ) ) ;
#2358 = CARTESIAN_POINT ( 'NONE',  ( 0.4273502691896254900, -0.7401923788646686000, -0.6166666666666633700 ) ) ;
#2359 = CARTESIAN_POINT ( 'NONE',  ( 0.4273502691896261500, 0.7401923788646680400, 0.6666666666666686300 ) ) ;
#2360 = EDGE_CURVE ( 'NONE', #1249, #2437, #2769, .T. ) ;
#2361 = VECTOR ( 'NONE', #3096, 1000.000000000000000 ) ;
#2362 = CARTESIAN_POINT ( 'NONE',  ( 1.154700538379252600, -2.121150477449814600E-016, -1.550000000000029400 ) ) ;
#2363 = CARTESIAN_POINT ( 'NONE',  ( -0.6410254037844386200, -0.3700961894323340200, -3.166666666666664700 ) ) ;
#2364 = AXIS2_PLACEMENT_3D ( 'NONE', #1618, #2384, #919 ) ;
#2365 = ORIENTED_EDGE ( 'NONE', *, *, #645, .T. ) ;
#2366 = CIRCLE ( 'NONE', #2341, 1.899999999999999900 ) ;
#2367 = CARTESIAN_POINT ( 'NONE',  ( -0.6410254037844386200, -0.3700961894323340200, -1.116666666666663400 ) ) ;
#2368 = ORIENTED_EDGE ( 'NONE', *, *, #1077, .T. ) ;
#2369 = ORIENTED_EDGE ( 'NONE', *, *, #1864, .T. ) ;
#2370 = DIRECTION ( 'NONE',  ( -0.0000000000000000000, 7.509974297776586600E-057, -1.000000000000000000 ) ) ;
#2371 = VERTEX_POINT ( 'NONE', #887 ) ;
#2372 = CARTESIAN_POINT ( 'NONE',  ( 0.5773502691896257300, -1.000000000000001100, -1.616666666666696500 ) ) ;
#2373 = ORIENTED_EDGE ( 'NONE', *, *, #1691, .T. ) ;
#2374 = CARTESIAN_POINT ( 'NONE',  ( 1.154700538379252600, -2.121150477449814600E-016, -2.799999999999967800 ) ) ;
#2375 = CARTESIAN_POINT ( 'NONE',  ( 0.8547005383792513100, -1.570059417833504600E-016, 0.6000000000000014200 ) ) ;
#2376 = CARTESIAN_POINT ( 'NONE',  ( -0.6410254037844385100, 0.3700961894323343000, 0.4166666666666702400 ) ) ;
#2377 = CARTESIAN_POINT ( 'NONE',  ( 0.6410254037844384000, -0.3700961894323345200, -0.1833333333333300500 ) ) ;
#2378 = VECTOR ( 'NONE', #2396, 1000.000000000000000 ) ;
#2379 = CARTESIAN_POINT ( 'NONE',  ( 0.4016114864120659000, 0.7534369350222506200, -3.392864277457917900 ) ) ;
#2380 = CARTESIAN_POINT ( 'NONE',  ( 0.4273502691896254900, -0.7401923788646686000, 0.5833333333333368100 ) ) ;
#2381 = CARTESIAN_POINT ( 'NONE',  ( -1.224646799147354200E-016, -1.000000000000000700, -2.050000000000029100 ) ) ;
#2382 = CARTESIAN_POINT ( 'NONE',  ( 0.5045641449641244900, -0.5747151588659614700, 3.318702545239032200 ) ) ;
#2383 = CARTESIAN_POINT ( 'NONE',  ( -9.064742275298811100E-017, -0.7401923788646683800, -3.049999999999997200 ) ) ;
#2384 = DIRECTION ( 'NONE',  ( -0.0000000000000000000, 7.509974297776586600E-057, -1.000000000000000000 ) ) ;
#2385 = CARTESIAN_POINT ( 'NONE',  ( -0.6410254037844386200, -0.3700961894323340200, 1.283333333333336800 ) ) ;
#2386 = CARTESIAN_POINT ( 'NONE',  ( -9.064742275298811100E-017, -0.7401923788646683800, 1.300000000000001600 ) ) ;
#2387 = VECTOR ( 'NONE', #3152, 1000.000000000000100 ) ;
#2388 = CARTESIAN_POINT ( 'NONE',  ( -0.6410254037844385100, 0.3700961894323343000, 1.616666666666669800 ) ) ;
#2389 = CARTESIAN_POINT ( 'NONE',  ( 0.6986603705340308500, -0.7009754777560184300, -3.261351260079399700 ) ) ;
#2390 = LINE ( 'NONE', #474, #2138 ) ;
#2391 = EDGE_CURVE ( 'NONE', #1711, #1478, #2125, .T. ) ;
#2392 = VECTOR ( 'NONE', #2309, 1000.000000000000000 ) ;
#2393 =( BOUNDED_CURVE ( )  B_SPLINE_CURVE ( 2, ( #2142, #2883, #652, #2875, #915, #1649, #1413 ),
 .UNSPECIFIED., .F., .T. ) 
 B_SPLINE_CURVE_WITH_KNOTS ( ( 3, 2, 2, 3 ),
 ( 0.04626666295980114100, 0.04761904761904761600, 0.05952380952380952100, 0.07142857142857142500 ),
 .UNSPECIFIED. ) 
 CURVE ( )  GEOMETRIC_REPRESENTATION_ITEM ( )  RATIONAL_B_SPLINE_CURVE ( ( 0.9730187808730785800, 0.9847804441533440900, 1.000000000000000000, 0.8660254037844387100, 1.000000000000000000, 0.8660254037844387100, 1.000000000000000000 ) ) 
 REPRESENTATION_ITEM ( '' )  );
#2394 = ORIENTED_EDGE ( 'NONE', *, *, #1565, .T. ) ;
#2395 = CARTESIAN_POINT ( 'NONE',  ( 0.0000000000000000000, 1.000000000000000700, -0.6999999999999674300 ) ) ;
#2396 = DIRECTION ( 'NONE',  ( -0.0000000000000000000, 7.509974297776586600E-057, -1.000000000000000000 ) ) ;
#2397 = CARTESIAN_POINT ( 'NONE',  ( -0.6410254037844385100, 0.3700961894323343000, -3.183333333333330500 ) ) ;
#2398 = ORIENTED_EDGE ( 'NONE', *, *, #263, .T. ) ;
#2399 = CARTESIAN_POINT ( 'NONE',  ( -0.4715349903344832100, 0.7638262405112173900, -3.350778343084155300 ) ) ;
#2400 = CARTESIAN_POINT ( 'NONE',  ( -0.6410254037844385100, 0.3700961894323343000, -0.3833333333333301400 ) ) ;
#2401 = CARTESIAN_POINT ( 'NONE',  ( -0.4273502691896259900, -0.7401923788646680400, 0.1166666666666698500 ) ) ;
#2402 = CARTESIAN_POINT ( 'NONE',  ( 0.8547005383792514200, -1.570059417833504600E-016, -0.5999999999999980900 ) ) ;
#2403 = VERTEX_POINT ( 'NONE', #297 ) ;
#2404 = CARTESIAN_POINT ( 'NONE',  ( 0.6410254037844384000, -0.3700961894323345200, 0.2166666666666697000 ) ) ;
#2405 = DIRECTION ( 'NONE',  ( 0.4999999999999998900, -0.8660254037844387100, 0.0000000000000000000 ) ) ;
#2406 = EDGE_CURVE ( 'NONE', #1443, #2328, #2044, .T. ) ;
#2407 = DIRECTION ( 'NONE',  ( 0.0000000000000000000, 1.000000000000000000, 7.509974297776586600E-057 ) ) ;
#2408 = CARTESIAN_POINT ( 'NONE',  ( -0.1043337178917202900, -0.8418921856355255900, -3.398300193230677600 ) ) ;
#2409 = CARTESIAN_POINT ( 'NONE',  ( 0.8024579880723269300, 0.2625339451468625100, -3.422876175335726900 ) ) ;
#2410 = CARTESIAN_POINT ( 'NONE',  ( -0.1214981864889311400, 0.8721167184458082900, -3.368075660422291200 ) ) ;
#2411 = CARTESIAN_POINT ( 'NONE',  ( -0.4273502691896256500, 0.7401923788646683800, 1.583333333333336600 ) ) ;
#2412 = CARTESIAN_POINT ( 'NONE',  ( 0.0000000000000000000, 1.021650635094610800, -2.262500000000031700 ) ) ;
#2413 = FACE_OUTER_BOUND ( 'NONE', #3169, .T. ) ;
#2414 = CARTESIAN_POINT ( 'NONE',  ( 0.0000000000000000000, -1.800000000000000000, 1.499999999999999600 ) ) ;
#2415 = CARTESIAN_POINT ( 'NONE',  ( -1.154700538379252600, 7.070501591499384000E-017, -2.550000000000029600 ) ) ;
#2416 = CARTESIAN_POINT ( 'NONE',  ( 0.7499999999999997800, -0.4330127018922127500, 3.435048094716167500 ) ) ;
#2417 = DIRECTION ( 'NONE',  ( 0.0000000000000000000, 1.000000000000000000, 0.0000000000000000000 ) ) ;
#2418 = CARTESIAN_POINT ( 'NONE',  ( 1.154700538379252600, -2.121150477449814600E-016, -1.950000000000030400 ) ) ;
#2419 = EDGE_LOOP ( 'NONE', ( #734, #2426, #2369, #1670 ) ) ;
#2420 = CARTESIAN_POINT ( 'NONE',  ( 0.8847754037844388600, 0.5108253175473046500, -2.354166666666631900 ) ) ;
#2421 = CARTESIAN_POINT ( 'NONE',  ( -0.5898502691896260200, -1.021650635094610600, -2.895833333333364600 ) ) ;
#2422 = CC_DESIGN_APPROVAL ( #2570, ( #2458 ) ) ;
#2423 = CARTESIAN_POINT ( 'NONE',  ( 0.5773502691896267300, 1.000000000000000200, -0.3333333333333004000 ) ) ;
#2424 = CARTESIAN_POINT ( 'NONE',  ( -0.6410254037844386200, -0.3700961894323340200, -2.316666666666663300 ) ) ;
#2425 = VECTOR ( 'NONE', #237, 1000.000000000000000 ) ;
#2426 = ORIENTED_EDGE ( 'NONE', *, *, #924, .T. ) ;
#2427 = CARTESIAN_POINT ( 'NONE',  ( -0.9335371183852330100, 0.1943012455440593100, -3.318585250539630900 ) ) ;
#2428 = CARTESIAN_POINT ( 'NONE',  ( 0.5898502691896252400, -1.021650635094611100, -2.854166666666631900 ) ) ;
#2429 = CARTESIAN_POINT ( 'NONE',  ( 0.5898502691896252400, -1.021650635094611100, -3.229166666666698000 ) ) ;
#2430 = EDGE_LOOP ( 'NONE', ( #602, #2283, #1999, #638 ) ) ;
#2431 = LINE ( 'NONE', #1800, #1790 ) ;
#2432 = CARTESIAN_POINT ( 'NONE',  ( 1.154700538379252600, -2.121150477449814600E-016, -2.350000000000029400 ) ) ;
#2433 = CARTESIAN_POINT ( 'NONE',  ( 0.8660254037844389300, -0.5000000000000007800, -2.783333333333363000 ) ) ;
#2434 = ORIENTED_EDGE ( 'NONE', *, *, #1209, .T. ) ;
#2435 = CARTESIAN_POINT ( 'NONE',  ( 0.4273502691896261500, 0.7401923788646680400, -3.283333333333330100 ) ) ;
#2436 = CARTESIAN_POINT ( 'NONE',  ( 0.0000000000000000000, 1.501994859555315300E-056, 1.499999999999999600 ) ) ;
#2437 = VERTEX_POINT ( 'NONE', #2571 ) ;
#2438 = ORIENTED_EDGE ( 'NONE', *, *, #531, .T. ) ;
#2439 = CARTESIAN_POINT ( 'NONE',  ( 0.7499999999999996700, 0.4330127018922162500, 3.435048094716169200 ) ) ;
#2440 = CARTESIAN_POINT ( 'NONE',  ( -0.8847754037844385300, -0.5108253175473052000, -3.354166666666631900 ) ) ;
#2441 = CARTESIAN_POINT ( 'NONE',  ( 0.0000000000000000000, 1.021650635094610800, -3.862500000000031800 ) ) ;
#2442 = CARTESIAN_POINT ( 'NONE',  ( -9.773698237423904300E-016, -0.8660254037844323800, 3.435048094716164800 ) ) ;
#2443 = CARTESIAN_POINT ( 'NONE',  ( 0.8660254037844397100, 0.4999999999999995600, 0.8833333333333036600 ) ) ;
#2444 = LINE ( 'NONE', #868, #1802 ) ;
#2445 = CARTESIAN_POINT ( 'NONE',  ( 0.4273502691896261500, 0.7401923788646680400, -1.283333333333330300 ) ) ;
#2446 = CARTESIAN_POINT ( 'NONE',  ( -0.5773502691896264000, -1.000000000000000400, -0.4833333333333629200 ) ) ;
#2447 = CARTESIAN_POINT ( 'NONE',  ( -0.8847754037844385300, -0.5108253175473052000, -2.554166666666632100 ) ) ;
#2448 = CARTESIAN_POINT ( 'NONE',  ( -1.251161180115475900E-016, -1.021650635094610800, -2.862500000000031800 ) ) ;
#2449 = EDGE_CURVE ( 'NONE', #2984, #1289, #2444, .T. ) ;
#2450 = DIRECTION ( 'NONE',  ( 0.0000000000000000000, 1.000000000000000000, 7.509974297776586600E-057 ) ) ;
#2451 = CARTESIAN_POINT ( 'NONE',  ( -1.162290413363968500E-016, 0.8660254037844341600, -0.7912878474779098100 ) ) ;
#2452 = APPLICATION_PROTOCOL_DEFINITION ( 'international standard', 'config_control_design', 1994, #2990 ) ;
#2453 = CARTESIAN_POINT ( 'NONE',  ( 0.6410254037844384000, -0.3700961894323345200, -2.983333333333329800 ) ) ;
#2454 = CARTESIAN_POINT ( 'NONE',  ( -9.064742275298811100E-017, -0.7401923788646683800, 0.1500000000000029900 ) ) ;
#2455 = CARTESIAN_POINT ( 'NONE',  ( 0.0000000000000000000, 1.021650635094610800, -3.487499999999965600 ) ) ;
#2456 = CARTESIAN_POINT ( 'NONE',  ( 0.5898502691896262400, 1.021650635094610400, -1.095833333333364700 ) ) ;
#2457 = EDGE_CURVE ( 'NONE', #1251, #369, #499, .T. ) ;
#2458 = PRODUCT_DEFINITION_FORMATION_WITH_SPECIFIED_SOURCE ( 'ANY', '', #1432, .NOT_KNOWN. ) ;
#2459 = CARTESIAN_POINT ( 'NONE',  ( -0.8660254037844393700, -0.5000000000000001100, -2.116666666666696500 ) ) ;
#2460 = CARTESIAN_POINT ( 'NONE',  ( 0.0000000000000000000, 1.000000000000000700, -1.099999999999967000 ) ) ;
#2461 = CARTESIAN_POINT ( 'NONE',  ( 1.154700538379252600, -2.121150477449814600E-016, -2.750000000000028900 ) ) ;
#2462 = CARTESIAN_POINT ( 'NONE',  ( -1.460909258808084300E-013, -0.9937822173508676900, -3.246410161513798400 ) ) ;
#2463 = CARTESIAN_POINT ( 'NONE',  ( 0.6410254037844384000, -0.3700961894323345200, -2.583333333333330400 ) ) ;
#2464 = CONICAL_SURFACE ( 'NONE', #1333, 0.7401923788646683800, 0.7853981633974453900 ) ;
#2465 = LINE ( 'NONE', #2534, #1470 ) ;
#2466 = VERTEX_POINT ( 'NONE', #841 ) ;
#2467 = ORIENTED_EDGE ( 'NONE', *, *, #1980, .F. ) ;
#2468 = CARTESIAN_POINT ( 'NONE',  ( 0.0000000000000000000, 0.7401923788646683800, -1.649999999999997000 ) ) ;
#2469 = CARTESIAN_POINT ( 'NONE',  ( -0.4273502691896256500, 0.7401923788646683800, 0.7833333333333364300 ) ) ;
#2470 = CARTESIAN_POINT ( 'NONE',  ( 0.0000000000000000000, 1.000000000000000700, -0.6500000000000294400 ) ) ;
#2471 =( BOUNDED_CURVE ( )  B_SPLINE_CURVE ( 2, ( #2951, #763, #2224, #740, #1761, #1967, #2258 ),
 .UNSPECIFIED., .F., .T. ) 
 B_SPLINE_CURVE_WITH_KNOTS ( ( 3, 2, 2, 3 ),
 ( 0.2142857142857142700, 0.2261904761904761900, 0.2380952380952380800, 0.2500000000000000000 ),
 .UNSPECIFIED. ) 
 CURVE ( )  GEOMETRIC_REPRESENTATION_ITEM ( )  RATIONAL_B_SPLINE_CURVE ( ( 1.000000000000000000, 0.8660254037844387100, 1.000000000000000000, 0.8660254037844387100, 1.000000000000000000, 0.8660254037844387100, 1.000000000000000000 ) ) 
 REPRESENTATION_ITEM ( '' )  );
#2472 = CARTESIAN_POINT ( 'NONE',  ( -0.8847754037844384200, 0.5108253175473055400, -0.2208333333332986000 ) ) ;
#2473 = CARTESIAN_POINT ( 'NONE',  ( 1.179700538379251400, -2.167074732417838900E-016, -1.162500000000031600 ) ) ;
#2474 = ORIENTED_EDGE ( 'NONE', *, *, #1077, .F. ) ;
#2475 = ADVANCED_FACE ( 'NONE', ( #613 ), #1890, .T. ) ;
#2476 = CARTESIAN_POINT ( 'NONE',  ( -0.6410254037844386200, -0.3700961894323340200, -3.566666666666665100 ) ) ;
#2477 = DIRECTION ( 'NONE',  ( -0.0000000000000000000, 7.509974297776586600E-057, -1.000000000000000000 ) ) ;
#2478 = ORIENTED_EDGE ( 'NONE', *, *, #2307, .T. ) ;
#2479 = CARTESIAN_POINT ( 'NONE',  ( -0.7499999999999960000, 0.1522638590145224400, 3.319022690931728600 ) ) ;
#2480 = CARTESIAN_POINT ( 'NONE',  ( -0.6410254037844386200, -0.3700961894323340200, -0.7166666666666636800 ) ) ;
#2481 = CARTESIAN_POINT ( 'NONE',  ( -0.6410254037844385100, 0.3700961894323343000, -0.3833333333333301400 ) ) ;
#2482 = DIRECTION ( 'NONE',  ( 0.0000000000000000000, 0.0000000000000000000, 1.000000000000000000 ) ) ;
#2483 = CARTESIAN_POINT ( 'NONE',  ( 0.0000000000000000000, 1.021650635094610800, -0.6874999999999654700 ) ) ;
#2484 = CARTESIAN_POINT ( 'NONE',  ( 0.8847754037844383100, -0.5108253175473058700, -0.3958333333333647900 ) ) ;
#2485 = VECTOR ( 'NONE', #1237, 1000.000000000000000 ) ;
#2486 = DIRECTION ( 'NONE',  ( 0.0000000000000000000, 1.000000000000000000, 0.0000000000000000000 ) ) ;
#2487 = CARTESIAN_POINT ( 'NONE',  ( -1.224646799147354200E-016, -1.000000000000000700, -0.8999999999999671600 ) ) ;
#2488 = DIRECTION ( 'NONE',  ( 0.0000000000000000000, 1.000000000000000000, 0.0000000000000000000 ) ) ;
#2489 = CARTESIAN_POINT ( 'NONE',  ( -0.4273502691896259900, -0.7401923788646680400, -1.083333333333330400 ) ) ;
#2491 = MANIFOLD_SOLID_BREP ( 'Revolve2', #941 ) ;
#2490 = ADVANCED_FACE ( 'NONE', ( #2686 ), #794, .T. ) ;
#2492 = CARTESIAN_POINT ( 'NONE',  ( 0.0000000000000000000, 0.7401923788646683800, 1.150000000000003500 ) ) ;
#2493 = DIRECTION ( 'NONE',  ( -0.8660254037844383700, -0.5000000000000003300, -3.754987148888295000E-057 ) ) ;
#2494 = CARTESIAN_POINT ( 'NONE',  ( -0.8847754037844385300, -0.5108253175473052000, -0.9541666666666318600 ) ) ;
#2495 = CARTESIAN_POINT ( 'NONE',  ( -1.251161180115475900E-016, -1.021650635094610800, -1.662500000000031600 ) ) ;
#2496 = CARTESIAN_POINT ( 'NONE',  ( 0.4273502691896254900, -0.7401923788646686000, -3.066666666666665100 ) ) ;
#2497 = CARTESIAN_POINT ( 'NONE',  ( 0.8660254037844389300, -0.5000000000000007800, -0.8333333333333004000 ) ) ;
#2498 = CARTESIAN_POINT ( 'NONE',  ( -9.064742275298811100E-017, -0.7401923788646683800, -1.499999999999998200 ) ) ;
#2499 = ORIENTED_EDGE ( 'NONE', *, *, #1696, .F. ) ;
#2500 = CARTESIAN_POINT ( 'NONE',  ( -0.6410254037844385100, 0.3700961894323343000, 0.4166666666666702400 ) ) ;
#2501 = DIRECTION ( 'NONE',  ( 0.0000000000000000000, 1.000000000000000000, 0.0000000000000000000 ) ) ;
#2502 = CARTESIAN_POINT ( 'NONE',  ( 0.8847754037844383100, -0.5108253175473058700, -1.220833333333298600 ) ) ;
#2503 = CARTESIAN_POINT ( 'NONE',  ( 0.8847754037844383100, -0.5108253175473058700, -1.195833333333364600 ) ) ;
#2504 = EDGE_CURVE ( 'NONE', #2144, #1249, #2304, .T. ) ;
#2505 = ORIENTED_EDGE ( 'NONE', *, *, #1202, .T. ) ;
#2506 = CARTESIAN_POINT ( 'NONE',  ( -0.4273502691896256500, 0.7401923788646683800, -0.8666666666666649200 ) ) ;
#2507 = CARTESIAN_POINT ( 'NONE',  ( 0.8547005383792513100, -1.570059417833504600E-016, -2.999999999999998200 ) ) ;
#2508 = EDGE_LOOP ( 'NONE', ( #2778, #1630, #901, #2629, #1141, #2516 ) ) ;
#2509 = LINE ( 'NONE', #1043, #1400 ) ;
#2510 = CARTESIAN_POINT ( 'NONE',  ( 0.0000000000000000000, -1.224646799147350500E-013, 1000.822649730810300 ) ) ;
#2511 = CARTESIAN_POINT ( 'NONE',  ( -0.8547005383792514200, 5.233531392778349000E-017, -0.7999999999999981600 ) ) ;
#2512 = VERTEX_POINT ( 'NONE', #3077 ) ;
#2513 = CARTESIAN_POINT ( 'NONE',  ( -0.4273502691896259300, -0.7401923788646681500, -1.483333333333330500 ) ) ;
#2514 = EDGE_CURVE ( 'NONE', #937, #1711, #1451, .T. ) ;
#2515 = CARTESIAN_POINT ( 'NONE',  ( -0.4273502691896259300, -0.7401923788646681500, -1.083333333333330200 ) ) ;
#2516 = ORIENTED_EDGE ( 'NONE', *, *, #2735, .F. ) ;
#2517 = DIRECTION ( 'NONE',  ( 0.0000000000000000000, 1.000000000000000000, 0.0000000000000000000 ) ) ;
#2518 = CARTESIAN_POINT ( 'NONE',  ( 0.9309773090682665900, -2.628491004221804600E-056, 3.499999999999998700 ) ) ;
#2519 = CARTESIAN_POINT ( 'NONE',  ( 0.0000000000000000000, 1.021650635094610800, -0.2874999999999652800 ) ) ;
#2520 = CARTESIAN_POINT ( 'NONE',  ( -1.179700538379251400, 7.223582441392798400E-017, 0.6374999999999687600 ) ) ;
#2521 = ORIENTED_EDGE ( 'NONE', *, *, #511, .T. ) ;
#2522 = CARTESIAN_POINT ( 'NONE',  ( 0.6410254037844388400, 0.3700961894323336300, -1.366666666666664900 ) ) ;
#2523 = CARTESIAN_POINT ( 'NONE',  ( -9.064742275298811100E-017, -0.7401923788646683800, -3.099999999999998800 ) ) ;
#2524 = CARTESIAN_POINT ( 'NONE',  ( -0.7499999999999954500, -0.4330127018922179700, -0.7912878474779098100 ) ) ;
#2525 = CARTESIAN_POINT ( 'NONE',  ( -9.064742275298811100E-017, -0.7401923788646683800, -2.299999999999998000 ) ) ;
#2526 = VECTOR ( 'NONE', #1225, 1000.000000000000000 ) ;
#2527 = DIRECTION ( 'NONE',  ( -0.0000000000000000000, 7.509974297776586600E-057, -1.000000000000000000 ) ) ;
#2528 = CARTESIAN_POINT ( 'NONE',  ( 0.8547005383792514200, -1.570059417833504600E-016, -3.349999999999997000 ) ) ;
#2529 = CARTESIAN_POINT ( 'NONE',  ( -0.6410254037844386200, -0.3700961894323340200, -2.316666666666663300 ) ) ;
#2530 = CARTESIAN_POINT ( 'NONE',  ( -0.8547005383792514200, 5.233531392778349000E-017, -2.399999999999998600 ) ) ;
#2531 = CARTESIAN_POINT ( 'NONE',  ( -0.8547005383792513100, 5.233531392778349000E-017, -2.799999999999998000 ) ) ;
#2532 = CARTESIAN_POINT ( 'NONE',  ( -0.8547005383792514200, 5.233531392778349000E-017, -0.3999999999999984100 ) ) ;
#2533 = DIRECTION ( 'NONE',  ( -0.0000000000000000000, 7.509974297776586600E-057, -1.000000000000000000 ) ) ;
#2534 = CARTESIAN_POINT ( 'NONE',  ( 9.064742275298811100E-017, 0.7401923788646683800, -3.499999999999999600 ) ) ;
#2535 = CARTESIAN_POINT ( 'NONE',  ( -0.8847754037844385300, -0.5108253175473052000, 0.6458333333333680100 ) ) ;
#2536 = CARTESIAN_POINT ( 'NONE',  ( -0.5898502691896255800, 1.021650635094610800, 0.1708333333333015300 ) ) ;
#2537 = CARTESIAN_POINT ( 'NONE',  ( -0.4273502691896259900, -0.7401923788646680400, -2.333333333333331700 ) ) ;
#2538 = CARTESIAN_POINT ( 'NONE',  ( -9.064742275298811100E-017, -0.7401923788646683800, -0.2999999999999981600 ) ) ;
#2539 = CARTESIAN_POINT ( 'NONE',  ( -0.5773502691896260600, 1.000000000000000700, -0.2666666666666341300 ) ) ;
#2540 = CARTESIAN_POINT ( 'NONE',  ( -0.4273502691896259900, -0.7401923788646680400, -1.933333333333331600 ) ) ;
#2541 = CIRCLE ( 'NONE', #709, 0.9309773090682665900 ) ;
#2542 = AXIS2_PLACEMENT_3D ( 'NONE', #1107, #1122, #2080 ) ;
#2543 = DIRECTION ( 'NONE',  ( -0.0000000000000000000, 7.509974297776586600E-057, -1.000000000000000000 ) ) ;
#2544 = CARTESIAN_POINT ( 'NONE',  ( 0.0000000000000000000, 5.256982008443607300E-056, -3.499999999999997800 ) ) ;
#2545 = LINE ( 'NONE', #1781, #2392 ) ;
#2546 = CARTESIAN_POINT ( 'NONE',  ( -0.5898502691896255800, 1.021650635094610800, 0.9458333333333679400 ) ) ;
#2547 = CARTESIAN_POINT ( 'NONE',  ( -1.251161180115475900E-016, -1.021650635094610800, 1.137499999999968400 ) ) ;
#2548 = VERTEX_POINT ( 'NONE', #364 ) ;
#2549 = CARTESIAN_POINT ( 'NONE',  ( 0.0000000000000000000, 0.7401923788646683800, -2.049999999999997200 ) ) ;
#2550 = EDGE_LOOP ( 'NONE', ( #3059, #1753, #283 ) ) ;
#2551 = CARTESIAN_POINT ( 'NONE',  ( 0.4273502691896261500, 0.7401923788646680400, -1.333333333333331900 ) ) ;
#2552 = APPROVAL_STATUS ( 'not_yet_approved' ) ;
#2553 = CARTESIAN_POINT ( 'NONE',  ( 0.4273502691896261500, 0.7401923788646681500, -1.733333333333331400 ) ) ;
#2554 = ORIENTED_EDGE ( 'NONE', *, *, #310, .T. ) ;
#2555 = CARTESIAN_POINT ( 'NONE',  ( -9.064742275298811100E-017, -0.7401923788646683800, -0.2999999999999981600 ) ) ;
#2556 = VERTEX_POINT ( 'NONE', #1605 ) ;
#2557 = EDGE_CURVE ( 'NONE', #3094, #3101, #759, .T. ) ;
#2558 = CARTESIAN_POINT ( 'NONE',  ( 0.5773502691896267300, 1.000000000000000200, 0.5166666666666375200 ) ) ;
#2559 = CARTESIAN_POINT ( 'NONE',  ( -0.5898502691896260200, -1.021650635094610600, 1.079166666666701200 ) ) ;
#2560 = MECHANICAL_CONTEXT ( 'NONE', #2990, 'mechanical' ) ;
#2561 = CARTESIAN_POINT ( 'NONE',  ( -0.8547005383792514200, 5.233531392778349000E-017, 0.4000000000000019100 ) ) ;
#2562 = SECURITY_CLASSIFICATION_LEVEL ( 'unclassified' ) ;
#2563 = CARTESIAN_POINT ( 'NONE',  ( -0.6410254037844385100, 0.3700961894323343000, -0.8333333333333317100 ) ) ;
#2564 = CARTESIAN_POINT ( 'NONE',  ( 0.4273502691896254900, -0.7401923788646686000, -1.416666666666663600 ) ) ;
#2565 = LOCAL_TIME ( 11, 16, 43.00000000000000000, #28 ) ;
#2566 = DIRECTION ( 'NONE',  ( 0.0000000000000000000, -1.000000000000000000, 0.0000000000000000000 ) ) ;
#2567 = CARTESIAN_POINT ( 'NONE',  ( -0.8547005383792514200, 5.233531392778349000E-017, 1.200000000000001500 ) ) ;
#2568 = FACE_OUTER_BOUND ( 'NONE', #374, .T. ) ;
#2569 = EDGE_CURVE ( 'NONE', #289, #780, #183, .T. ) ;
#2570 = APPROVAL ( #2552, 'UNSPECIFIED' ) ;
#2571 = CARTESIAN_POINT ( 'NONE',  ( 0.0000000000000000000, 1.000000000000000700, 0.1499999999999704600 ) ) ;
#2572 = CARTESIAN_POINT ( 'NONE',  ( 0.5898502691896262400, 1.021650635094610400, 0.4791666666667015500 ) ) ;
#2573 = CARTESIAN_POINT ( 'NONE',  ( 0.4273502691896254900, -0.7401923788646686000, -2.666666666666665200 ) ) ;
#2574 = DIRECTION ( 'NONE',  ( 0.0000000000000000000, -7.509974297776586600E-057, 1.000000000000000000 ) ) ;
#2575 = CARTESIAN_POINT ( 'NONE',  ( -0.4273502691896256500, 0.7401923788646683800, 0.3333333333333347600 ) ) ;
#2576 = CARTESIAN_POINT ( 'NONE',  ( -9.064742275298811100E-017, -0.7401923788646683800, -0.6999999999999984000 ) ) ;
#2577 = CARTESIAN_POINT ( 'NONE',  ( -9.064742275298811100E-017, -0.7401923788646683800, -2.249999999999996900 ) ) ;
#2578 = CARTESIAN_POINT ( 'NONE',  ( -9.064742275298811100E-017, -0.7401923788646683800, -3.499999999999998200 ) ) ;
#2579 = CARTESIAN_POINT ( 'NONE',  ( 0.4273502691896261500, 0.7401923788646680400, 0.2666666666666685500 ) ) ;
#2580 = DIRECTION ( 'NONE',  ( 0.0000000000000000000, 1.000000000000000000, 0.0000000000000000000 ) ) ;
#2581 = CARTESIAN_POINT ( 'NONE',  ( -0.6410254037844385100, 0.3700961894323343000, -2.783333333333330600 ) ) ;
#2582 = CARTESIAN_POINT ( 'NONE',  ( 0.4273502691896254900, -0.7401923788646686000, -3.466666666666665500 ) ) ;
#2583 = AXIS2_PLACEMENT_3D ( 'NONE', #2657, #475, #2679 ) ;
#2584 = CARTESIAN_POINT ( 'NONE',  ( -0.4088817310699119400, 1.000000000000000700, 1.373606797749964200 ) ) ;
#2585 = CARTESIAN_POINT ( 'NONE',  ( 0.4273502691896261500, 0.7401923788646680400, 1.066666666666668900 ) ) ;
#2586 = CARTESIAN_POINT ( 'NONE',  ( 0.6410254037844384000, -0.3700961894323345200, -1.433333333333331600 ) ) ;
#2587 = ADVANCED_FACE ( 'NONE', ( #2647, #2568 ), #1889, .T. ) ;
#2588 = CARTESIAN_POINT ( 'NONE',  ( 0.0000000000000000000, 0.7401923788646683800, -1.249999999999996700 ) ) ;
#2589 = CYLINDRICAL_SURFACE ( 'NONE', #3136, 1.000000000000000700 ) ;
#2590 = EDGE_LOOP ( 'NONE', ( #1505, #335, #1878, #138 ) ) ;
#2591 = CARTESIAN_POINT ( 'NONE',  ( 0.4273502691896261500, 0.7401923788646680400, 1.066666666666668900 ) ) ;
#2592 = EDGE_LOOP ( 'NONE', ( #1671, #2373, #859, #487 ) ) ;
#2593 = LINE ( 'NONE', #506, #1145 ) ;
#2594 = ORIENTED_EDGE ( 'NONE', *, *, #3015, .F. ) ;
#2595 = CARTESIAN_POINT ( 'NONE',  ( -0.5186004454876513800, -0.5281461309801920300, -3.499999999999994200 ) ) ;
#2596 = CARTESIAN_POINT ( 'NONE',  ( 0.0000000000000000000, -2.628491004221804600E-056, 3.499999999999998700 ) ) ;
#2597 =( BOUNDED_CURVE ( )  B_SPLINE_CURVE ( 2, ( #2353, #377, #1622, #2362, #161, #2372, #3066 ),
 .UNSPECIFIED., .F., .T. ) 
 B_SPLINE_CURVE_WITH_KNOTS ( ( 3, 2, 2, 3 ),
 ( 0.5357142857142858100, 0.5476190476190476700, 0.5595238095238095300, 0.5714285714285714000 ),
 .UNSPECIFIED. ) 
 CURVE ( )  GEOMETRIC_REPRESENTATION_ITEM ( )  RATIONAL_B_SPLINE_CURVE ( ( 1.000000000000000000, 0.8660254037844387100, 1.000000000000000000, 0.8660254037844387100, 1.000000000000000000, 0.8660254037844387100, 1.000000000000000000 ) ) 
 REPRESENTATION_ITEM ( '' )  );
#2598 = CARTESIAN_POINT ( 'NONE',  ( 0.4273502691896254900, -0.7401923788646686000, -3.016666666666663500 ) ) ;
#2599 = CARTESIAN_POINT ( 'NONE',  ( 0.0000000000000000000, 0.7401923788646683800, -3.699999999999998400 ) ) ;
#2600 = ORIENTED_EDGE ( 'NONE', *, *, #2114, .F. ) ;
#2601 = CARTESIAN_POINT ( 'NONE',  ( 0.8547005383792513100, -1.570059417833504600E-016, -0.1999999999999983500 ) ) ;
#2602 = CARTESIAN_POINT ( 'NONE',  ( 0.6410254037844388400, 0.3700961894323336300, -0.5166666666666635000 ) ) ;
#2603 = CARTESIAN_POINT ( 'NONE',  ( 0.0000000000000000000, 0.7401923788646683800, 1.100000000000002100 ) ) ;
#2604 = CARTESIAN_POINT ( 'NONE',  ( 2.957037223606512900E-011, -0.7834936490557764500, 1.275000000001086800 ) ) ;
#2605 = VECTOR ( 'NONE', #1404, 999.9999999999998900 ) ;
#2606 = CARTESIAN_POINT ( 'NONE',  ( -0.6410254037844386200, -0.3700961894323340200, -1.916666666666663600 ) ) ;
#2607 = CARTESIAN_POINT ( 'NONE',  ( -1.000000000000000400, 4.999405460521373500E-013, 1.399999999999999500 ) ) ;
#2608 = CARTESIAN_POINT ( 'NONE',  ( -9.064742275298811100E-017, -0.7401923788646683800, -1.849999999999996800 ) ) ;
#2609 = AXIS2_PLACEMENT_3D ( 'NONE', #332, #2787, #90 ) ;
#2610 = CARTESIAN_POINT ( 'NONE',  ( 0.8547005383792513100, -1.570059417833504600E-016, -0.1499999999999968900 ) ) ;
#2611 = DIRECTION ( 'NONE',  ( -0.0000000000000000000, -0.0000000000000000000, 1.000000000000000000 ) ) ;
#2612 = CARTESIAN_POINT ( 'NONE',  ( 0.6479911886892963900, -0.4460794896070650100, -3.460500066096169600 ) ) ;
#2613 = DIRECTION ( 'NONE',  ( 0.0000000000000000000, 1.000000000000000000, 0.0000000000000000000 ) ) ;
#2614 = CARTESIAN_POINT ( 'NONE',  ( 0.4273502691896254900, -0.7401923788646686000, 0.5333333333333353200 ) ) ;
#2615 = CARTESIAN_POINT ( 'NONE',  ( -9.064742275298811100E-017, -0.7401923788646683800, 0.5500000000000036000 ) ) ;
#2616 = CARTESIAN_POINT ( 'NONE',  ( -0.4273502691896259300, -0.7401923788646681500, 0.1166666666666698500 ) ) ;
#2617 = CARTESIAN_POINT ( 'NONE',  ( 0.5721560637997231700, -0.7788356469242878600, -3.284690068709306600 ) ) ;
#2618 = EDGE_CURVE ( 'NONE', #2251, #1365, #2898, .T. ) ;
#2619 = VECTOR ( 'NONE', #1888, 1000.000000000000000 ) ;
#2620 = CARTESIAN_POINT ( 'NONE',  ( 0.0000000000000000000, 1.000000000000000700, -1.099999999999967000 ) ) ;
#2621 = CARTESIAN_POINT ( 'NONE',  ( 0.0000000000000000000, 1.800000000000000000, 2.499999999999999600 ) ) ;
#2622 = CARTESIAN_POINT ( 'NONE',  ( -9.064742275298811100E-017, -0.7401923788646683800, -3.449999999999997100 ) ) ;
#2623 = EDGE_LOOP ( 'NONE', ( #49, #1951, #2141, #1639, #1958 ) ) ;
#2624 = B_SPLINE_CURVE_WITH_KNOTS ( 'NONE', 3,
 ( #728, #492, #2479, #2991 ),
 .UNSPECIFIED., .F., .F.,
 ( 4, 4 ),
 ( 0.0004594101830530192400, 0.0009082819007006155900 ),
 .UNSPECIFIED. ) ;
#2625 = FACE_OUTER_BOUND ( 'NONE', #1011, .T. ) ;
#2626 = LINE ( 'NONE', #307, #1989 ) ;
#2627 = CARTESIAN_POINT ( 'NONE',  ( 0.0000000000000000000, 0.7401923788646683800, -0.09999999999999809000 ) ) ;
#2628 = CARTESIAN_POINT ( 'NONE',  ( -0.6410254037844386200, -0.3700961894323340200, 0.4833333333333365000 ) ) ;
#2629 = ORIENTED_EDGE ( 'NONE', *, *, #1378, .F. ) ;
#2630 = FACE_OUTER_BOUND ( 'NONE', #1677, .T. ) ;
#2631 = CARTESIAN_POINT ( 'NONE',  ( -0.05859781459385459600, 0.8321939397547486500, 3.401216630686481100 ) ) ;
#2632 = EDGE_CURVE ( 'NONE', #1442, #1330, #1384, .T. ) ;
#2633 = CARTESIAN_POINT ( 'NONE',  ( 0.0000000000000000000, 1.000000000000000700, -0.6500000000000294400 ) ) ;
#2634 = EDGE_LOOP ( 'NONE', ( #960, #784, #636, #57 ) ) ;
#2635 = UNCERTAINTY_MEASURE_WITH_UNIT (LENGTH_MEASURE( 1.000000000000000100E-005 ), #719, 'distance_accuracy_value', 'NONE');
#2636 = CARTESIAN_POINT ( 'NONE',  ( 1.224646799147354200E-016, -1.000000000000000700, -3.499999999999997800 ) ) ;
#2637 = CARTESIAN_POINT ( 'NONE',  ( 0.0000000000000000000, 1.000000000000000700, -2.250000000000029800 ) ) ;
#2638 = VERTEX_POINT ( 'NONE', #409 ) ;
#2639 = CARTESIAN_POINT ( 'NONE',  ( -0.8547005383792513100, 5.233531392778349000E-017, -3.149999999999996800 ) ) ;
#2640 = CARTESIAN_POINT ( 'NONE',  ( 0.0000000000000000000, 5.256982008443607300E-056, -3.499999999999997800 ) ) ;
#2641 = CARTESIAN_POINT ( 'NONE',  ( -0.6410254037844385100, 0.3700961894323343000, 0.01666666666667003500 ) ) ;
#2642 = CARTESIAN_POINT ( 'NONE',  ( 0.4273502691896261500, 0.7401923788646680400, -0.1333333333333316700 ) ) ;
#2643 = CARTESIAN_POINT ( 'NONE',  ( -1.154700538379252600, 7.070501591499384000E-017, 0.6000000000000329500 ) ) ;
#2644 = COORDINATED_UNIVERSAL_TIME_OFFSET ( 6, 0, .BEHIND. ) ;
#2645 = CARTESIAN_POINT ( 'NONE',  ( 0.5773502691896267300, 1.000000000000000200, -2.683333333333362400 ) ) ;
#2646 = AXIS2_PLACEMENT_3D ( 'NONE', #2931, #1485, #2713 ) ;
#2647 = FACE_BOUND ( 'NONE', #2211, .T. ) ;
#2648 = DIRECTION ( 'NONE',  ( 0.0000000000000000000, 0.0000000000000000000, 1.000000000000000000 ) ) ;
#2649 = PLANE ( 'NONE',  #3043 ) ;
#2650 = CARTESIAN_POINT ( 'NONE',  ( -0.3026511411947389000, -0.7401923788646682700, -3.473606797749974700 ) ) ;
#2651 = B_SPLINE_CURVE_WITH_KNOTS ( 'NONE', 3,
 ( #472, #2746, #2944, #2009, #1014, #4, #260, #1725, #273, #1268, #1232, #528, #772, #251, #1461, #16, #3182, #25 ),
 .UNSPECIFIED., .F., .F.,
 ( 4, 2, 2, 2, 2, 2, 2, 2, 4 ),
 ( 0.0007569676002839816900, 0.001097568823773180900, 0.001438170047262380300, 0.001778771270751579700, 0.002119372494240779000, 0.002459973717729978200, 0.002800574941219177800, 0.003141176164708377000, 0.003481777388197576200 ),
 .UNSPECIFIED. ) ;
#2652 = CARTESIAN_POINT ( 'NONE',  ( -0.7393589578550539000, -0.6213743187582494400, -3.282054396345058100 ) ) ;
#2653 = CARTESIAN_POINT ( 'NONE',  ( -0.6410254037844386200, -0.3700961894323340200, 0.08333333333333629900 ) ) ;
#2654 = CARTESIAN_POINT ( 'NONE',  ( 0.0000000000000000000, 0.7401923788646683800, 0.3000000000000016500 ) ) ;
#2655 = AXIS2_PLACEMENT_3D ( 'NONE', #2183, #479, #1206 ) ;
#2656 = CARTESIAN_POINT ( 'NONE',  ( -0.8547005383792513100, 5.233531392778349000E-017, 0.8500000000000035300 ) ) ;
#2657 = CARTESIAN_POINT ( 'NONE',  ( 0.0000000000000000000, -1.224646799147350500E-013, 1000.822649730810300 ) ) ;
#2658 = CARTESIAN_POINT ( 'NONE',  ( 0.5773502691896257300, -1.000000000000001100, -1.666666666666633900 ) ) ;
#2659 = DIRECTION ( 'NONE',  ( -0.8660254037844392600, 0.4999999999999987200, 0.0000000000000000000 ) ) ;
#2660 = CARTESIAN_POINT ( 'NONE',  ( 0.4273502691896254900, -0.7401923788646686000, -0.6166666666666633700 ) ) ;
#2661 = CARTESIAN_POINT ( 'NONE',  ( -1.577419970297798500E-016, 0.8660254037844341600, 3.435048094716166600 ) ) ;
#2662 = CARTESIAN_POINT ( 'NONE',  ( -0.8547005383792514200, 5.233531392778349000E-017, 1.650000000000003000 ) ) ;
#2663 = CARTESIAN_POINT ( 'NONE',  ( 0.8847754037844383100, -0.5108253175473058700, -2.795833333333364900 ) ) ;
#2664 = CARTESIAN_POINT ( 'NONE',  ( 0.8660254037844397100, 0.4999999999999995600, -0.3166666666666959600 ) ) ;
#2665 = CARTESIAN_POINT ( 'NONE',  ( -0.8660254037844391500, 0.5000000000000004400, -1.833333333333300800 ) ) ;
#2666 = FACE_OUTER_BOUND ( 'NONE', #822, .T. ) ;
#2667 = VERTEX_POINT ( 'NONE', #2637 ) ;
#2668 = ORIENTED_EDGE ( 'NONE', *, *, #486, .T. ) ;
#2669 = CARTESIAN_POINT ( 'NONE',  ( -0.6410254037844386200, -0.3700961894323340200, -3.516666666666663500 ) ) ;
#2670 = CARTESIAN_POINT ( 'NONE',  ( -0.7499999999999963400, 0.4330127018922166300, -0.7912878474779098100 ) ) ;
#2671 = ORIENTED_EDGE ( 'NONE', *, *, #1261, .F. ) ;
#2672 = EDGE_LOOP ( 'NONE', ( #477, #328, #2821, #2904 ) ) ;
#2673 = CARTESIAN_POINT ( 'NONE',  ( -0.5681280663498339300, -0.7937261557170642900, -3.271667009543994800 ) ) ;
#2674 = CARTESIAN_POINT ( 'NONE',  ( -0.8847754037844384200, 0.5108253175473055400, -2.220833333333298600 ) ) ;
#2675 = CARTESIAN_POINT ( 'NONE',  ( -0.5898502691896255800, 1.021650635094610800, -2.629166666666698400 ) ) ;
#2676 = ORIENTED_EDGE ( 'NONE', *, *, #1812, .F. ) ;
#2677 = DIRECTION ( 'NONE',  ( 0.0000000000000000000, 1.000000000000000000, 0.0000000000000000000 ) ) ;
#2678 =( BOUNDED_CURVE ( )  B_SPLINE_CURVE ( 2, ( #963, #532, #756, #988, #2989, #20, #1506 ),
 .UNSPECIFIED., .F., .T. ) 
 B_SPLINE_CURVE_WITH_KNOTS ( ( 3, 2, 2, 3 ),
 ( 0.5000000000000000000, 0.5119047619047618600, 0.5238095238095238400, 0.5357142857142858100 ),
 .UNSPECIFIED. ) 
 CURVE ( )  GEOMETRIC_REPRESENTATION_ITEM ( )  RATIONAL_B_SPLINE_CURVE ( ( 1.000000000000000000, 0.8660254037844387100, 1.000000000000000000, 0.8660254037844387100, 1.000000000000000000, 0.8660254037844387100, 1.000000000000000000 ) ) 
 REPRESENTATION_ITEM ( '' )  );
#2679 = DIRECTION ( 'NONE',  ( 0.0000000000000000000, -1.000000000000000000, -1.281975124255724200E-016 ) ) ;
#2680 = EDGE_CURVE ( 'NONE', #1631, #2869, #67, .T. ) ;
#2681 = CARTESIAN_POINT ( 'NONE',  ( 0.0000000000000000000, 1.000000000000000700, -2.650000000000029700 ) ) ;
#2682 = CARTESIAN_POINT ( 'NONE',  ( -0.4273502691896256500, 0.7401923788646683800, -2.016666666666663500 ) ) ;
#2683 = CARTESIAN_POINT ( 'NONE',  ( -0.2450578198201250600, 0.8516616073055669500, -3.362318593714757500 ) ) ;
#2684 = CARTESIAN_POINT ( 'NONE',  ( -1.179700538379251400, 7.223582441392798400E-017, -2.187499999999965800 ) ) ;
#2685 = CARTESIAN_POINT ( 'NONE',  ( -0.4273502691896259900, -0.7401923788646680400, 1.666666666666668700 ) ) ;
#2686 = FACE_OUTER_BOUND ( 'NONE', #2550, .T. ) ;
#2687 = EDGE_CURVE ( 'NONE', #2900, #3094, #1609, .T. ) ;
#2688 = CARTESIAN_POINT ( 'NONE',  ( 0.8660254037844389300, -0.5000000000000007800, -2.383333333333363100 ) ) ;
#2689 = CARTESIAN_POINT ( 'NONE',  ( 0.8547005383792514200, -1.570059417833504600E-016, -2.549999999999996700 ) ) ;
#2690 = CARTESIAN_POINT ( 'NONE',  ( 0.9309773090682665900, -2.628491004221804600E-056, 3.499999999999998700 ) ) ;
#2691 = DIRECTION ( 'NONE',  ( -0.0000000000000000000, 7.509974297776586600E-057, -1.000000000000000000 ) ) ;
#2692 = CARTESIAN_POINT ( 'NONE',  ( -1.251161180115475900E-016, -1.021650635094610800, -3.287499999999965400 ) ) ;
#2693 = CARTESIAN_POINT ( 'NONE',  ( 0.4273502691896261500, 0.7401923788646680400, 1.466666666666668100 ) ) ;
#2694 = CARTESIAN_POINT ( 'NONE',  ( -0.6410254037844385100, 0.3700961894323343000, -3.183333333333330500 ) ) ;
#2695 = CYLINDRICAL_SURFACE ( 'NONE', #1111, 1.000000000000000700 ) ;
#2696 = CARTESIAN_POINT ( 'NONE',  ( -1.251161180115475900E-016, -1.021650635094610800, -2.487499999999965600 ) ) ;
#2697 = CARTESIAN_POINT ( 'NONE',  ( 0.0000000000000000000, 1.021650635094610800, -2.662500000000031600 ) ) ;
#2698 = ORIENTED_EDGE ( 'NONE', *, *, #3167, .T. ) ;
#2699 = FACE_OUTER_BOUND ( 'NONE', #1993, .T. ) ;
#2700 = CARTESIAN_POINT ( 'NONE',  ( 0.7499999999999997800, -0.1521051355705922700, 3.319022690931732200 ) ) ;
#2701 = CARTESIAN_POINT ( 'NONE',  ( 0.8660254037844389300, -0.5000000000000007800, 1.166666666666699800 ) ) ;
#2702 = AXIS2_PLACEMENT_3D ( 'NONE', #1376, #1130, #2112 ) ;
#2703 = ORIENTED_EDGE ( 'NONE', *, *, #1916, .T. ) ;
#2704 = ORIENTED_EDGE ( 'NONE', *, *, #743, .F. ) ;
#2705 = DIRECTION ( 'NONE',  ( -0.0000000000000000000, 7.509974297776586600E-057, -1.000000000000000000 ) ) ;
#2706 = CARTESIAN_POINT ( 'NONE',  ( 0.6410254037844388400, 0.3700961894323336300, -2.516666666666663500 ) ) ;
#2707 = ORIENTED_EDGE ( 'NONE', *, *, #2078, .F. ) ;
#2708 = AXIS2_PLACEMENT_3D ( 'NONE', #1222, #2477, #1005 ) ;
#2709 = ORIENTED_EDGE ( 'NONE', *, *, #3167, .F. ) ;
#2710 = CARTESIAN_POINT ( 'NONE',  ( 0.8547005383792514200, -1.570059417833504600E-016, 0.6500000000000031300 ) ) ;
#2711 = CARTESIAN_POINT ( 'NONE',  ( 0.0000000000000000000, 1.000000000000000700, 0.5499999999999706200 ) ) ;
#2712 =( BOUNDED_CURVE ( )  B_SPLINE_CURVE ( 2, ( #913, #2907, #177, #3149, #2917, #458, #2161 ),
 .UNSPECIFIED., .F., .T. ) 
 B_SPLINE_CURVE_WITH_KNOTS ( ( 3, 2, 2, 3 ),
 ( 0.07142857142857142500, 0.08333333333333332900, 0.09523809523809523300, 0.1071428571428571400 ),
 .UNSPECIFIED. ) 
 CURVE ( )  GEOMETRIC_REPRESENTATION_ITEM ( )  RATIONAL_B_SPLINE_CURVE ( ( 1.000000000000000000, 0.8660254037844387100, 1.000000000000000000, 0.8660254037844387100, 1.000000000000000000, 0.8660254037844387100, 1.000000000000000000 ) ) 
 REPRESENTATION_ITEM ( '' )  );
#2713 = DIRECTION ( 'NONE',  ( 1.001543065824777700E-015, -1.000000000000000000, 0.0000000000000000000 ) ) ;
#2714 = CARTESIAN_POINT ( 'NONE',  ( 1.179700538379251400, -2.167074732417838900E-016, -1.562500000000031500 ) ) ;
#2715 = CARTESIAN_POINT ( 'NONE',  ( -0.5773502691896264000, -1.000000000000000400, -2.083333333333362800 ) ) ;
#2716 = CARTESIAN_POINT ( 'NONE',  ( 1.347111479062090200E-016, -1.100000000000001400, 1.499999999999999600 ) ) ;
#2717 = CARTESIAN_POINT ( 'NONE',  ( 0.8660254037844389300, -0.5000000000000007800, -2.433333333333300700 ) ) ;
#2718 = DATE_AND_TIME ( #150, #1648 ) ;
#2719 = CARTESIAN_POINT ( 'NONE',  ( -0.4273502691896256500, 0.7401923788646683800, -2.816666666666663300 ) ) ;
#2720 = ADVANCED_FACE ( 'NONE', ( #1419 ), #2649, .F. ) ;
#2721 = CARTESIAN_POINT ( 'NONE',  ( 0.6410254037844384000, -0.3700961894323345200, 0.2166666666666697000 ) ) ;
#2722 = CARTESIAN_POINT ( 'NONE',  ( 2.326828918379971400E-016, -1.899999999999999900, 3.400000000000000400 ) ) ;
#2723 = CARTESIAN_POINT ( 'NONE',  ( 0.5898502691896262400, 1.021650635094610400, 0.07916666666670133000 ) ) ;
#2724 = CARTESIAN_POINT ( 'NONE',  ( -0.8847754037844385300, -0.5108253175473052000, -0.9291666666666983400 ) ) ;
#2725 = EDGE_CURVE ( 'NONE', #2437, #2466, #1105, .T. ) ;
#2726 = CARTESIAN_POINT ( 'NONE',  ( 1.154700538379252600, -2.121150477449814600E-016, -1.199999999999967500 ) ) ;
#2727 = CARTESIAN_POINT ( 'NONE',  ( 0.8660254037844397100, 0.4999999999999995600, 1.283333333333303900 ) ) ;
#2728 = CARTESIAN_POINT ( 'NONE',  ( -0.4273502691896259900, -0.7401923788646680400, -0.6833333333333301300 ) ) ;
#2729 =( BOUNDED_CURVE ( )  B_SPLINE_CURVE ( 2, ( #456, #717, #1479, #2432, #2688, #3176, #232 ),
 .UNSPECIFIED., .F., .T. ) 
 B_SPLINE_CURVE_WITH_KNOTS ( ( 3, 2, 2, 3 ),
 ( 0.6785714285714286000, 0.6904761904761904700, 0.7023809523809523300, 0.7142857142857143000 ),
 .UNSPECIFIED. ) 
 CURVE ( )  GEOMETRIC_REPRESENTATION_ITEM ( )  RATIONAL_B_SPLINE_CURVE ( ( 1.000000000000000000, 0.8660254037844387100, 1.000000000000000000, 0.8660254037844387100, 1.000000000000000000, 0.8660254037844387100, 1.000000000000000000 ) ) 
 REPRESENTATION_ITEM ( '' )  );
#2730 = ORIENTED_EDGE ( 'NONE', *, *, #814, .F. ) ;
#2731 = CARTESIAN_POINT ( 'NONE',  ( -0.6410254037844386200, -0.3700961894323340200, -0.3166666666666634300 ) ) ;
#2732 = CARTESIAN_POINT ( 'NONE',  ( 0.8660254037844389300, -0.5000000000000007800, -0.7833333333333628600 ) ) ;
#2733 = CARTESIAN_POINT ( 'NONE',  ( 0.5898502691896262400, 1.021650635094610400, -0.3208333333332984400 ) ) ;
#2734 = CARTESIAN_POINT ( 'NONE',  ( 1.179700538379251400, -2.167074732417838900E-016, -0.3625000000000315700 ) ) ;
#2735 = EDGE_CURVE ( 'NONE', #1255, #2291, #155, .T. ) ;
#2736 = CC_DESIGN_PERSON_AND_ORGANIZATION_ASSIGNMENT ( #912, #1570, ( #2458 ) ) ;
#2737 = ADVANCED_FACE ( 'NONE', ( #1157 ), #2918, .T. ) ;
#2738 = CARTESIAN_POINT ( 'NONE',  ( 0.0000000000000000000, 0.0000000000000000000, 1.399999999999999200 ) ) ;
#2739 = CARTESIAN_POINT ( 'NONE',  ( 0.0000000000000000000, 5.256982008443607300E-056, -3.499999999999997800 ) ) ;
#2740 = CYLINDRICAL_SURFACE ( 'NONE', #391, 1.000000000000000700 ) ;
#2741 = ORIENTED_EDGE ( 'NONE', *, *, #2046, .F. ) ;
#2742 = ORIENTED_EDGE ( 'NONE', *, *, #2019, .T. ) ;
#2743 = ORIENTED_EDGE ( 'NONE', *, *, #2725, .F. ) ;
#2744 = CARTESIAN_POINT ( 'NONE',  ( -0.8547005383792513100, 5.233531392778349000E-017, -1.149999999999997000 ) ) ;
#2745 = CARTESIAN_POINT ( 'NONE',  ( -0.6410254037844386200, -0.3700961894323340200, 1.283333333333336800 ) ) ;
#2746 = CARTESIAN_POINT ( 'NONE',  ( 0.1135541730541938400, 0.9507640416243801100, 1.371573606176202900 ) ) ;
#2747 = CARTESIAN_POINT ( 'NONE',  ( -1.251161180115475900E-016, -1.021650635094610800, -0.8874999999999650900 ) ) ;
#2748 = CARTESIAN_POINT ( 'NONE',  ( 0.5898502691896252400, -1.021650635094611100, -0.02916666666669815200 ) ) ;
#2749 = ORIENTED_EDGE ( 'NONE', *, *, #2569, .F. ) ;
#2750 = CARTESIAN_POINT ( 'NONE',  ( 0.6410254037844388400, 0.3700961894323336300, -2.966666666666665000 ) ) ;
#2751 = ORIENTED_EDGE ( 'NONE', *, *, #1681, .F. ) ;
#2752 = CARTESIAN_POINT ( 'NONE',  ( 0.8547005383792514200, -1.570059417833504600E-016, -1.399999999999998800 ) ) ;
#2753 = ORIENTED_EDGE ( 'NONE', *, *, #972, .T. ) ;
#2754 = CARTESIAN_POINT ( 'NONE',  ( 0.6410254037844388400, 0.3700961894323336300, -1.316666666666663500 ) ) ;
#2755 = CARTESIAN_POINT ( 'NONE',  ( 0.0000000000000000000, 0.7401923788646683800, -0.4499999999999968500 ) ) ;
#2756 = DIRECTION ( 'NONE',  ( -0.0000000000000000000, 7.509974297776586600E-057, -1.000000000000000000 ) ) ;
#2757 = CARTESIAN_POINT ( 'NONE',  ( 1.179700538379251400, -2.167074732417838900E-016, -0.3874999999999650900 ) ) ;
#2758 = CARTESIAN_POINT ( 'NONE',  ( -0.8847754037844384200, 0.5108253175473055400, -1.795833333333364900 ) ) ;
#2759 = CARTESIAN_POINT ( 'NONE',  ( 0.0000000000000000000, 0.7401923788646683800, -2.099999999999998800 ) ) ;
#2760 = CARTESIAN_POINT ( 'NONE',  ( 0.4273502691896261500, 0.7401923788646681500, -2.533333333333331900 ) ) ;
#2761 = FACE_OUTER_BOUND ( 'NONE', #2829, .T. ) ;
#2762 = CARTESIAN_POINT ( 'NONE',  ( -0.4273502691896256500, 0.7401923788646683800, -1.666666666666665000 ) ) ;
#2763 = CARTESIAN_POINT ( 'NONE',  ( 0.6293351828858143600, -0.9099594882511193900, -3.210663965883437100 ) ) ;
#2764 = CARTESIAN_POINT ( 'NONE',  ( -0.8660254037844391500, 0.5000000000000004400, 1.366666666666699300 ) ) ;
#2765 = CARTESIAN_POINT ( 'NONE',  ( 0.8847754037844383100, -0.5108253175473058700, -0.4208333333332987000 ) ) ;
#2766 = CARTESIAN_POINT ( 'NONE',  ( -1.251161180115475900E-016, -1.021650635094610800, 0.7374999999999681800 ) ) ;
#2767 = CARTESIAN_POINT ( 'NONE',  ( -9.064742275298811100E-017, -0.7401923788646683800, -1.099999999999998100 ) ) ;
#2768 = CARTESIAN_POINT ( 'NONE',  ( 0.6410254037844388400, 0.3700961894323336300, -2.966666666666665000 ) ) ;
#2769 =( BOUNDED_CURVE ( )  B_SPLINE_CURVE ( 2, ( #1803, #340, #1616, #628, #3044, #2354, #152 ),
 .UNSPECIFIED., .F., .T. ) 
 B_SPLINE_CURVE_WITH_KNOTS ( ( 3, 2, 2, 3 ),
 ( 0.2142857142857143000, 0.2261904761904761600, 0.2380952380952381400, 0.2500000000000000000 ),
 .UNSPECIFIED. ) 
 CURVE ( )  GEOMETRIC_REPRESENTATION_ITEM ( )  RATIONAL_B_SPLINE_CURVE ( ( 1.000000000000000000, 0.8660254037844387100, 1.000000000000000000, 0.8660254037844387100, 1.000000000000000000, 0.8660254037844387100, 1.000000000000000000 ) ) 
 REPRESENTATION_ITEM ( '' )  );
#2770 = CARTESIAN_POINT ( 'NONE',  ( -0.5773502691896264000, -1.000000000000000400, -0.5333333333333004600 ) ) ;
#2771 = CARTESIAN_POINT ( 'NONE',  ( -0.4273502691896256500, 0.7401923788646683800, -0.4666666666666651800 ) ) ;
#2772 = CARTESIAN_POINT ( 'NONE',  ( -0.5186004454877136700, -0.5281461309801305200, 1.249999999999997100 ) ) ;
#2773 = CARTESIAN_POINT ( 'NONE',  ( -1.000000000000000400, 4.999405460521373500E-013, 1.399999999999999500 ) ) ;
#2774 = CARTESIAN_POINT ( 'NONE',  ( 0.4273502691896261500, 0.7401923788646680400, -3.283333333333330100 ) ) ;
#2775 = CARTESIAN_POINT ( 'NONE',  ( -0.8660254037844391500, 0.5000000000000004400, -1.033333333333300600 ) ) ;
#2776 = FACE_OUTER_BOUND ( 'NONE', #1710, .T. ) ;
#2777 = CARTESIAN_POINT ( 'NONE',  ( 0.6410254037844388400, 0.3700961894323336300, -2.566666666666665100 ) ) ;
#2778 = ORIENTED_EDGE ( 'NONE', *, *, #39, .F. ) ;
#2779 = FACE_OUTER_BOUND ( 'NONE', #1212, .T. ) ;
#2780 = VECTOR ( 'NONE', #2527, 1000.000000000000000 ) ;
#2781 = CARTESIAN_POINT ( 'NONE',  ( -1.154700538379252600, 7.070501591499384000E-017, -0.5999999999999671200 ) ) ;
#2782 = CARTESIAN_POINT ( 'NONE',  ( -0.6410254037844386200, -0.3700961894323340200, -2.366666666666664900 ) ) ;
#2783 = ORIENTED_EDGE ( 'NONE', *, *, #645, .F. ) ;
#2784 = ORIENTED_EDGE ( 'NONE', *, *, #1885, .F. ) ;
#2785 = EDGE_CURVE ( 'NONE', #1590, #1631, #1302, .T. ) ;
#2786 = ORIENTED_EDGE ( 'NONE', *, *, #3054, .F. ) ;
#2787 = DIRECTION ( 'NONE',  ( -0.0000000000000000000, 7.509974297776586600E-057, -1.000000000000000000 ) ) ;
#2788 = CARTESIAN_POINT ( 'NONE',  ( 0.4273502691896254900, -0.7401923788646686000, -3.416666666666663900 ) ) ;
#2789 = CARTESIAN_POINT ( 'NONE',  ( -0.5898502691896260200, -1.021650635094610600, 0.3041666666666349400 ) ) ;
#2790 = EDGE_LOOP ( 'NONE', ( #672, #281, #481, #406 ) ) ;
#2791 = ORIENTED_EDGE ( 'NONE', *, *, #2114, .T. ) ;
#2792 = CARTESIAN_POINT ( 'NONE',  ( -0.6410254037844386200, -0.3700961894323340200, -2.766666666666665300 ) ) ;
#2793 = CARTESIAN_POINT ( 'NONE',  ( 0.4273502691896254900, -0.7401923788646686000, -0.2666666666666650500 ) ) ;
#2794 = AXIS2_PLACEMENT_3D ( 'NONE', #193, #2691, #1685 ) ;
#2795 = CARTESIAN_POINT ( 'NONE',  ( -0.8547005383792514200, 5.233531392778349000E-017, 1.600000000000001600 ) ) ;
#2796 = ADVANCED_FACE ( 'NONE', ( #3033 ), #3180, .T. ) ;
#2797 = EDGE_CURVE ( 'NONE', #1631, #1590, #1962, .T. ) ;
#2798 = CC_DESIGN_PERSON_AND_ORGANIZATION_ASSIGNMENT ( #1561, #2314, ( #2458 ) ) ;
#2799 = CARTESIAN_POINT ( 'NONE',  ( 1.154700538379252600, -2.121150477449814600E-016, 0.4499999999999703700 ) ) ;
#2800 = CARTESIAN_POINT ( 'NONE',  ( -1.251161180115475900E-016, -1.021650635094610800, 1.512500000000034600 ) ) ;
#2801 = CARTESIAN_POINT ( 'NONE',  ( -0.8847754037844385300, -0.5108253175473052000, 0.6708333333333019700 ) ) ;
#2802 = CARTESIAN_POINT ( 'NONE',  ( -0.4273502691896259900, -0.7401923788646680400, -1.133333333333331700 ) ) ;
#2803 = APPLICATION_CONTEXT ( 'configuration controlled 3d designs of mechanical parts and assemblies' ) ;
#2804 = CARTESIAN_POINT ( 'NONE',  ( 0.4273502691896254900, -0.7401923788646686000, -1.866666666666664900 ) ) ;
#2805 = CARTESIAN_POINT ( 'NONE',  ( 0.0000000000000000000, 1.000000000000000700, -0.2999999999999672900 ) ) ;
#2806 = CARTESIAN_POINT ( 'NONE',  ( -0.4273502691896256500, 0.7401923788646683800, 1.133333333333335300 ) ) ;
#2807 = CARTESIAN_POINT ( 'NONE',  ( 0.8660254037844397100, 0.4999999999999995600, -3.116666666666696500 ) ) ;
#2808 = CARTESIAN_POINT ( 'NONE',  ( -0.5898502691896260200, -1.021650635094610600, 0.6791666666667011100 ) ) ;
#2809 = CARTESIAN_POINT ( 'NONE',  ( 0.0000000000000000000, 1.000000000000000700, 0.1000000000000329200 ) ) ;
#2810 = CARTESIAN_POINT ( 'NONE',  ( -0.4273502691896256500, 0.7401923788646683800, -0.06666666666666495900 ) ) ;
#2811 =( BOUNDED_CURVE ( )  B_SPLINE_CURVE ( 2, ( #2216, #243, #789, #2726, #2272, #1271, #1020 ),
 .UNSPECIFIED., .F., .T. ) 
 B_SPLINE_CURVE_WITH_KNOTS ( ( 3, 2, 2, 3 ),
 ( 0.3928571428571428500, 0.4047619047619047700, 0.4166666666666666900, 0.4285714285714285500 ),
 .UNSPECIFIED. ) 
 CURVE ( )  GEOMETRIC_REPRESENTATION_ITEM ( )  RATIONAL_B_SPLINE_CURVE ( ( 1.000000000000000000, 0.8660254037844387100, 1.000000000000000000, 0.8660254037844387100, 1.000000000000000000, 0.8660254037844387100, 1.000000000000000000 ) ) 
 REPRESENTATION_ITEM ( '' )  );
#2812 = CARTESIAN_POINT ( 'NONE',  ( 0.8547005383792513100, -1.570059417833504600E-016, -0.9999999999999983300 ) ) ;
#2813 = ADVANCED_FACE ( 'NONE', ( #459 ), #571, .T. ) ;
#2814 = CARTESIAN_POINT ( 'NONE',  ( 0.0000000000000000000, 0.7401923788646683800, -0.4499999999999968500 ) ) ;
#2815 = CARTESIAN_POINT ( 'NONE',  ( 0.0000000000000000000, 1.000000000000000700, -1.850000000000029600 ) ) ;
#2816 = CARTESIAN_POINT ( 'NONE',  ( -0.8547005383792514200, 5.233531392778349000E-017, 0.8000000000000021500 ) ) ;
#2817 = CIRCLE ( 'NONE', #1699, 0.1000000000000000500 ) ;
#2818 = VERTEX_POINT ( 'NONE', #711 ) ;
#2819 = CARTESIAN_POINT ( 'NONE',  ( 0.5898502691896252400, -1.021650635094611100, 1.145833333333368300 ) ) ;
#2820 = CARTESIAN_POINT ( 'NONE',  ( -0.6410254037844386200, -0.3700961894323340200, 1.683333333333337100 ) ) ;
#2821 = ORIENTED_EDGE ( 'NONE', *, *, #3175, .T. ) ;
#2822 = EDGE_LOOP ( 'NONE', ( #2676, #1555, #980, #861 ) ) ;
#2823 = CARTESIAN_POINT ( 'NONE',  ( 0.6410254037844384000, -0.3700961894323345200, 0.5666666666666684300 ) ) ;
#2824 = CARTESIAN_POINT ( 'NONE',  ( -0.6410254037844386200, -0.3700961894323340200, -1.566666666666665100 ) ) ;
#2825 = CARTESIAN_POINT ( 'NONE',  ( 0.4273502691896254900, -0.7401923788646686000, -1.816666666666663500 ) ) ;
#2826 = EDGE_LOOP ( 'NONE', ( #1869, #1595, #412, #862 ) ) ;
#2827 = DIRECTION ( 'NONE',  ( -0.4999999999999986100, -0.8660254037844394800, 0.0000000000000000000 ) ) ;
#2828 = CARTESIAN_POINT ( 'NONE',  ( -9.064742275298811100E-017, -0.7401923788646683800, 0.9000000000000014700 ) ) ;
#2829 = EDGE_LOOP ( 'NONE', ( #788, #999, #2219 ) ) ;
#2830 = ADVANCED_FACE ( 'NONE', ( #2267 ), #33, .T. ) ;
#2831 = CARTESIAN_POINT ( 'NONE',  ( -0.4939469867141167400, 0.8620697126036180900, 1.391588507594052400 ) ) ;
#2832 = CARTESIAN_POINT ( 'NONE',  ( -1.224646799147354200E-016, -1.000000000000000700, 0.3499999999999710600 ) ) ;
#2833 = CARTESIAN_POINT ( 'NONE',  ( 0.6410254037844388400, 0.3700961894323336300, -2.916666666666663900 ) ) ;
#2834 = CARTESIAN_POINT ( 'NONE',  ( 0.8547005383792514200, -1.570059417833504600E-016, -2.599999999999997900 ) ) ;
#2835 = CARTESIAN_POINT ( 'NONE',  ( -1.224646799147354200E-016, -1.000000000000000700, -2.899999999999967500 ) ) ;
#2836 = CARTESIAN_POINT ( 'NONE',  ( 0.0000000000000000000, 0.7401923788646683800, 1.100000000000002100 ) ) ;
#2837 = CARTESIAN_POINT ( 'NONE',  ( -9.064742275298811100E-017, -0.7401923788646683800, -2.299999999999998000 ) ) ;
#2838 = CARTESIAN_POINT ( 'NONE',  ( 0.0000000000000000000, 0.7401923788646683800, -1.649999999999997000 ) ) ;
#2839 = COORDINATED_UNIVERSAL_TIME_OFFSET ( 6, 0, .BEHIND. ) ;
#2840 = CARTESIAN_POINT ( 'NONE',  ( 0.0000000000000000000, 5.256982008443607300E-056, -3.499999999999997800 ) ) ;
#2841 = CARTESIAN_POINT ( 'NONE',  ( -9.064742275298811100E-017, -0.7401923788646683800, 0.1000000000000015600 ) ) ;
#2842 = VECTOR ( 'NONE', #190, 1000.000000000000000 ) ;
#2843 = EDGE_CURVE ( 'NONE', #1715, #2328, #2994, .T. ) ;
#2844 = CARTESIAN_POINT ( 'NONE',  ( -1.224646799147354200E-016, -1.000000000000000700, 0.7000000000000331500 ) ) ;
#2845 = DIRECTION ( 'NONE',  ( 0.0000000000000000000, 1.000000000000000000, 0.0000000000000000000 ) ) ;
#2846 = CARTESIAN_POINT ( 'NONE',  ( -9.064742275298811100E-017, -0.7401923788646683800, -3.049999999999997200 ) ) ;
#2847 = CARTESIAN_POINT ( 'NONE',  ( 0.0000000000000000000, 0.7401923788646683800, -3.299999999999998000 ) ) ;
#2848 = CARTESIAN_POINT ( 'NONE',  ( -0.6410254037844385100, 0.3700961894323343000, 0.3666666666666688100 ) ) ;
#2849 = CARTESIAN_POINT ( 'NONE',  ( 0.4273502691896261500, 0.7401923788646680400, -1.683333333333330000 ) ) ;
#2850 = CARTESIAN_POINT ( 'NONE',  ( -0.8660254037844391500, 0.5000000000000004400, -1.783333333333363000 ) ) ;
#2851 = EDGE_CURVE ( 'NONE', #3080, #2175, #758, .T. ) ;
#2852 = CARTESIAN_POINT ( 'NONE',  ( -0.8660254037844391500, 0.5000000000000004400, -0.1833333333333625700 ) ) ;
#2853 = CARTESIAN_POINT ( 'NONE',  ( 0.0000000000000000000, -6.513864359167740300E-072, 3.499999999999998700 ) ) ;
#2854 = DIRECTION ( 'NONE',  ( 0.0000000000000000000, 1.000000000000000000, 0.0000000000000000000 ) ) ;
#2855 = B_SPLINE_CURVE_WITH_KNOTS ( 'NONE', 3,
 ( #1665, #2631, #188, #1914, #196, #891, #1200, #1221 ),
 .UNSPECIFIED., .F., .F.,
 ( 4, 2, 2, 4 ),
 ( 2.544428341987887400E-007, 0.0002238954966069346100, 0.0004475365503796702800, 0.0008948186579251418000 ),
 .UNSPECIFIED. ) ;
#2856 = CARTESIAN_POINT ( 'NONE',  ( -0.4273502691896256000, 0.7401923788646683800, 0.7333333333333349500 ) ) ;
#2857 = CARTESIAN_POINT ( 'NONE',  ( 0.4273502691896254900, -0.7401923788646686000, -1.016666666666663700 ) ) ;
#2858 = CARTESIAN_POINT ( 'NONE',  ( 0.4273502691896254900, -0.7401923788646686000, 0.5833333333333367000 ) ) ;
#2859 = CARTESIAN_POINT ( 'NONE',  ( 0.8660254037844389300, -0.5000000000000007800, 0.3666666666666992300 ) ) ;
#2860 = ORIENTED_EDGE ( 'NONE', *, *, #254, .T. ) ;
#2861 = CIRCLE ( 'NONE', #2702, 0.7401923788646683800 ) ;
#2862 = FACE_OUTER_BOUND ( 'NONE', #2430, .T. ) ;
#2863 = ADVANCED_FACE ( 'NONE', ( #952, #1850 ), #2920, .T. ) ;
#2864 = ORIENTED_EDGE ( 'NONE', *, *, #3027, .F. ) ;
#2865 = CARTESIAN_POINT ( 'NONE',  ( -1.000000000000000400, 4.999405460521373500E-013, 1.399999999999999500 ) ) ;
#2866 = ORIENTED_EDGE ( 'NONE', *, *, #199, .T. ) ;
#2867 = ORIENTED_EDGE ( 'NONE', *, *, #537, .F. ) ;
#2868 = CARTESIAN_POINT ( 'NONE',  ( 0.0000000000000000000, 1.000000000000000700, 1.349999999999971000 ) ) ;
#2869 = VERTEX_POINT ( 'NONE', #2910 ) ;
#2870 = CARTESIAN_POINT ( 'NONE',  ( 0.4273502691896261500, 0.7401923788646681500, 1.066666666666668900 ) ) ;
#2871 = CARTESIAN_POINT ( 'NONE',  ( -0.4273502691896259900, -0.7401923788646680400, 1.716666666666670100 ) ) ;
#2872 = ORIENTED_EDGE ( 'NONE', *, *, #1927, .T. ) ;
#2873 = CARTESIAN_POINT ( 'NONE',  ( -0.6410254037844386200, -0.3700961894323340200, 0.4833333333333365000 ) ) ;
#2874 = AXIS2_PLACEMENT_3D ( 'NONE', #2524, #2827, #2325 ) ;
#2875 = CARTESIAN_POINT ( 'NONE',  ( 1.154700538379252600, -2.121150477449814600E-016, -3.199999999999968200 ) ) ;
#2876 = CARTESIAN_POINT ( 'NONE',  ( 0.4085194774520469800, -0.6527479504198215900, -3.477304366012828700 ) ) ;
#2877 = CARTESIAN_POINT ( 'NONE',  ( 0.6410254037844384000, -0.3700961894323345200, -3.383333333333330200 ) ) ;
#2878 = B_SPLINE_CURVE_WITH_KNOTS ( 'NONE', 3,
 ( #705, #2202, #3186, #726, #2933, #1439, #1942, #2442 ),
 .UNSPECIFIED., .F., .F.,
 ( 4, 2, 2, 4 ),
 ( 2.544428341988100200E-007, 0.0002238954966069337700, 0.0004475365503796687100, 0.0008948186579251383300 ),
 .UNSPECIFIED. ) ;
#2879 = CALENDAR_DATE ( 2023, 11, 1 ) ;
#2880 = CARTESIAN_POINT ( 'NONE',  ( -0.8547005383792514200, 5.233531392778349000E-017, 0.8500000000000035300 ) ) ;
#2881 = CARTESIAN_POINT ( 'NONE',  ( 0.6410254037844384000, -0.3700961894323345200, 0.6166666666666699200 ) ) ;
#2882 = CARTESIAN_POINT ( 'NONE',  ( -1.154700538379252600, 7.070501591499384000E-017, -1.399999999999967000 ) ) ;
#2883 = CARTESIAN_POINT ( 'NONE',  ( 0.8371864092524214900, -0.5499506037686559000, -3.236663373584544700 ) ) ;
#2884 = CARTESIAN_POINT ( 'NONE',  ( -9.064742275298811100E-017, -0.7401923788646683800, -3.499999999999998200 ) ) ;
#2885 = CARTESIAN_POINT ( 'NONE',  ( 0.6410254037844388400, 0.3700961894323336300, -2.916666666666663900 ) ) ;
#2886 = CARTESIAN_POINT ( 'NONE',  ( -9.064742275298811100E-017, -0.7401923788646683800, 0.5000000000000022200 ) ) ;
#2887 = ORIENTED_EDGE ( 'NONE', *, *, #2851, .F. ) ;
#2888 = CARTESIAN_POINT ( 'NONE',  ( 0.6410254037844388400, 0.3700961894323336300, 1.083333333333336400 ) ) ;
#2889 = CARTESIAN_POINT ( 'NONE',  ( 0.6410254037844384000, -0.3700961894323345200, -0.6333333333333316400 ) ) ;
#2890 = CARTESIAN_POINT ( 'NONE',  ( -0.6410254037844385100, 0.3700961894323343000, 0.4166666666666702400 ) ) ;
#2891 = CARTESIAN_POINT ( 'NONE',  ( 1.224646799147354200E-016, -1.000000000000000700, -3.499999999999997800 ) ) ;
#2892 = DIRECTION ( 'NONE',  ( 0.0000000000000000000, -0.7071067811865454600, 0.7071067811865495700 ) ) ;
#2893 = EDGE_CURVE ( 'NONE', #1872, #977, #2967, .T. ) ;
#2894 = CYLINDRICAL_SURFACE ( 'NONE', #902, 1.000000000000000700 ) ;
#2895 = CARTESIAN_POINT ( 'NONE',  ( 0.7499999999999997800, -0.4330127018922127500, -0.7912878474779098100 ) ) ;
#2896 = DIRECTION ( 'NONE',  ( -0.0000000000000000000, 7.509974297776586600E-057, -1.000000000000000000 ) ) ;
#2897 = CARTESIAN_POINT ( 'NONE',  ( -0.4273502691896259300, -0.7401923788646681500, -2.683333333333330000 ) ) ;
#2898 = B_SPLINE_CURVE_WITH_KNOTS ( 'NONE', 3,
 ( #1163, #1658, #1897, #1392, #162, #2382, #168, #689 ),
 .UNSPECIFIED., .F., .F.,
 ( 4, 2, 2, 4 ),
 ( 2.544428341989792100E-007, 0.0002238954966069361800, 0.0004475365503796733700, 0.0008948186579251475500 ),
 .UNSPECIFIED. ) ;
#2899 = CONICAL_SURFACE ( 'NONE', #468, 1.899999999999999900, 0.7853981633974516100 ) ;
#2900 = VERTEX_POINT ( 'NONE', #2381 ) ;
#2901 = CARTESIAN_POINT ( 'NONE',  ( 0.6410254037844384000, -0.3700961894323345200, 0.6166666666666699200 ) ) ;
#2902 = CARTESIAN_POINT ( 'NONE',  ( 0.4273502691896254900, -0.7401923788646686000, -0.2666666666666650500 ) ) ;
#2903 = ORIENTED_EDGE ( 'NONE', *, *, #1864, .F. ) ;
#2904 = ORIENTED_EDGE ( 'NONE', *, *, #1161, .F. ) ;
#2905 = CARTESIAN_POINT ( 'NONE',  ( -0.4273502691896259300, -0.7401923788646681500, 0.9166666666666698500 ) ) ;
#2906 = EDGE_CURVE ( 'NONE', #442, #2548, #644, .T. ) ;
#2907 = CARTESIAN_POINT ( 'NONE',  ( -0.5773502691896260600, 1.000000000000000700, -3.066666666666634000 ) ) ;
#2908 = ORIENTED_EDGE ( 'NONE', *, *, #1422, .F. ) ;
#2909 = CARTESIAN_POINT ( 'NONE',  ( -0.4273502691896259900, -0.7401923788646680400, -3.483333333333330700 ) ) ;
#2910 = CARTESIAN_POINT ( 'NONE',  ( 0.0000000000000000000, -1.899999999999999900, 1.599999999999999900 ) ) ;
#2911 = ORIENTED_EDGE ( 'NONE', *, *, #1602, .T. ) ;
#2912 = CARTESIAN_POINT ( 'NONE',  ( -1.224646799147354200E-016, -1.000000000000000700, -2.050000000000029100 ) ) ;
#2913 = CARTESIAN_POINT ( 'NONE',  ( -0.8547005383792514200, 5.233531392778349000E-017, 1.250000000000002900 ) ) ;
#2914 = CARTESIAN_POINT ( 'NONE',  ( 0.8847754037844388600, 0.5108253175473046500, -3.529166666666698300 ) ) ;
#2915 = DIRECTION ( 'NONE',  ( -0.8660254037844383700, -0.5000000000000003300, 0.0000000000000000000 ) ) ;
#2916 = CALENDAR_DATE ( 2023, 11, 1 ) ;
#2917 = CARTESIAN_POINT ( 'NONE',  ( -0.8660254037844392600, -0.5000000000000001100, -2.966666666666633500 ) ) ;
#2918 = CYLINDRICAL_SURFACE ( 'NONE', #1120, 1.000000000000000700 ) ;
#2919 = DIRECTION ( 'NONE',  ( 0.0000000000000000000, 1.000000000000000000, 0.0000000000000000000 ) ) ;
#2920 = PLANE ( 'NONE',  #3146 ) ;
#2921 = CARTESIAN_POINT ( 'NONE',  ( -0.1211451460007098700, -0.9893202537324165000, -3.250872125131688300 ) ) ;
#2922 = CARTESIAN_POINT ( 'NONE',  ( -0.5898502691896255800, 1.021650635094610800, -1.854166666666632100 ) ) ;
#2923 = CARTESIAN_POINT ( 'NONE',  ( -0.5898502691896255800, 1.021650635094610800, -2.229166666666698500 ) ) ;
#2924 = CARTESIAN_POINT ( 'NONE',  ( -1.162290413363968500E-016, 0.8660254037844341600, -0.7912878474779098100 ) ) ;
#2925 = CARTESIAN_POINT ( 'NONE',  ( 0.8660254037844389300, -0.5000000000000007800, 0.8166666666666375600 ) ) ;
#2926 = CARTESIAN_POINT ( 'NONE',  ( -1.224646799147354200E-016, -1.000000000000000700, -0.4500000000000293800 ) ) ;
#2927 = CARTESIAN_POINT ( 'NONE',  ( 0.6410254037844388400, 0.3700961894323336300, -1.716666666666663700 ) ) ;
#2928 = DIRECTION ( 'NONE',  ( -0.0000000000000000000, 7.509974297776586600E-057, -1.000000000000000000 ) ) ;
#2929 =( BOUNDED_CURVE ( )  B_SPLINE_CURVE ( 2, ( #1682, #1905, #927, #427, #938, #211, #3115 ),
 .UNSPECIFIED., .F., .T. ) 
 B_SPLINE_CURVE_WITH_KNOTS ( ( 3, 2, 2, 3 ),
 ( 0.07142857142857139700, 0.08333333333333337000, 0.09523809523809523300, 0.1071428571428572100 ),
 .UNSPECIFIED. ) 
 CURVE ( )  GEOMETRIC_REPRESENTATION_ITEM ( )  RATIONAL_B_SPLINE_CURVE ( ( 1.000000000000000000, 0.8660254037844387100, 1.000000000000000000, 0.8660254037844387100, 1.000000000000000000, 0.8660254037844387100, 1.000000000000000000 ) ) 
 REPRESENTATION_ITEM ( '' )  );
#2930 = CARTESIAN_POINT ( 'NONE',  ( 0.5773502691896267300, 1.000000000000000200, -1.883333333333362600 ) ) ;
#2931 = CARTESIAN_POINT ( 'NONE',  ( -0.7499999999999963400, 0.4330127018922166300, -0.7912878474779098100 ) ) ;
#2932 = CARTESIAN_POINT ( 'NONE',  ( 0.8847754037844388600, 0.5108253175473046500, -2.729166666666698500 ) ) ;
#2933 = CARTESIAN_POINT ( 'NONE',  ( -0.4418558714824412600, -0.6109197974410297500, 3.319185312303926300 ) ) ;
#2934 = CARTESIAN_POINT ( 'NONE',  ( 0.5773502691896267300, 1.000000000000000200, 0.9166666666666377600 ) ) ;
#2935 = CARTESIAN_POINT ( 'NONE',  ( 0.5773502691896257300, -1.000000000000001100, 1.183333333333303400 ) ) ;
#2936 = AXIS2_PLACEMENT_3D ( 'NONE', #509, #2014, #1965 ) ;
#2937 = EDGE_LOOP ( 'NONE', ( #2398, #556, #2887, #2707 ) ) ;
#2938 = CARTESIAN_POINT ( 'NONE',  ( 0.6410254037844388400, 0.3700961894323336300, -2.116666666666663600 ) ) ;
#2939 = CYLINDRICAL_SURFACE ( 'NONE', #833, 1.000000000000000700 ) ;
#2940 = ORIENTED_EDGE ( 'NONE', *, *, #3008, .T. ) ;
#2941 = AXIS2_PLACEMENT_3D ( 'NONE', #1960, #1937, #461 ) ;
#2942 = EDGE_LOOP ( 'NONE', ( #137, #2368, #2394, #550 ) ) ;
#2943 = CARTESIAN_POINT ( 'NONE',  ( 0.6410254037844388400, 0.3700961894323336300, -1.716666666666663700 ) ) ;
#2944 = CARTESIAN_POINT ( 'NONE',  ( 0.2267580263779178100, 0.9234710469172522400, 1.367731306421651200 ) ) ;
#2945 = CARTESIAN_POINT ( 'NONE',  ( 0.5898502691896262400, 1.021650635094610400, -3.120833333333299400 ) ) ;
#2946 = CARTESIAN_POINT ( 'NONE',  ( 0.8847754037844383100, -0.5108253175473058700, -3.595833333333364700 ) ) ;
#2947 = ORIENTED_EDGE ( 'NONE', *, *, #29, .T. ) ;
#2948 = PLANE ( 'NONE',  #3098 ) ;
#2949 = ORIENTED_EDGE ( 'NONE', *, *, #1464, .F. ) ;
#2950 = CARTESIAN_POINT ( 'NONE',  ( 0.8547005383792514200, -1.570059417833504600E-016, -2.149999999999996800 ) ) ;
#2951 = CARTESIAN_POINT ( 'NONE',  ( 0.0000000000000000000, 1.000000000000000700, -2.299999999999967400 ) ) ;
#2952 = CARTESIAN_POINT ( 'NONE',  ( -0.8847754037844385300, -0.5108253175473052000, -2.954166666666632000 ) ) ;
#2953 = CARTESIAN_POINT ( 'NONE',  ( -1.179700538379251400, 7.223582441392798400E-017, -2.562500000000031500 ) ) ;
#2954 = EDGE_CURVE ( 'NONE', #2144, #2818, #114, .T. ) ;
#2955 = CARTESIAN_POINT ( 'NONE',  ( 0.0000000000000000000, 5.256982008443607300E-056, -3.499999999999997800 ) ) ;
#2956 = CARTESIAN_POINT ( 'NONE',  ( 0.6410254037844384000, -0.3700961894323345200, -3.433333333333331800 ) ) ;
#2957 = CARTESIAN_POINT ( 'NONE',  ( 0.0000000000000000000, 1.000000000000000700, 1.349999999999971000 ) ) ;
#2958 = AXIS2_PLACEMENT_3D ( 'NONE', #1426, #691, #1693 ) ;
#2959 = CARTESIAN_POINT ( 'NONE',  ( -0.4273502691896259900, -0.7401923788646680400, -1.883333333333330200 ) ) ;
#2960 = CARTESIAN_POINT ( 'NONE',  ( 0.0000000000000000000, 0.7401923788646683800, -0.04999999999999665800 ) ) ;
#2961 = CARTESIAN_POINT ( 'NONE',  ( -1.154700538379252600, 7.070501591499384000E-017, -0.5500000000000295800 ) ) ;
#2962 = CARTESIAN_POINT ( 'NONE',  ( -0.8847754037844384200, 0.5108253175473055400, -3.020833333333298800 ) ) ;
#2963 = CARTESIAN_POINT ( 'NONE',  ( 0.5898502691896262400, 1.021650635094610400, -0.6958333333333647200 ) ) ;
#2964 = EDGE_CURVE ( 'NONE', #213, #101, #2712, .T. ) ;
#2965 = CARTESIAN_POINT ( 'NONE',  ( 0.0000000000000000000, 1.000000000000000700, 0.9499999999999708700 ) ) ;
#2966 = CARTESIAN_POINT ( 'NONE',  ( 0.8547005383792514200, -1.570059417833504600E-016, -3.349999999999997000 ) ) ;
#2967 =( BOUNDED_CURVE ( )  B_SPLINE_CURVE ( 2, ( #934, #2658, #2181, #446, #433, #220, #1192 ),
 .UNSPECIFIED., .F., .T. ) 
 B_SPLINE_CURVE_WITH_KNOTS ( ( 3, 2, 2, 3 ),
 ( 0.3214285714285714500, 0.3333333333333333100, 0.3452380952380952300, 0.3571428571428571500 ),
 .UNSPECIFIED. ) 
 CURVE ( )  GEOMETRIC_REPRESENTATION_ITEM ( )  RATIONAL_B_SPLINE_CURVE ( ( 1.000000000000000000, 0.8660254037844387100, 1.000000000000000000, 0.8660254037844387100, 1.000000000000000000, 0.8660254037844387100, 1.000000000000000000 ) ) 
 REPRESENTATION_ITEM ( '' )  );
#2968 = LINE ( 'NONE', #3142, #2387 ) ;
#2969 = CARTESIAN_POINT ( 'NONE',  ( -0.8547005383792514200, 5.233531392778349000E-017, 0.8500000000000035300 ) ) ;
#2970 = CARTESIAN_POINT ( 'NONE',  ( -1.224646799147354200E-016, -1.000000000000000700, 0.3000000000000325700 ) ) ;
#2971 = CARTESIAN_POINT ( 'NONE',  ( 0.5898502691896252400, -1.021650635094611100, -1.654166666666631900 ) ) ;
#2972 = CARTESIAN_POINT ( 'NONE',  ( -1.179700538379251400, 7.223582441392798400E-017, -0.9625000000000314400 ) ) ;
#2973 = CYLINDRICAL_SURFACE ( 'NONE', #956, 1.000000000000000700 ) ;
#2974 = LINE ( 'NONE', #489, #1823 ) ;
#2975 = CARTESIAN_POINT ( 'NONE',  ( 0.0000000000000000000, 5.256982008443607300E-056, -3.499999999999997800 ) ) ;
#2976 = CARTESIAN_POINT ( 'NONE',  ( 0.5773502691896267300, 1.000000000000000200, 1.266666666666699500 ) ) ;
#2977 = VERTEX_POINT ( 'NONE', #1423 ) ;
#2978 = VERTEX_POINT ( 'NONE', #707 ) ;
#2979 = CARTESIAN_POINT ( 'NONE',  ( -1.154700538379252600, 7.070501591499384000E-017, -2.599999999999966800 ) ) ;
#2980 = CARTESIAN_POINT ( 'NONE',  ( 0.4273502691896254900, -0.7401923788646686000, -0.6166666666666633700 ) ) ;
#2981 = ORIENTED_EDGE ( 'NONE', *, *, #330, .F. ) ;
#2982 = ADVANCED_FACE ( 'NONE', ( #2413 ), #1767, .T. ) ;
#2983 = AXIS2_PLACEMENT_3D ( 'NONE', #1576, #116, #2342 ) ;
#2984 = VERTEX_POINT ( 'NONE', #2633 ) ;
#2985 = CARTESIAN_POINT ( 'NONE',  ( 0.6410254037844388400, 0.3700961894323336300, 1.083333333333336400 ) ) ;
#2986 = CARTESIAN_POINT ( 'NONE',  ( 0.5773502691896257300, -1.000000000000001100, -0.8166666666666959600 ) ) ;
#2987 = CARTESIAN_POINT ( 'NONE',  ( -0.5898502691896255800, 1.021650635094610800, -1.454166666666632000 ) ) ;
#2988 = CARTESIAN_POINT ( 'NONE',  ( 0.8847754037844388600, 0.5108253175473046500, -1.929166666666698400 ) ) ;
#2989 = CARTESIAN_POINT ( 'NONE',  ( -0.8660254037844391500, 0.5000000000000004400, -1.383333333333362600 ) ) ;
#2990 = APPLICATION_CONTEXT ( 'configuration controlled 3d designs of mechanical parts and assemblies' ) ;
#2991 = CARTESIAN_POINT ( 'NONE',  ( -0.7499999999999958900, 9.183803184492624500E-017, 3.319022690931728600 ) ) ;
#2992 = DATE_AND_TIME ( #457, #2565 ) ;
#2993 = CARTESIAN_POINT ( 'NONE',  ( 0.6410254037844388400, 0.3700961894323336300, -2.166666666666664700 ) ) ;
#2994 = LINE ( 'NONE', #2690, #2526 ) ;
#2995 = CARTESIAN_POINT ( 'NONE',  ( 0.8547005383792514200, -1.570059417833504600E-016, 1.450000000000003500 ) ) ;
#2996 = CARTESIAN_POINT ( 'NONE',  ( -0.9999999999998666600, 0.2679491924313549500, 1.382136720504609100 ) ) ;
#2997 = CARTESIAN_POINT ( 'NONE',  ( 1.179700538379251400, -2.167074732417838900E-016, -0.7874999999999654500 ) ) ;
#2998 = CARTESIAN_POINT ( 'NONE',  ( 1.179700538379251400, -2.167074732417838900E-016, 0.03749999999996854500 ) ) ;
#2999 = CARTESIAN_POINT ( 'NONE',  ( -9.064742275298811100E-017, -0.7401923788646683800, -3.499999999999998200 ) ) ;
#3000 = CARTESIAN_POINT ( 'NONE',  ( -0.7499999999999958900, 9.183803184492624500E-017, 3.319022690931728600 ) ) ;
#3001 = CARTESIAN_POINT ( 'NONE',  ( -0.5773502691896264000, -1.000000000000000400, -0.1333333333333007200 ) ) ;
#3002 = CARTESIAN_POINT ( 'NONE',  ( -0.6410254037844386200, -0.3700961894323340200, -1.166666666666664700 ) ) ;
#3003 = EDGE_LOOP ( 'NONE', ( #1022, #1638, #970, #976 ) ) ;
#3004 = CARTESIAN_POINT ( 'NONE',  ( 0.0000000000000000000, 0.7401923788646683800, 0.7500000000000032200 ) ) ;
#3005 = CARTESIAN_POINT ( 'NONE',  ( 0.0000000000000000000, 1.000000000000000700, 1.300000000000033100 ) ) ;
#3006 = CARTESIAN_POINT ( 'NONE',  ( 0.8847754037844383100, -0.5108253175473058700, -0.8208333333332984400 ) ) ;
#3007 = CARTESIAN_POINT ( 'NONE',  ( 0.5898502691896252400, -1.021650635094611100, -1.629166666666698400 ) ) ;
#3008 = EDGE_CURVE ( 'NONE', #559, #248, #1627, .T. ) ;
#3009 = CARTESIAN_POINT ( 'NONE',  ( -0.8547005383792514200, 5.233531392778349000E-017, -1.999999999999998200 ) ) ;
#3010 = CARTESIAN_POINT ( 'NONE',  ( 0.0000000000000000000, 0.7401923788646683800, -2.899999999999998600 ) ) ;
#3011 = CARTESIAN_POINT ( 'NONE',  ( -0.7499999999999954500, -0.4330127018922179700, -0.7912878474779098100 ) ) ;
#3012 = CARTESIAN_POINT ( 'NONE',  ( -9.064742275298811100E-017, -0.7401923788646683800, -0.6999999999999984000 ) ) ;
#3013 = ORIENTED_EDGE ( 'NONE', *, *, #3175, .F. ) ;
#3014 = FACE_OUTER_BOUND ( 'NONE', #1481, .T. ) ;
#3015 = EDGE_CURVE ( 'NONE', #1954, #2251, #684, .T. ) ;
#3016 = CARTESIAN_POINT ( 'NONE',  ( 0.0000000000000000000, 5.256982008443607300E-056, -3.499999999999997800 ) ) ;
#3017 = DIRECTION ( 'NONE',  ( -0.0000000000000000000, 7.509974297776586600E-057, -1.000000000000000000 ) ) ;
#3018 = CARTESIAN_POINT ( 'NONE',  ( -0.8847754037844384200, 0.5108253175473055400, 0.1791666666667015900 ) ) ;
#3019 = CARTESIAN_POINT ( 'NONE',  ( -0.8847754037844385300, -0.5108253175473052000, 1.070833333333302200 ) ) ;
#3020 = VERTEX_POINT ( 'NONE', #3157 ) ;
#3021 = CARTESIAN_POINT ( 'NONE',  ( 0.4273502691896261500, 0.7401923788646680400, -0.9333333333333316800 ) ) ;
#3022 = CARTESIAN_POINT ( 'NONE',  ( 0.4273502691896254900, -0.7401923788646686000, -2.666666666666665200 ) ) ;
#3023 = EDGE_LOOP ( 'NONE', ( #1178, #2214, #3125, #1471 ) ) ;
#3024 = DIRECTION ( 'NONE',  ( -0.0000000000000000000, -0.0000000000000000000, 1.000000000000000000 ) ) ;
#3025 = CARTESIAN_POINT ( 'NONE',  ( -9.064742275298811100E-017, -0.7401923788646683800, -1.899999999999998400 ) ) ;
#3026 = VERTEX_POINT ( 'NONE', #2926 ) ;
#3027 = EDGE_CURVE ( 'NONE', #1673, #977, #303, .T. ) ;
#3028 = CARTESIAN_POINT ( 'NONE',  ( 0.0000000000000000000, 7.509974297776402600E-058, 3.400000000000000400 ) ) ;
#3029 = DIRECTION ( 'NONE',  ( 0.0000000000000000000, -7.509974297776586600E-057, 1.000000000000000000 ) ) ;
#3030 = CARTESIAN_POINT ( 'NONE',  ( -1.179700538379251400, 7.223582441392798400E-017, 0.6125000000000347900 ) ) ;
#3031 = CARTESIAN_POINT ( 'NONE',  ( -0.8660254037844392600, -0.5000000000000001100, -0.9666666666666337000 ) ) ;
#3032 = CARTESIAN_POINT ( 'NONE',  ( -0.6410254037844385100, 0.3700961894323343000, -2.433333333333331800 ) ) ;
#3033 = FACE_OUTER_BOUND ( 'NONE', #2942, .T. ) ;
#3034 = CARTESIAN_POINT ( 'NONE',  ( -0.8660254037844391500, 0.5000000000000004400, -0.6333333333333007700 ) ) ;
#3035 = CARTESIAN_POINT ( 'NONE',  ( -0.6410254037844385100, 0.3700961894323343000, -1.633333333333331700 ) ) ;
#3036 = CARTESIAN_POINT ( 'NONE',  ( -0.7401923788788785700, 5.927878925093764900E-014, 1.250000000008202100 ) ) ;
#3037 = DIRECTION ( 'NONE',  ( 0.0000000000000000000, -1.000000000000000000, -1.281975124255724200E-016 ) ) ;
#3038 = CARTESIAN_POINT ( 'NONE',  ( -0.8847754037844384200, 0.5108253175473055400, 0.9791666666667010500 ) ) ;
#3039 = CARTESIAN_POINT ( 'NONE',  ( -0.5773502691896260600, 1.000000000000000700, -1.066666666666634000 ) ) ;
#3040 = CARTESIAN_POINT ( 'NONE',  ( -0.4273502691896256500, 0.7401923788646683800, -2.066666666666665100 ) ) ;
#3041 = CARTESIAN_POINT ( 'NONE',  ( -0.6410254037844385100, 0.3700961894323343000, -1.233333333333331600 ) ) ;
#3042 = CARTESIAN_POINT ( 'NONE',  ( -0.6410254037844386200, -0.3700961894323340200, 1.233333333333335400 ) ) ;
#3043 = AXIS2_PLACEMENT_3D ( 'NONE', #2621, #180, #1623 ) ;
#3044 = CARTESIAN_POINT ( 'NONE',  ( -0.8660254037844391500, 0.5000000000000004400, 0.2166666666666375900 ) ) ;
#3045 = CARTESIAN_POINT ( 'NONE',  ( -0.8847754037844384200, 0.5108253175473055400, 1.379166666666701300 ) ) ;
#3046 = CARTESIAN_POINT ( 'NONE',  ( -0.5898502691896255800, 1.021650635094610800, 0.5708333333333016600 ) ) ;
#3047 = CARTESIAN_POINT ( 'NONE',  ( 0.6410254037844384000, -0.3700961894323345200, -1.033333333333331400 ) ) ;
#3048 = CARTESIAN_POINT ( 'NONE',  ( -0.6410254037844386200, -0.3700961894323340200, -1.966666666666665200 ) ) ;
#3049 = CYLINDRICAL_SURFACE ( 'NONE', #2322, 1.000000000000000700 ) ;
#3050 = FACE_OUTER_BOUND ( 'NONE', #2822, .T. ) ;
#3051 = CARTESIAN_POINT ( 'NONE',  ( -1.224646799147354200E-016, -1.000000000000000700, -1.650000000000029400 ) ) ;
#3052 = CARTESIAN_POINT ( 'NONE',  ( 0.8547005383792514200, -1.570059417833504600E-016, 1.400000000000001700 ) ) ;
#3053 = EDGE_LOOP ( 'NONE', ( #1745, #3097, #94, #443, #775 ) ) ;
#3054 = EDGE_CURVE ( 'NONE', #248, #324, #658, .T. ) ;
#3055 = VERTEX_POINT ( 'NONE', #1944 ) ;
#3056 = CARTESIAN_POINT ( 'NONE',  ( -0.7401923788646839200, -0.1975730097903942400, 1.249999999999998000 ) ) ;
#3057 = CARTESIAN_POINT ( 'NONE',  ( 0.5898502691896262400, 1.021650635094610400, 1.679166666666700900 ) ) ;
#3058 = CARTESIAN_POINT ( 'NONE',  ( 1.224646799147354200E-016, -1.000000000000000700, -3.499999999999997800 ) ) ;
#3059 = ORIENTED_EDGE ( 'NONE', *, *, #1970, .F. ) ;
#3060 = CARTESIAN_POINT ( 'NONE',  ( -0.8547005383792514200, 5.233531392778349000E-017, 0.8000000000000021500 ) ) ;
#3061 = CARTESIAN_POINT ( 'NONE',  ( 0.4273502691896254900, -0.7401923788646686000, -0.6666666666666649600 ) ) ;
#3062 = CARTESIAN_POINT ( 'NONE',  ( -0.6410254037844385100, 0.3700961894323343000, -0.3833333333333301400 ) ) ;
#3063 = DIRECTION ( 'NONE',  ( -0.0000000000000000000, 7.509974297776586600E-057, -1.000000000000000000 ) ) ;
#3064 = CARTESIAN_POINT ( 'NONE',  ( -0.4273502691896256500, 0.7401923788646683800, -0.06666666666666495900 ) ) ;
#3065 = EDGE_CURVE ( 'NONE', #3128, #213, #1688, .T. ) ;
#3066 = CARTESIAN_POINT ( 'NONE',  ( -1.224646799147354200E-016, -1.000000000000000700, -1.650000000000029400 ) ) ;
#3067 = CARTESIAN_POINT ( 'NONE',  ( 0.8660254037844397100, 0.4999999999999995600, -1.966666666666633900 ) ) ;
#3068 =( BOUNDED_CURVE ( )  B_SPLINE_CURVE ( 2, ( #2231, #1519, #3034, #2781, #1303, #2770, #55 ),
 .UNSPECIFIED., .F., .T. ) 
 B_SPLINE_CURVE_WITH_KNOTS ( ( 3, 2, 2, 3 ),
 ( 0.5000000000000000000, 0.5119047619047618600, 0.5238095238095238400, 0.5357142857142857000 ),
 .UNSPECIFIED. ) 
 CURVE ( )  GEOMETRIC_REPRESENTATION_ITEM ( )  RATIONAL_B_SPLINE_CURVE ( ( 1.000000000000000000, 0.8660254037844387100, 1.000000000000000000, 0.8660254037844387100, 1.000000000000000000, 0.8660254037844387100, 1.000000000000000000 ) ) 
 REPRESENTATION_ITEM ( '' )  );
#3069 = CARTESIAN_POINT ( 'NONE',  ( -0.6410254037844385100, 0.3700961894323343000, -3.583333333333330400 ) ) ;
#3070 = CARTESIAN_POINT ( 'NONE',  ( -0.4273502691896259900, -0.7401923788646680400, -3.133333333333332000 ) ) ;
#3071 = CARTESIAN_POINT ( 'NONE',  ( 0.4273502691896254900, -0.7401923788646686000, -0.6666666666666647400 ) ) ;
#3072 = CARTESIAN_POINT ( 'NONE',  ( -0.8547005383792513100, 5.233531392778349000E-017, -0.7999999999999981600 ) ) ;
#3073 = CARTESIAN_POINT ( 'NONE',  ( 0.0000000000000000000, 0.7401923788646683800, -0.8499999999999969800 ) ) ;
#3074 = DIRECTION ( 'NONE',  ( -0.0000000000000000000, -0.0000000000000000000, 1.000000000000000000 ) ) ;
#3075 = CARTESIAN_POINT ( 'NONE',  ( 0.4273502691896254900, -0.7401923788646686000, -0.2666666666666650500 ) ) ;
#3076 = CARTESIAN_POINT ( 'NONE',  ( -0.2539760171523628400, 0.9453129668510270600, 1.383020620697048100 ) ) ;
#3077 = CARTESIAN_POINT ( 'NONE',  ( -0.7499999999999958900, 9.183803184492624500E-017, 3.319022690931728600 ) ) ;
#3078 = CARTESIAN_POINT ( 'NONE',  ( 0.6410254037844384000, -0.3700961894323345200, -2.983333333333329800 ) ) ;
#3079 = CARTESIAN_POINT ( 'NONE',  ( 0.4273502691896261500, 0.7401923788646680400, -2.933333333333331300 ) ) ;
#3080 = VERTEX_POINT ( 'NONE', #698 ) ;
#3081 = CARTESIAN_POINT ( 'NONE',  ( -0.8547005383792514200, 5.233531392778349000E-017, -0.3999999999999984100 ) ) ;
#3082 = CARTESIAN_POINT ( 'NONE',  ( -0.6410254037844386200, -0.3700961894323340200, 0.4333333333333350700 ) ) ;
#3083 = CARTESIAN_POINT ( 'NONE',  ( -0.6410254037844385100, 0.3700961894323343000, -1.183333333333330000 ) ) ;
#3084 = CARTESIAN_POINT ( 'NONE',  ( -0.4273502691896259900, -0.7401923788646680400, 1.266666666666668600 ) ) ;
#3085 = CC_DESIGN_PERSON_AND_ORGANIZATION_ASSIGNMENT ( #1928, #1489, ( #1432 ) ) ;
#3086 = LINE ( 'NONE', #2891, #2361 ) ;
#3087 = CARTESIAN_POINT ( 'NONE',  ( -0.6045014891362798800, 0.7979101692999217600, 1.395878113032659400 ) ) ;
#3088 = ORIENTED_EDGE ( 'NONE', *, *, #1770, .F. ) ;
#3089 = CARTESIAN_POINT ( 'NONE',  ( -9.064742275298811100E-017, -0.7401923788646683800, -3.099999999999998800 ) ) ;
#3090 = EDGE_LOOP ( 'NONE', ( #1918, #632, #692, #1150 ) ) ;
#3091 = LINE ( 'NONE', #338, #170 ) ;
#3092 = CARTESIAN_POINT ( 'NONE',  ( 0.6410254037844384000, -0.3700961894323345200, 0.9666666666666686700 ) ) ;
#3093 = CARTESIAN_POINT ( 'NONE',  ( -0.6410254037844386200, -0.3700961894323340200, -1.516666666666663500 ) ) ;
#3094 = VERTEX_POINT ( 'NONE', #1986 ) ;
#3095 = CARTESIAN_POINT ( 'NONE',  ( 0.0000000000000000000, 5.256982008443608200E-056, -3.499999999999999600 ) ) ;
#3096 = DIRECTION ( 'NONE',  ( -0.0000000000000000000, 7.509974297776586600E-057, -1.000000000000000000 ) ) ;
#3097 = ORIENTED_EDGE ( 'NONE', *, *, #362, .T. ) ;
#3098 = AXIS2_PLACEMENT_3D ( 'NONE', #986, #1465, #2450 ) ;
#3099 = CARTESIAN_POINT ( 'NONE',  ( 0.0000000000000000000, 1.000000000000000700, -3.499999999999997800 ) ) ;
#3100 = CARTESIAN_POINT ( 'NONE',  ( 0.7126654586804172000, 0.4683460717896178500, -3.413795804786109700 ) ) ;
#3101 = VERTEX_POINT ( 'NONE', #2217 ) ;
#3102 = B_SPLINE_CURVE_WITH_KNOTS ( 'NONE', 3,
 ( #205, #973, #2700, #695 ),
 .UNSPECIFIED., .F., .F.,
 ( 4, 4 ),
 ( 0.0005691476912325629300, 0.001017869341677566900 ),
 .UNSPECIFIED. ) ;
#3103 = CARTESIAN_POINT ( 'NONE',  ( -0.8547005383792513100, 5.233531392778349000E-017, 1.734723475976807100E-015 ) ) ;
#3104 = CARTESIAN_POINT ( 'NONE',  ( -9.064742275298811100E-017, -0.7401923788646683800, -1.449999999999996800 ) ) ;
#3105 = CARTESIAN_POINT ( 'NONE',  ( 0.4273502691896261500, 0.7401923788646681500, -0.08333333333333023400 ) ) ;
#3106 = CARTESIAN_POINT ( 'NONE',  ( -1.224646799147354200E-016, -1.000000000000000700, -0.8999999999999671600 ) ) ;
#3107 = LINE ( 'NONE', #584, #1034 ) ;
#3108 =( BOUNDED_CURVE ( )  B_SPLINE_CURVE ( 2, ( #2195, #1709, #266, #2000, #1974, #256, #3178 ),
 .UNSPECIFIED., .F., .T. ) 
 B_SPLINE_CURVE_WITH_KNOTS ( ( 3, 2, 2, 3 ),
 ( 0.4285714285714286000, 0.4404761904761904700, 0.4523809523809524400, 0.4642857142857143000 ),
 .UNSPECIFIED. ) 
 CURVE ( )  GEOMETRIC_REPRESENTATION_ITEM ( )  RATIONAL_B_SPLINE_CURVE ( ( 1.000000000000000000, 0.8660254037844387100, 1.000000000000000000, 0.8660254037844387100, 1.000000000000000000, 0.8660254037844387100, 1.000000000000000000 ) ) 
 REPRESENTATION_ITEM ( '' )  );
#3109 = CARTESIAN_POINT ( 'NONE',  ( -0.4594715224599793000, -0.6162585482852435100, -3.478556998260582800 ) ) ;
#3110 = CARTESIAN_POINT ( 'NONE',  ( -0.6410254037844385100, 0.3700961894323343000, 1.166666666666668300 ) ) ;
#3111 = CARTESIAN_POINT ( 'NONE',  ( -0.6410254037844386200, -0.3700961894323340200, -0.3166666666666634300 ) ) ;
#3112 = CARTESIAN_POINT ( 'NONE',  ( -9.064742275298811100E-017, -0.7401923788646683800, -0.2499999999999967500 ) ) ;
#3113 = CARTESIAN_POINT ( 'NONE',  ( -1.224646799147354200E-016, -1.000000000000000700, 0.7000000000000331500 ) ) ;
#3114 = EDGE_CURVE ( 'NONE', #2371, #1177, #837, .T. ) ;
#3115 = CARTESIAN_POINT ( 'NONE',  ( 0.0000000000000000000, 1.000000000000000700, 0.9499999999999708700 ) ) ;
#3116 = CARTESIAN_POINT ( 'NONE',  ( -1.224646799147354200E-016, -1.000000000000000700, -0.05000000000002961100 ) ) ;
#3117 = B_SPLINE_CURVE_WITH_KNOTS ( 'NONE', 3,
 ( #1895, #1666, #1143, #2617, #2389, #674 ),
 .UNSPECIFIED., .F., .F.,
 ( 4, 2, 4 ),
 ( 0.0006403297137194861000, 0.001082434676359979500, 0.001524539639000472900 ),
 .UNSPECIFIED. ) ;
#3118 = CARTESIAN_POINT ( 'NONE',  ( 0.0000000000000000000, 0.7401923788646683800, 0.7000000000000018400 ) ) ;
#3119 = CARTESIAN_POINT ( 'NONE',  ( -0.4273502691896259900, -0.7401923788646680400, 1.316666666666670000 ) ) ;
#3120 = CARTESIAN_POINT ( 'NONE',  ( 0.4273502691896261500, 0.7401923788646681500, 1.116666666666670200 ) ) ;
#3121 = EDGE_CURVE ( 'NONE', #10, #2294, #398, .T. ) ;
#3122 = CARTESIAN_POINT ( 'NONE',  ( 0.0000000000000000000, 1.000000000000000700, -2.650000000000029700 ) ) ;
#3123 = LINE ( 'NONE', #2097, #2100 ) ;
#3124 = FACE_OUTER_BOUND ( 'NONE', #2329, .T. ) ;
#3125 = ORIENTED_EDGE ( 'NONE', *, *, #2295, .T. ) ;
#3126 = DIRECTION ( 'NONE',  ( -0.0000000000000000000, 7.509974297776586600E-057, -1.000000000000000000 ) ) ;
#3127 = DIRECTION ( 'NONE',  ( 0.0000000000000000000, -7.509974297776586600E-057, 1.000000000000000000 ) ) ;
#3128 = VERTEX_POINT ( 'NONE', #1264 ) ;
#3129 = CARTESIAN_POINT ( 'NONE',  ( 0.4273502691896261500, 0.7401923788646681500, -2.883333333333330200 ) ) ;
#3130 = EDGE_LOOP ( 'NONE', ( #1875, #2179, #365, #181 ) ) ;
#3131 = CARTESIAN_POINT ( 'NONE',  ( -1.460909258808084300E-013, -0.9937822173508676900, -3.246410161513798400 ) ) ;
#3132 = CARTESIAN_POINT ( 'NONE',  ( 0.4273502691896254900, -0.7401923788646686000, 1.383333333333336200 ) ) ;
#3133 = CARTESIAN_POINT ( 'NONE',  ( 0.6410254037844388400, 0.3700961894323336300, -0.5666666666666649900 ) ) ;
#3134 = VERTEX_POINT ( 'NONE', #975 ) ;
#3135 = CARTESIAN_POINT ( 'NONE',  ( 0.0000000000000000000, 1.000000000000000700, 0.5000000000000326400 ) ) ;
#3136 = AXIS2_PLACEMENT_3D ( 'NONE', #663, #947, #179 ) ;
#3137 = CARTESIAN_POINT ( 'NONE',  ( 0.0000000000000000000, 0.7401923788646683800, -3.649999999999996800 ) ) ;
#3138 = CARTESIAN_POINT ( 'NONE',  ( 0.5773502691896257300, -1.000000000000001100, -0.01666666666669604600 ) ) ;
#3139 = CARTESIAN_POINT ( 'NONE',  ( 0.4273502691896254900, -0.7401923788646686000, -2.616666666666664000 ) ) ;
#3140 = B_SPLINE_CURVE_WITH_KNOTS ( 'NONE', 3,
 ( #1591, #3087, #2831, #3076, #1121, #618 ),
 .UNSPECIFIED., .F., .F.,
 ( 4, 2, 4 ),
 ( 3.909146525865938400E-019, 0.0003784838001419910100, 0.0007569676002839816900 ),
 .UNSPECIFIED. ) ;
#3141 = PERSON_AND_ORGANIZATION ( #666, #1487 ) ;
#3142 = CARTESIAN_POINT ( 'NONE',  ( -9.823663185709716600E-016, -0.8660254037844323800, 2.499999999999999600 ) ) ;
#3143 = CARTESIAN_POINT ( 'NONE',  ( 0.6410254037844388400, 0.3700961894323336300, 0.6833333333333361200 ) ) ;
#3144 = CARTESIAN_POINT ( 'NONE',  ( 0.0000000000000000000, 0.7401923788646683800, -0.09999999999999809000 ) ) ;
#3145 = CONICAL_SURFACE ( 'NONE', #1069, 1.899999999999999900, 0.7853981633974516100 ) ;
#3146 = AXIS2_PLACEMENT_3D ( 'NONE', #3158, #686, #2407 ) ;
#3147 = CARTESIAN_POINT ( 'NONE',  ( 0.6410254037844388400, 0.3700961894323336300, 1.083333333333336400 ) ) ;
#3148 = ADVANCED_BREP_SHAPE_REPRESENTATION ( '91290A012_Alloy Steel Socket Head Screw', ( #2491, #1385 ), #348 ) ;
#3149 = CARTESIAN_POINT ( 'NONE',  ( -1.154700538379252600, 7.070501591499384000E-017, -2.999999999999967600 ) ) ;
#3150 = DIRECTION ( 'NONE',  ( -0.0000000000000000000, 7.509974297776586600E-057, -1.000000000000000000 ) ) ;
#3151 = DIRECTION ( 'NONE',  ( 0.0000000000000000000, 1.000000000000000000, 0.0000000000000000000 ) ) ;
#3152 = DIRECTION ( 'NONE',  ( 0.8660254037844387100, 0.4999999999999998900, 3.754987148888292100E-057 ) ) ;
#3154 = CARTESIAN_POINT ( 'NONE',  ( -0.6410254037844385100, 0.3700961894323343000, 1.566666666666668400 ) ) ;
#3153 = DESIGN_CONTEXT ( 'detailed design', #2803, 'design' ) ;
#3155 = CARTESIAN_POINT ( 'NONE',  ( 1.154700538379252600, -2.121150477449814600E-016, -0.3500000000000294500 ) ) ;
#3156 = CARTESIAN_POINT ( 'NONE',  ( 2.265596578422603100E-016, 1.800000000000000000, 1.499999999999999600 ) ) ;
#3157 = CARTESIAN_POINT ( 'NONE',  ( 0.0000000000000000000, 1.000000000000000700, 0.9000000000000327700 ) ) ;
#3158 = CARTESIAN_POINT ( 'NONE',  ( 0.0000000000000000000, 1.800000000000000000, 1.499999999999999600 ) ) ;
#3159 = VECTOR ( 'NONE', #1698, 1000.000000000000000 ) ;
#3160 = ORIENTED_EDGE ( 'NONE', *, *, #716, .F. ) ;
#3161 =( BOUNDED_CURVE ( )  B_SPLINE_CURVE ( 2, ( #2123, #1600, #838, #135, #1861, #1085, #1360 ),
 .UNSPECIFIED., .F., .T. ) 
 B_SPLINE_CURVE_WITH_KNOTS ( ( 3, 2, 2, 3 ),
 ( 0.1428571428571429000, 0.1547619047619047700, 0.1666666666666666300, 0.1785714285714286000 ),
 .UNSPECIFIED. ) 
 CURVE ( )  GEOMETRIC_REPRESENTATION_ITEM ( )  RATIONAL_B_SPLINE_CURVE ( ( 1.000000000000000000, 0.8660254037844387100, 1.000000000000000000, 0.8660254037844387100, 1.000000000000000000, 0.8660254037844387100, 1.000000000000000000 ) ) 
 REPRESENTATION_ITEM ( '' )  );
#3162 = CARTESIAN_POINT ( 'NONE',  ( -0.8847754037844384200, 0.5108253175473055400, -2.195833333333364800 ) ) ;
#3163 = EDGE_LOOP ( 'NONE', ( #2521, #1184, #2594, #2730 ) ) ;
#3164 = VECTOR ( 'NONE', #99, 1000.000000000000000 ) ;
#3165 = CARTESIAN_POINT ( 'NONE',  ( -1.224646799147354200E-016, -1.000000000000000700, -0.4500000000000293800 ) ) ;
#3166 = CARTESIAN_POINT ( 'NONE',  ( 0.5773502691896257300, -1.000000000000001100, 0.7833333333333043500 ) ) ;
#3167 = EDGE_CURVE ( 'NONE', #559, #2638, #1116, .T. ) ;
#3168 = CARTESIAN_POINT ( 'NONE',  ( 0.0000000000000000000, 5.256982008443607300E-056, -3.499999999999997800 ) ) ;
#3169 = EDGE_LOOP ( 'NONE', ( #169, #660, #2025, #2365 ) ) ;
#3170 = CARTESIAN_POINT ( 'NONE',  ( -0.8547005383792514200, 5.233531392778349000E-017, -3.149999999999996800 ) ) ;
#3171 = ORIENTED_EDGE ( 'NONE', *, *, #1362, .T. ) ;
#3172 = VERTEX_POINT ( 'NONE', #2965 ) ;
#3173 = CARTESIAN_POINT ( 'NONE',  ( 0.5898502691896252400, -1.021650635094611100, -3.254166666666631800 ) ) ;
#3174 = CARTESIAN_POINT ( 'NONE',  ( -1.251161180115475900E-016, -1.021650635094610800, -2.062500000000031500 ) ) ;
#3175 = EDGE_CURVE ( 'NONE', #3055, #2250, #585, .T. ) ;
#3176 = CARTESIAN_POINT ( 'NONE',  ( 0.5773502691896257300, -1.000000000000001100, -2.416666666666695800 ) ) ;
#3177 = CARTESIAN_POINT ( 'NONE',  ( -1.154700538379252600, 7.070501591499384000E-017, -1.799999999999967200 ) ) ;
#3178 = CARTESIAN_POINT ( 'NONE',  ( 0.0000000000000000000, 1.000000000000000700, -1.050000000000029600 ) ) ;
#3179 = AXIS2_PLACEMENT_3D ( 'NONE', #2451, #466, #2915 ) ;
#3180 = CYLINDRICAL_SURFACE ( 'NONE', #2085, 1.000000000000000700 ) ;
#3181 = CARTESIAN_POINT ( 'NONE',  ( 0.0000000000000000000, 0.7401923788646683800, -1.649999999999997000 ) ) ;
#3182 = CARTESIAN_POINT ( 'NONE',  ( 0.1134983245593989700, -0.7907367405984602200, 1.279181800855658600 ) ) ;
#3183 = CARTESIAN_POINT ( 'NONE',  ( -1.251161180115475900E-016, -1.021650635094610800, -2.887499999999965500 ) ) ;
#3184 = CARTESIAN_POINT ( 'NONE',  ( -0.5898502691896260200, -1.021650635094610600, -3.695833333333364800 ) ) ;
#3185 = EDGE_CURVE ( 'NONE', #2288, #52, #3108, .T. ) ;
#3186 = CARTESIAN_POINT ( 'NONE',  ( -0.6314821731370053900, -0.5014390011353344600, 3.372451086626320600 ) ) ;
ENDSEC;
END-ISO-10303-21;
